timestamp_utc,session_id,sequence,event,category,elapsed_s,sample_index,id11_raw,id12_raw,id13_raw,id14_raw,id15_raw,id11_deg,id12_deg,id13_deg,id14_deg,id15_deg,q1_deg,q2_deg,q3_deg,q4_deg,physical_x_mm,physical_y_mm,physical_z_mm,internal_x_mm,internal_y_mm,internal_z_mm,target_x_mm,target_y_mm,target_z_mm,position_error_mm,values_json
2026-09-10T11:04:23.989Z,20260910T110324.000Z-1a3fdf2b,8,point_phase_measured,telemetry,59.9766625000002,1,732,2039,-59,1082,,64.336,179.209,354.814,95.098,,-104.150328125,-0.6152187499999968,-1.0551406249999786,95.09800000000001,-36.445898189026195,144.55966024083503,49.9487101756057,-36.445898189026195,-144.55966024083503,49.9487101756057,-35.0,145.0,50.0,1.5123330726454056,"{""elapsed_s"":59.9766625000002,""sample_index"":1,""id11_raw"":732,""id12_raw"":2039,""id13_raw"":-59,""id14_raw"":1082,""id11_deg"":64.336,""id12_deg"":179.209,""id13_deg"":354.814,""id14_deg"":95.098,""q1_deg"":-104.150328125,""q2_deg"":-0.6152187499999968,""q3_deg"":-1.0551406249999786,""q4_deg"":95.09800000000001,""physical_x_mm"":-36.445898189026195,""physical_y_mm"":144.55966024083503,""physical_z_mm"":49.9487101756057,""internal_x_mm"":-36.445898189026195,""internal_y_mm"":-144.55966024083503,""internal_z_mm"":49.9487101756057,""position_error_mm"":1.5123330726454056,""robot_timestamp_utc"":""2026-09-10T11:04:23.988+00:00"",""extra"":{""point"":""P01"",""phase"":""APPROACH""},""target_x_mm"":-35.0,""target_y_mm"":145.0,""target_z_mm"":50.0}"
2026-09-10T11:04:26.013Z,20260910T110324.000Z-1a3fdf2b,11,point_phase_measured,telemetry,62.0015798000004,2,736,2214,-14,965,,64.688,194.59,358.77,84.814,,-103.798328125,14.765781250000003,2.900859374999982,84.81399999999996,-36.17786400252325,147.3084338611893,1.574972514067639,-36.17786400252325,-147.3084338611893,1.574972514067639,-35.0,145.0,0.0,3.03261750308111,"{""elapsed_s"":62.0015798000004,""sample_index"":2,""id11_raw"":736,""id12_raw"":2214,""id13_raw"":-14,""id14_raw"":965,""id11_deg"":64.688,""id12_deg"":194.59,""id13_deg"":358.77,""id14_deg"":84.814,""q1_deg"":-103.798328125,""q2_deg"":14.765781250000003,""q3_deg"":2.900859374999982,""q4_deg"":84.81399999999996,""physical_x_mm"":-36.17786400252325,""physical_y_mm"":147.3084338611893,""physical_z_mm"":1.574972514067639,""internal_x_mm"":-36.17786400252325,""internal_y_mm"":-147.3084338611893,""internal_z_mm"":1.574972514067639,""position_error_mm"":3.03261750308111,""robot_timestamp_utc"":""2026-09-10T11:04:26.013+00:00"",""extra"":{""point"":""P01"",""phase"":""TOUCH""},""target_x_mm"":-35.0,""target_y_mm"":145.0,""target_z_mm"":0.0}"
2026-09-10T11:04:27.725Z,20260910T110324.000Z-1a3fdf2b,14,point_phase_measured,telemetry,63.712709400000676,3,738,2101,-126,1140,,64.863,184.658,348.926,100.195,,-103.623328125,4.833781249999987,-6.943140625000012,100.195,-34.929067034420335,144.12268322351522,49.464088514675325,-34.929067034420335,-144.12268322351522,49.464088514675325,-35.0,145.0,50.0,1.0304937321548653,"{""elapsed_s"":63.712709400000676,""sample_index"":3,""id11_raw"":738,""id12_raw"":2101,""id13_raw"":-126,""id14_raw"":1140,""id11_deg"":64.863,""id12_deg"":184.658,""id13_deg"":348.926,""id14_deg"":100.195,""q1_deg"":-103.623328125,""q2_deg"":4.833781249999987,""q3_deg"":-6.943140625000012,""q4_deg"":100.195,""physical_x_mm"":-34.929067034420335,""physical_y_mm"":144.12268322351522,""physical_z_mm"":49.464088514675325,""internal_x_mm"":-34.929067034420335,""internal_y_mm"":-144.12268322351522,""internal_z_mm"":49.464088514675325,""position_error_mm"":1.0304937321548653,""robot_timestamp_utc"":""2026-09-10T11:04:27.724+00:00"",""extra"":{""point"":""P01"",""phase"":""RETRACT""},""target_x_mm"":-35.0,""target_y_mm"":145.0,""target_z_mm"":50.0}"
2026-09-10T11:04:32.261Z,20260910T110324.000Z-1a3fdf2b,17,point_return_work_measured,telemetry,68.24939280000035,4,1924,2045,-47,942,,169.102,179.736,355.869,82.793,,0.6156718750000039,-0.08821875000001,-0.00014062499997180566,82.793,179.94475609436753,-1.933671040923767,47.312748475876305,179.94475609436753,1.933671040923767,47.312748475876305,179.66816315130788,0.0,47.02348315303158,1.9746548502606904,"{""elapsed_s"":68.24939280000035,""sample_index"":4,""id11_raw"":1924,""id12_raw"":2045,""id13_raw"":-47,""id14_raw"":942,""id11_deg"":169.102,""id12_deg"":179.736,""id13_deg"":355.869,""id14_deg"":82.793,""q1_deg"":0.6156718750000039,""q2_deg"":-0.08821875000001,""q3_deg"":-0.00014062499997180566,""q4_deg"":82.793,""physical_x_mm"":179.94475609436753,""physical_y_mm"":-1.933671040923767,""physical_z_mm"":47.312748475876305,""internal_x_mm"":179.94475609436753,""internal_y_mm"":1.933671040923767,""internal_z_mm"":47.312748475876305,""position_error_mm"":1.9746548502606904,""robot_timestamp_utc"":""2026-09-10T11:04:32.261+00:00"",""extra"":{""point"":""P01"",""phase"":""RETURN_WORK""},""target_x_mm"":179.66816315130788,""target_y_mm"":0.0,""target_z_mm"":47.02348315303158}"
2026-09-10T11:04:34.771Z,20260910T110324.000Z-1a3fdf2b,21,point_phase_measured,telemetry,70.75898280000001,5,1402,2066,-68,852,,123.223,181.582,354.023,74.883,,-45.26332812499999,1.7577812499999936,-1.8461406249999754,74.88299999999998,144.6682495859637,146.00417281733604,50.75058849389657,144.6682495859637,-146.00417281733604,50.75058849389657,146.0,145.0,50.0,1.829017577699122,"{""elapsed_s"":70.75898280000001,""sample_index"":5,""id11_raw"":1402,""id12_raw"":2066,""id13_raw"":-68,""id14_raw"":852,""id11_deg"":123.223,""id12_deg"":181.582,""id13_deg"":354.023,""id14_deg"":74.883,""q1_deg"":-45.26332812499999,""q2_deg"":1.7577812499999936,""q3_deg"":-1.8461406249999754,""q4_deg"":74.88299999999998,""physical_x_mm"":144.6682495859637,""physical_y_mm"":146.00417281733604,""physical_z_mm"":50.75058849389657,""internal_x_mm"":144.6682495859637,""internal_y_mm"":-146.00417281733604,""internal_z_mm"":50.75058849389657,""position_error_mm"":1.829017577699122,""robot_timestamp_utc"":""2026-09-10T11:04:34.771+00:00"",""extra"":{""point"":""P02"",""phase"":""APPROACH""},""target_x_mm"":146.0,""target_y_mm"":145.0,""target_z_mm"":50.0}"
2026-09-10T11:04:36.677Z,20260910T110324.000Z-1a3fdf2b,24,point_phase_measured,telemetry,72.66515380000055,6,1405,2205,-14,737,,123.486,193.799,358.77,64.775,,-45.00032812500001,13.974781250000007,2.900859374999982,64.775,147.01075193394527,147.01243576405085,1.9010203476080676,147.01075193394527,-147.01243576405085,1.9010203476080676,146.0,145.0,0.0,2.947099512813392,"{""elapsed_s"":72.66515380000055,""sample_index"":6,""id11_raw"":1405,""id12_raw"":2205,""id13_raw"":-14,""id14_raw"":737,""id11_deg"":123.486,""id12_deg"":193.799,""id13_deg"":358.77,""id14_deg"":64.775,""q1_deg"":-45.00032812500001,""q2_deg"":13.974781250000007,""q3_deg"":2.900859374999982,""q4_deg"":64.775,""physical_x_mm"":147.01075193394527,""physical_y_mm"":147.01243576405085,""physical_z_mm"":1.9010203476080676,""internal_x_mm"":147.01075193394527,""internal_y_mm"":-147.01243576405085,""internal_z_mm"":1.9010203476080676,""position_error_mm"":2.947099512813392,""robot_timestamp_utc"":""2026-09-10T11:04:36.677+00:00"",""extra"":{""point"":""P02"",""phase"":""TOUCH""},""target_x_mm"":146.0,""target_y_mm"":145.0,""target_z_mm"":0.0}"
2026-09-10T11:04:38.301Z,20260910T110324.000Z-1a3fdf2b,27,point_phase_measured,telemetry,74.28871190000064,7,1406,2074,-69,853,,123.574,182.285,353.936,74.971,,-44.91232812499999,2.4607812499999966,-1.9331406250000214,74.971,145.325342717809,144.8812789711509,48.56551555613228,145.325342717809,-144.8812789711509,48.56551555613228,146.0,145.0,50.0,1.5896549156350885,"{""elapsed_s"":74.28871190000064,""sample_index"":7,""id11_raw"":1406,""id12_raw"":2074,""id13_raw"":-69,""id14_raw"":853,""id11_deg"":123.574,""id12_deg"":182.285,""id13_deg"":353.936,""id14_deg"":74.971,""q1_deg"":-44.91232812499999,""q2_deg"":2.4607812499999966,""q3_deg"":-1.9331406250000214,""q4_deg"":74.971,""physical_x_mm"":145.325342717809,""physical_y_mm"":144.8812789711509,""physical_z_mm"":48.56551555613228,""internal_x_mm"":145.325342717809,""internal_y_mm"":-144.8812789711509,""internal_z_mm"":48.56551555613228,""position_error_mm"":1.5896549156350885,""robot_timestamp_utc"":""2026-09-10T11:04:38.300+00:00"",""extra"":{""point"":""P02"",""phase"":""RETRACT""},""target_x_mm"":146.0,""target_y_mm"":145.0,""target_z_mm"":50.0}"
2026-09-10T11:04:40.649Z,20260910T110324.000Z-1a3fdf2b,30,point_return_work_measured,telemetry,76.63761350000004,8,1923,2049,-50,943,,169.014,180.088,355.605,82.881,,0.52767187500001,0.26378124999999386,-0.2641406249999818,82.88099999999997,180.25015651753023,-1.6600808649637464,46.91248746025215,180.25015651753023,1.6600808649637464,46.91248746025215,179.66816315130788,0.0,47.02348315303158,1.7626414270523618,"{""elapsed_s"":76.63761350000004,""sample_index"":8,""id11_raw"":1923,""id12_raw"":2049,""id13_raw"":-50,""id14_raw"":943,""id11_deg"":169.014,""id12_deg"":180.088,""id13_deg"":355.605,""id14_deg"":82.881,""q1_deg"":0.52767187500001,""q2_deg"":0.26378124999999386,""q3_deg"":-0.2641406249999818,""q4_deg"":82.88099999999997,""physical_x_mm"":180.25015651753023,""physical_y_mm"":-1.6600808649637464,""physical_z_mm"":46.91248746025215,""internal_x_mm"":180.25015651753023,""internal_y_mm"":1.6600808649637464,""internal_z_mm"":46.91248746025215,""position_error_mm"":1.7626414270523618,""robot_timestamp_utc"":""2026-09-10T11:04:40.649+00:00"",""extra"":{""point"":""P02"",""phase"":""RETURN_WORK""},""target_x_mm"":179.66816315130788,""target_y_mm"":0.0,""target_z_mm"":47.02348315303158}"
2026-09-10T11:04:42.753Z,20260910T110324.000Z-1a3fdf2b,34,point_phase_measured,telemetry,78.74139780000041,9,1580,2276,-227,565,,138.867,200.039,340.049,49.658,,-29.61932812500001,20.214781249999987,-15.820140625000022,49.658000000000015,256.9297948026957,146.0711025601209,50.34449313668986,256.9297948026957,-146.0711025601209,50.34449313668986,257.0,145.0,50.0,1.1273264767814526,"{""elapsed_s"":78.74139780000041,""sample_index"":9,""id11_raw"":1580,""id12_raw"":2276,""id13_raw"":-227,""id14_raw"":565,""id11_deg"":138.867,""id12_deg"":200.039,""id13_deg"":340.049,""id14_deg"":49.658,""q1_deg"":-29.61932812500001,""q2_deg"":20.214781249999987,""q3_deg"":-15.820140625000022,""q4_deg"":49.658000000000015,""physical_x_mm"":256.9297948026957,""physical_y_mm"":146.0711025601209,""physical_z_mm"":50.34449313668986,""internal_x_mm"":256.9297948026957,""internal_y_mm"":-146.0711025601209,""internal_z_mm"":50.34449313668986,""position_error_mm"":1.1273264767814526,""robot_timestamp_utc"":""2026-09-10T11:04:42.753+00:00"",""extra"":{""point"":""P03"",""phase"":""APPROACH""},""target_x_mm"":257.0,""target_y_mm"":145.0,""target_z_mm"":50.0}"
2026-09-10T11:04:45.218Z,20260910T110324.000Z-1a3fdf2b,37,point_phase_measured,telemetry,81.20642810000027,10,1581,2398,-228,508,,138.955,210.762,339.961,44.648,,-29.531328124999987,30.93778125,-15.908140624999987,44.647999999999996,259.52177688853885,147.01773809307892,4.805235048010161,259.52177688853885,-147.01773809307892,4.805235048010161,257.0,145.0,0.0,5.789724480012469,"{""elapsed_s"":81.20642810000027,""sample_index"":10,""id11_raw"":1581,""id12_raw"":2398,""id13_raw"":-228,""id14_raw"":508,""id11_deg"":138.955,""id12_deg"":210.762,""id13_deg"":339.961,""id14_deg"":44.648,""q1_deg"":-29.531328124999987,""q2_deg"":30.93778125,""q3_deg"":-15.908140624999987,""q4_deg"":44.647999999999996,""physical_x_mm"":259.52177688853885,""physical_y_mm"":147.01773809307892,""physical_z_mm"":4.805235048010161,""internal_x_mm"":259.52177688853885,""internal_y_mm"":-147.01773809307892,""internal_z_mm"":4.805235048010161,""position_error_mm"":5.789724480012469,""robot_timestamp_utc"":""2026-09-10T11:04:45.218+00:00"",""extra"":{""point"":""P03"",""phase"":""TOUCH""},""target_x_mm"":257.0,""target_y_mm"":145.0,""target_z_mm"":0.0}"
2026-09-10T11:04:48.534Z,20260910T110324.000Z-1a3fdf2b,42,point_phase_measured,telemetry,84.52250060000006,11,1582,2275,-229,569,,139.043,199.951,339.873,50.01,,-29.443328124999994,20.126781249999993,-15.99614062500001,50.00999999999999,257.0926939216136,145.12054322576483,50.873715864457836,257.0926939216136,-145.12054322576483,50.873715864457836,257.0,145.0,50.0,0.886849617571775,"{""elapsed_s"":84.52250060000006,""sample_index"":11,""id11_raw"":1582,""id12_raw"":2275,""id13_raw"":-229,""id14_raw"":569,""id11_deg"":139.043,""id12_deg"":199.951,""id13_deg"":339.873,""id14_deg"":50.01,""q1_deg"":-29.443328124999994,""q2_deg"":20.126781249999993,""q3_deg"":-15.99614062500001,""q4_deg"":50.00999999999999,""physical_x_mm"":257.0926939216136,""physical_y_mm"":145.12054322576483,""physical_z_mm"":50.873715864457836,""internal_x_mm"":257.0926939216136,""internal_y_mm"":-145.12054322576483,""internal_z_mm"":50.873715864457836,""position_error_mm"":0.886849617571775,""robot_timestamp_utc"":""2026-09-10T11:04:48.534+00:00"",""extra"":{""point"":""P03"",""phase"":""RETRACT""},""target_x_mm"":257.0,""target_y_mm"":145.0,""target_z_mm"":50.0}"
2026-09-10T11:04:50.614Z,20260910T110324.000Z-1a3fdf2b,45,point_return_work_measured,telemetry,86.60244300000068,12,1922,2039,-45,947,,168.926,179.209,356.045,83.232,,0.4396718749999877,-0.6152187499999968,0.17585937500001592,83.23199999999997,178.525936337827,-1.369985269054423,48.255127310937354,178.525936337827,1.369985269054423,48.255127310937354,179.66816315130788,0.0,47.02348315303158,2.1675998391225773,"{""elapsed_s"":86.60244300000068,""sample_index"":12,""id11_raw"":1922,""id12_raw"":2039,""id13_raw"":-45,""id14_raw"":947,""id11_deg"":168.926,""id12_deg"":179.209,""id13_deg"":356.045,""id14_deg"":83.232,""q1_deg"":0.4396718749999877,""q2_deg"":-0.6152187499999968,""q3_deg"":0.17585937500001592,""q4_deg"":83.23199999999997,""physical_x_mm"":178.525936337827,""physical_y_mm"":-1.369985269054423,""physical_z_mm"":48.255127310937354,""internal_x_mm"":178.525936337827,""internal_y_mm"":1.369985269054423,""internal_z_mm"":48.255127310937354,""position_error_mm"":2.1675998391225773,""robot_timestamp_utc"":""2026-09-10T11:04:50.614+00:00"",""extra"":{""point"":""P03"",""phase"":""RETURN_WORK""},""target_x_mm"":179.66816315130788,""target_y_mm"":0.0,""target_z_mm"":47.02348315303158}"
2026-09-10T11:04:52.544Z,20260910T110324.000Z-1a3fdf2b,49,point_phase_measured,telemetry,88.53166430000056,13,1919,2170,-136,682,,168.662,190.723,348.047,59.941,,0.17567187500000614,10.898781250000013,-7.8221406249999745,59.941,255.59347095065414,-0.7836654874133101,49.573237619740155,255.59347095065414,0.7836654874133101,49.573237619740155,257.0,0.0,50.0,1.6657075649769881,"{""elapsed_s"":88.53166430000056,""sample_index"":13,""id11_raw"":1919,""id12_raw"":2170,""id13_raw"":-136,""id14_raw"":682,""id11_deg"":168.662,""id12_deg"":190.723,""id13_deg"":348.047,""id14_deg"":59.941,""q1_deg"":0.17567187500000614,""q2_deg"":10.898781250000013,""q3_deg"":-7.8221406249999745,""q4_deg"":59.941,""physical_x_mm"":255.59347095065414,""physical_y_mm"":-0.7836654874133101,""physical_z_mm"":49.573237619740155,""internal_x_mm"":255.59347095065414,""internal_y_mm"":0.7836654874133101,""internal_z_mm"":49.573237619740155,""position_error_mm"":1.6657075649769881,""robot_timestamp_utc"":""2026-09-10T11:04:52.543+00:00"",""extra"":{""point"":""P04"",""phase"":""APPROACH""},""target_x_mm"":257.0,""target_y_mm"":0.0,""target_z_mm"":50.0}"
2026-09-10T11:04:54.487Z,20260910T110324.000Z-1a3fdf2b,52,point_phase_measured,telemetry,90.47510890000012,14,1918,2313,-143,624,,168.574,203.291,347.432,54.844,,0.08767187500001228,23.466781249999997,-8.437140624999984,54.843999999999994,259.35203457214385,-0.3968511659218751,3.191375020223404,259.35203457214385,0.3968511659218751,3.191375020223404,257.0,0.0,0.0,3.9842730825282784,"{""elapsed_s"":90.47510890000012,""sample_index"":14,""id11_raw"":1918,""id12_raw"":2313,""id13_raw"":-143,""id14_raw"":624,""id11_deg"":168.574,""id12_deg"":203.291,""id13_deg"":347.432,""id14_deg"":54.844,""q1_deg"":0.08767187500001228,""q2_deg"":23.466781249999997,""q3_deg"":-8.437140624999984,""q4_deg"":54.843999999999994,""physical_x_mm"":259.35203457214385,""physical_y_mm"":-0.3968511659218751,""physical_z_mm"":3.191375020223404,""internal_x_mm"":259.35203457214385,""internal_y_mm"":0.3968511659218751,""internal_z_mm"":3.191375020223404,""position_error_mm"":3.9842730825282784,""robot_timestamp_utc"":""2026-09-10T11:04:54.487+00:00"",""extra"":{""point"":""P04"",""phase"":""TOUCH""},""target_x_mm"":257.0,""target_y_mm"":0.0,""target_z_mm"":0.0}"
2026-09-10T11:04:56.131Z,20260910T110324.000Z-1a3fdf2b,55,point_phase_measured,telemetry,92.11914890000025,15,1917,2183,-145,683,,168.486,191.865,347.256,60.029,,-0.00032812500001000444,12.040781250000009,-8.613140625000028,60.028999999999996,256.87101921606325,0.0014710647782445669,47.291171597091136,256.87101921606325,-0.0014710647782445669,47.291171597091136,257.0,0.0,50.0,2.7118977714991965,"{""elapsed_s"":92.11914890000025,""sample_index"":15,""id11_raw"":1917,""id12_raw"":2183,""id13_raw"":-145,""id14_raw"":683,""id11_deg"":168.486,""id12_deg"":191.865,""id13_deg"":347.256,""id14_deg"":60.029,""q1_deg"":-0.00032812500001000444,""q2_deg"":12.040781250000009,""q3_deg"":-8.613140625000028,""q4_deg"":60.028999999999996,""physical_x_mm"":256.87101921606325,""physical_y_mm"":0.0014710647782445669,""physical_z_mm"":47.291171597091136,""internal_x_mm"":256.87101921606325,""internal_y_mm"":-0.0014710647782445669,""internal_z_mm"":47.291171597091136,""position_error_mm"":2.7118977714991965,""robot_timestamp_utc"":""2026-09-10T11:04:56.131+00:00"",""extra"":{""point"":""P04"",""phase"":""RETRACT""},""target_x_mm"":257.0,""target_y_mm"":0.0,""target_z_mm"":50.0}"
2026-09-10T11:04:57.992Z,20260910T110324.000Z-1a3fdf2b,58,point_return_work_measured,telemetry,93.98017390000041,16,1917,2044,-49,945,,168.486,179.648,355.693,83.057,,-0.00032812500001000444,-0.17621875000000387,-0.17614062500001637,83.05700000000002,179.75626950988297,0.0010294392787152163,47.92050231087222,179.75626950988297,-0.0010294392787152163,47.92050231087222,179.66816315130788,0.0,47.02348315303158,0.9013363188620173,"{""elapsed_s"":93.98017390000041,""sample_index"":16,""id11_raw"":1917,""id12_raw"":2044,""id13_raw"":-49,""id14_raw"":945,""id11_deg"":168.486,""id12_deg"":179.648,""id13_deg"":355.693,""id14_deg"":83.057,""q1_deg"":-0.00032812500001000444,""q2_deg"":-0.17621875000000387,""q3_deg"":-0.17614062500001637,""q4_deg"":83.05700000000002,""physical_x_mm"":179.75626950988297,""physical_y_mm"":0.0010294392787152163,""physical_z_mm"":47.92050231087222,""internal_x_mm"":179.75626950988297,""internal_y_mm"":-0.0010294392787152163,""internal_z_mm"":47.92050231087222,""position_error_mm"":0.9013363188620173,""robot_timestamp_utc"":""2026-09-10T11:04:57.992+00:00"",""extra"":{""point"":""P04"",""phase"":""RETURN_WORK""},""target_x_mm"":179.66816315130788,""target_y_mm"":0.0,""target_z_mm"":47.02348315303158}"
2026-09-10T11:05:00.100Z,20260910T110324.000Z-1a3fdf2b,62,point_phase_measured,telemetry,96.08778119999988,17,2256,2276,-225,566,,198.281,200.039,340.225,49.746,,29.794671875000006,20.214781249999987,-15.644140624999977,49.74600000000001,255.94115066342695,-146.54727345154356,49.53685643106684,255.94115066342695,146.54727345154356,49.53685643106684,257.0,-145.0,50.0,1.9312480464344428,"{""elapsed_s"":96.08778119999988,""sample_index"":17,""id11_raw"":2256,""id12_raw"":2276,""id13_raw"":-225,""id14_raw"":566,""id11_deg"":198.281,""id12_deg"":200.039,""id13_deg"":340.225,""id14_deg"":49.746,""q1_deg"":29.794671875000006,""q2_deg"":20.214781249999987,""q3_deg"":-15.644140624999977,""q4_deg"":49.74600000000001,""physical_x_mm"":255.94115066342695,""physical_y_mm"":-146.54727345154356,""physical_z_mm"":49.53685643106684,""internal_x_mm"":255.94115066342695,""internal_y_mm"":146.54727345154356,""internal_z_mm"":49.53685643106684,""position_error_mm"":1.9312480464344428,""robot_timestamp_utc"":""2026-09-10T11:05:00.099+00:00"",""extra"":{""point"":""P05"",""phase"":""APPROACH""},""target_x_mm"":257.0,""target_y_mm"":-145.0,""target_z_mm"":50.0}"
2026-09-10T11:05:02.585Z,20260910T110324.000Z-1a3fdf2b,65,point_phase_measured,telemetry,98.57288310000058,18,2254,2398,-228,508,,198.105,210.762,339.961,44.648,,29.61867187499999,30.93778125,-15.908140624999987,44.647999999999996,259.2973562880892,-147.4131914565227,4.805235048010161,259.2973562880892,147.4131914565227,4.805235048010161,257.0,-145.0,0.0,5.847360326410738,"{""elapsed_s"":98.57288310000058,""sample_index"":18,""id11_raw"":2254,""id12_raw"":2398,""id13_raw"":-228,""id14_raw"":508,""id11_deg"":198.105,""id12_deg"":210.762,""id13_deg"":339.961,""id14_deg"":44.648,""q1_deg"":29.61867187499999,""q2_deg"":30.93778125,""q3_deg"":-15.908140624999987,""q4_deg"":44.647999999999996,""physical_x_mm"":259.2973562880892,""physical_y_mm"":-147.4131914565227,""physical_z_mm"":4.805235048010161,""internal_x_mm"":259.2973562880892,""internal_y_mm"":147.4131914565227,""internal_z_mm"":4.805235048010161,""position_error_mm"":5.847360326410738,""robot_timestamp_utc"":""2026-09-10T11:05:02.585+00:00"",""extra"":{""point"":""P05"",""phase"":""TOUCH""},""target_x_mm"":257.0,""target_y_mm"":-145.0,""target_z_mm"":0.0}"
2026-09-10T11:05:05.856Z,20260910T110324.000Z-1a3fdf2b,70,point_phase_measured,telemetry,101.84412359999988,19,2252,2276,-229,570,,197.93,200.039,339.873,50.098,,29.443671875000007,20.214781249999987,-15.99614062500001,50.09800000000001,256.8849404738532,-145.00530536617597,50.29641679475907,256.8849404738532,145.00530536617597,50.29641679475907,257.0,-145.0,50.0,0.31800905283125,"{""elapsed_s"":101.84412359999988,""sample_index"":19,""id11_raw"":2252,""id12_raw"":2276,""id13_raw"":-229,""id14_raw"":570,""id11_deg"":197.93,""id12_deg"":200.039,""id13_deg"":339.873,""id14_deg"":50.098,""q1_deg"":29.443671875000007,""q2_deg"":20.214781249999987,""q3_deg"":-15.99614062500001,""q4_deg"":50.09800000000001,""physical_x_mm"":256.8849404738532,""physical_y_mm"":-145.00530536617597,""physical_z_mm"":50.29641679475907,""internal_x_mm"":256.8849404738532,""internal_y_mm"":145.00530536617597,""internal_z_mm"":50.29641679475907,""position_error_mm"":0.31800905283125,""robot_timestamp_utc"":""2026-09-10T11:05:05.856+00:00"",""extra"":{""point"":""P05"",""phase"":""RETRACT""},""target_x_mm"":257.0,""target_y_mm"":-145.0,""target_z_mm"":50.0}"
2026-09-10T11:05:07.944Z,20260910T110324.000Z-1a3fdf2b,73,point_return_work_measured,telemetry,103.93204090000017,20,1913,2039,-46,947,,168.135,179.209,355.957,83.232,,-0.3513281250000091,-0.6152187499999968,0.08785937499999363,83.23199999999997,178.76802150038523,1.0961893093621218,48.476337033155176,178.76802150038523,-1.0961893093621218,48.476337033155176,179.66816315130788,0.0,47.02348315303158,2.0304360099928664,"{""elapsed_s"":103.93204090000017,""sample_index"":20,""id11_raw"":1913,""id12_raw"":2039,""id13_raw"":-46,""id14_raw"":947,""id11_deg"":168.135,""id12_deg"":179.209,""id13_deg"":355.957,""id14_deg"":83.232,""q1_deg"":-0.3513281250000091,""q2_deg"":-0.6152187499999968,""q3_deg"":0.08785937499999363,""q4_deg"":83.23199999999997,""physical_x_mm"":178.76802150038523,""physical_y_mm"":1.0961893093621218,""physical_z_mm"":48.476337033155176,""internal_x_mm"":178.76802150038523,""internal_y_mm"":-1.0961893093621218,""internal_z_mm"":48.476337033155176,""position_error_mm"":2.0304360099928664,""robot_timestamp_utc"":""2026-09-10T11:05:07.944+00:00"",""extra"":{""point"":""P05"",""phase"":""RETURN_WORK""},""target_x_mm"":179.66816315130788,""target_y_mm"":0.0,""target_z_mm"":47.02348315303158}"
2026-09-10T11:05:10.503Z,20260910T110324.000Z-1a3fdf2b,77,point_phase_measured,telemetry,106.49099250000017,21,2432,2065,-66,854,,213.75,181.494,354.199,75.059,,45.263671875,1.6697812499999998,-1.6701406249999877,75.059,144.03297442298316,-145.3647755903018,50.412700457998824,144.03297442298316,145.3647755903018,50.412700457998824,146.0,-145.0,50.0,2.042687572770468,"{""elapsed_s"":106.49099250000017,""sample_index"":21,""id11_raw"":2432,""id12_raw"":2065,""id13_raw"":-66,""id14_raw"":854,""id11_deg"":213.75,""id12_deg"":181.494,""id13_deg"":354.199,""id14_deg"":75.059,""q1_deg"":45.263671875,""q2_deg"":1.6697812499999998,""q3_deg"":-1.6701406249999877,""q4_deg"":75.059,""physical_x_mm"":144.03297442298316,""physical_y_mm"":-145.3647755903018,""physical_z_mm"":50.412700457998824,""internal_x_mm"":144.03297442298316,""internal_y_mm"":145.3647755903018,""internal_z_mm"":50.412700457998824,""position_error_mm"":2.042687572770468,""robot_timestamp_utc"":""2026-09-10T11:05:10.503+00:00"",""extra"":{""point"":""P06"",""phase"":""APPROACH""},""target_x_mm"":146.0,""target_y_mm"":-145.0,""target_z_mm"":50.0}"
2026-09-10T11:05:12.395Z,20260910T110324.000Z-1a3fdf2b,80,point_phase_measured,telemetry,108.38271760000043,22,2430,2204,-14,738,,213.574,193.711,358.77,64.863,,45.08767187500001,13.886781250000013,2.900859374999982,64.863,146.6969531692634,-147.1465819902558,2.16641875082027,146.6969531692634,147.1465819902558,2.16641875082027,146.0,-145.0,0.0,3.128406649549024,"{""elapsed_s"":108.38271760000043,""sample_index"":22,""id11_raw"":2430,""id12_raw"":2204,""id13_raw"":-14,""id14_raw"":738,""id11_deg"":213.574,""id12_deg"":193.711,""id13_deg"":358.77,""id14_deg"":64.863,""q1_deg"":45.08767187500001,""q2_deg"":13.886781250000013,""q3_deg"":2.900859374999982,""q4_deg"":64.863,""physical_x_mm"":146.6969531692634,""physical_y_mm"":-147.1465819902558,""physical_z_mm"":2.16641875082027,""internal_x_mm"":146.6969531692634,""internal_y_mm"":147.1465819902558,""internal_z_mm"":2.16641875082027,""position_error_mm"":3.128406649549024,""robot_timestamp_utc"":""2026-09-10T11:05:12.395+00:00"",""extra"":{""point"":""P06"",""phase"":""TOUCH""},""target_x_mm"":146.0,""target_y_mm"":-145.0,""target_z_mm"":0.0}"
2026-09-10T11:05:14.027Z,20260910T110324.000Z-1a3fdf2b,83,point_phase_measured,telemetry,110.01545129999977,23,2428,2076,-68,853,,213.398,182.461,354.023,74.971,,44.911671874999996,2.6367812500000127,-1.8461406249999754,74.971,145.09846488364198,-144.65178074029902,47.72444107668599,145.09846488364198,144.65178074029902,47.72444107668599,146.0,-145.0,50.0,2.472284496640178,"{""elapsed_s"":110.01545129999977,""sample_index"":23,""id11_raw"":2428,""id12_raw"":2076,""id13_raw"":-68,""id14_raw"":853,""id11_deg"":213.398,""id12_deg"":182.461,""id13_deg"":354.023,""id14_deg"":74.971,""q1_deg"":44.911671874999996,""q2_deg"":2.6367812500000127,""q3_deg"":-1.8461406249999754,""q4_deg"":74.971,""physical_x_mm"":145.09846488364198,""physical_y_mm"":-144.65178074029902,""physical_z_mm"":47.72444107668599,""internal_x_mm"":145.09846488364198,""internal_y_mm"":144.65178074029902,""internal_z_mm"":47.72444107668599,""position_error_mm"":2.472284496640178,""robot_timestamp_utc"":""2026-09-10T11:05:14.027+00:00"",""extra"":{""point"":""P06"",""phase"":""RETRACT""},""target_x_mm"":146.0,""target_y_mm"":-145.0,""target_z_mm"":50.0}"
2026-09-10T11:05:16.377Z,20260910T110324.000Z-1a3fdf2b,86,point_return_work_measured,telemetry,112.36478840000018,24,1911,2046,-50,943,,167.959,179.824,355.605,82.881,,-0.5273281249999968,-0.00021874999998772182,-0.2641406249999818,82.88099999999997,180.38470365916484,1.6602377046449115,47.688075088204755,180.38470365916484,-1.6602377046449115,47.688075088204755,179.66816315130788,0.0,47.02348315303158,1.9265258824167784,"{""elapsed_s"":112.36478840000018,""sample_index"":24,""id11_raw"":1911,""id12_raw"":2046,""id13_raw"":-50,""id14_raw"":943,""id11_deg"":167.959,""id12_deg"":179.824,""id13_deg"":355.605,""id14_deg"":82.881,""q1_deg"":-0.5273281249999968,""q2_deg"":-0.00021874999998772182,""q3_deg"":-0.2641406249999818,""q4_deg"":82.88099999999997,""physical_x_mm"":180.38470365916484,""physical_y_mm"":1.6602377046449115,""physical_z_mm"":47.688075088204755,""internal_x_mm"":180.38470365916484,""internal_y_mm"":-1.6602377046449115,""internal_z_mm"":47.688075088204755,""position_error_mm"":1.9265258824167784,""robot_timestamp_utc"":""2026-09-10T11:05:16.377+00:00"",""extra"":{""point"":""P06"",""phase"":""RETURN_WORK""},""target_x_mm"":179.66816315130788,""target_y_mm"":0.0,""target_z_mm"":47.02348315303158}"
2026-09-10T11:05:20.068Z,20260910T110324.000Z-1a3fdf2b,90,point_phase_measured,telemetry,116.05632909999986,25,3104,2038,-56,1082,,272.812,179.121,355.078,95.098,,104.32567187500001,-0.7032187499999907,-0.7911406250000255,95.09800000000001,-36.721588963472044,-143.79531537566197,49.63244541526936,-36.721588963472044,143.79531537566197,49.63244541526936,-35.0,-145.0,50.0,2.1331268072999596,"{""elapsed_s"":116.05632909999986,""sample_index"":25,""id11_raw"":3104,""id12_raw"":2038,""id13_raw"":-56,""id14_raw"":1082,""id11_deg"":272.812,""id12_deg"":179.121,""id13_deg"":355.078,""id14_deg"":95.098,""q1_deg"":104.32567187500001,""q2_deg"":-0.7032187499999907,""q3_deg"":-0.7911406250000255,""q4_deg"":95.09800000000001,""physical_x_mm"":-36.721588963472044,""physical_y_mm"":-143.79531537566197,""physical_z_mm"":49.63244541526936,""internal_x_mm"":-36.721588963472044,""internal_y_mm"":143.79531537566197,""internal_z_mm"":49.63244541526936,""position_error_mm"":2.1331268072999596,""robot_timestamp_utc"":""2026-09-10T11:05:20.068+00:00"",""extra"":{""point"":""P07"",""phase"":""APPROACH""},""target_x_mm"":-35.0,""target_y_mm"":-145.0,""target_z_mm"":50.0}"
2026-09-10T11:05:22.017Z,20260910T110324.000Z-1a3fdf2b,93,point_phase_measured,telemetry,118.00488769999993,26,3099,2215,-13,966,,272.373,194.678,358.857,84.902,,103.88667187499999,14.853781249999997,2.9878593750000277,84.90199999999999,-36.249975759689285,-146.6256123777219,1.287446381470403,-36.249975759689285,146.6256123777219,1.287446381470403,-35.0,-145.0,0.0,2.421275116044161,"{""elapsed_s"":118.00488769999993,""sample_index"":26,""id11_raw"":3099,""id12_raw"":2215,""id13_raw"":-13,""id14_raw"":966,""id11_deg"":272.373,""id12_deg"":194.678,""id13_deg"":358.857,""id14_deg"":84.902,""q1_deg"":103.88667187499999,""q2_deg"":14.853781249999997,""q3_deg"":2.9878593750000277,""q4_deg"":84.90199999999999,""physical_x_mm"":-36.249975759689285,""physical_y_mm"":-146.6256123777219,""physical_z_mm"":1.287446381470403,""internal_x_mm"":-36.249975759689285,""internal_y_mm"":146.6256123777219,""internal_z_mm"":1.287446381470403,""position_error_mm"":2.421275116044161,""robot_timestamp_utc"":""2026-09-10T11:05:22.017+00:00"",""extra"":{""point"":""P07"",""phase"":""TOUCH""},""target_x_mm"":-35.0,""target_y_mm"":-145.0,""target_z_mm"":0.0}"
2026-09-10T11:05:23.713Z,20260910T110324.000Z-1a3fdf2b,96,point_phase_measured,telemetry,119.7008665000003,27,3097,2102,-125,1140,,272.197,184.746,349.014,100.195,,103.710671875,4.921781250000009,-6.85514062499999,100.195,-35.08323040927662,-143.8007869582368,49.09928905350964,-35.08323040927662,143.8007869582368,49.09928905350964,-35.0,-145.0,50.0,1.5021049995559015,"{""elapsed_s"":119.7008665000003,""sample_index"":27,""id11_raw"":3097,""id12_raw"":2102,""id13_raw"":-125,""id14_raw"":1140,""id11_deg"":272.197,""id12_deg"":184.746,""id13_deg"":349.014,""id14_deg"":100.195,""q1_deg"":103.710671875,""q2_deg"":4.921781250000009,""q3_deg"":-6.85514062499999,""q4_deg"":100.195,""physical_x_mm"":-35.08323040927662,""physical_y_mm"":-143.8007869582368,""physical_z_mm"":49.09928905350964,""internal_x_mm"":-35.08323040927662,""internal_y_mm"":143.8007869582368,""internal_z_mm"":49.09928905350964,""position_error_mm"":1.5021049995559015,""robot_timestamp_utc"":""2026-09-10T11:05:23.713+00:00"",""extra"":{""point"":""P07"",""phase"":""RETRACT""},""target_x_mm"":-35.0,""target_y_mm"":-145.0,""target_z_mm"":50.0}"
2026-09-10T11:05:28.243Z,20260910T110324.000Z-1a3fdf2b,99,point_return_work_measured,telemetry,124.23067150000043,28,1910,2045,-47,943,,167.871,179.736,355.869,82.881,,-0.6153281249999907,-0.08821875000001,-0.00014062499997180566,82.88099999999997,179.7029854469797,1.9299947291708357,47.28198228581303,179.7029854469797,-1.9299947291708357,47.28198228581303,179.66816315130788,0.0,47.02348315303158,1.947540512685635,"{""elapsed_s"":124.23067150000043,""sample_index"":28,""id11_raw"":1910,""id12_raw"":2045,""id13_raw"":-47,""id14_raw"":943,""id11_deg"":167.871,""id12_deg"":179.736,""id13_deg"":355.869,""id14_deg"":82.881,""q1_deg"":-0.6153281249999907,""q2_deg"":-0.08821875000001,""q3_deg"":-0.00014062499997180566,""q4_deg"":82.88099999999997,""physical_x_mm"":179.7029854469797,""physical_y_mm"":1.9299947291708357,""physical_z_mm"":47.28198228581303,""internal_x_mm"":179.7029854469797,""internal_y_mm"":-1.9299947291708357,""internal_z_mm"":47.28198228581303,""position_error_mm"":1.947540512685635,""robot_timestamp_utc"":""2026-09-10T11:05:28.242+00:00"",""extra"":{""point"":""P07"",""phase"":""RETURN_WORK""},""target_x_mm"":179.66816315130788,""target_y_mm"":0.0,""target_z_mm"":47.02348315303158}"
2026-09-10T11:11:54.186Z,20260910T110324.000Z-1a3fdf2b,121,telemetry_sample,telemetry,510.17386970000007,29,1917,2046,-49,0,,168.486,179.824,355.693,0.0,,-0.00032812500001000444,-0.00021874999998772182,-0.17614062500001637,0.0,318.6981720966525,0.0018251403264296048,205.3702554875002,318.6981720966525,-0.0018251403264296048,205.3702554875002,,,,,"{""elapsed_s"":510.17386970000007,""sample_index"":29,""id11_raw"":1917,""id12_raw"":2046,""id13_raw"":-49,""id14_raw"":0,""id11_deg"":168.486,""id12_deg"":179.824,""id13_deg"":355.693,""id14_deg"":0.0,""q1_deg"":-0.00032812500001000444,""q2_deg"":-0.00021874999998772182,""q3_deg"":-0.17614062500001637,""q4_deg"":0.0,""physical_x_mm"":318.6981720966525,""physical_y_mm"":0.0018251403264296048,""physical_z_mm"":205.3702554875002,""internal_x_mm"":318.6981720966525,""internal_y_mm"":-0.0018251403264296048,""internal_z_mm"":205.3702554875002,""position_error_mm"":null,""robot_timestamp_utc"":""2026-09-10T11:11:54.173+00:00"",""extra"":null}"
2026-09-10T11:11:54.429Z,20260910T110324.000Z-1a3fdf2b,122,telemetry_sample,telemetry,510.4175341,30,1917,2046,-49,0,,168.486,179.824,355.693,0.0,,-0.00032812500001000444,-0.00021874999998772182,-0.17614062500001637,0.0,318.6981720966525,0.0018251403264296048,205.3702554875002,318.6981720966525,-0.0018251403264296048,205.3702554875002,,,,,"{""elapsed_s"":510.4175341,""sample_index"":30,""id11_raw"":1917,""id12_raw"":2046,""id13_raw"":-49,""id14_raw"":0,""id11_deg"":168.486,""id12_deg"":179.824,""id13_deg"":355.693,""id14_deg"":0.0,""q1_deg"":-0.00032812500001000444,""q2_deg"":-0.00021874999998772182,""q3_deg"":-0.17614062500001637,""q4_deg"":0.0,""physical_x_mm"":318.6981720966525,""physical_y_mm"":0.0018251403264296048,""physical_z_mm"":205.3702554875002,""internal_x_mm"":318.6981720966525,""internal_y_mm"":-0.0018251403264296048,""internal_z_mm"":205.3702554875002,""position_error_mm"":null,""robot_timestamp_utc"":""2026-09-10T11:11:54.429+00:00"",""extra"":null}"
2026-09-10T11:11:54.682Z,20260910T110324.000Z-1a3fdf2b,123,telemetry_sample,telemetry,510.6703674999999,31,1917,2046,-49,-1,,168.486,179.824,355.693,359.912,,-0.00032812500001000444,-0.00021874999998772182,-0.17614062500001637,-0.08799999999996544,318.69723465390683,0.0018251349578247344,205.61399936285585,318.69723465390683,-0.0018251349578247344,205.61399936285585,,,,,"{""elapsed_s"":510.6703674999999,""sample_index"":31,""id11_raw"":1917,""id12_raw"":2046,""id13_raw"":-49,""id14_raw"":-1,""id11_deg"":168.486,""id12_deg"":179.824,""id13_deg"":355.693,""id14_deg"":359.912,""q1_deg"":-0.00032812500001000444,""q2_deg"":-0.00021874999998772182,""q3_deg"":-0.17614062500001637,""q4_deg"":-0.08799999999996544,""physical_x_mm"":318.69723465390683,""physical_y_mm"":0.0018251349578247344,""physical_z_mm"":205.61399936285585,""internal_x_mm"":318.69723465390683,""internal_y_mm"":-0.0018251349578247344,""internal_z_mm"":205.61399936285585,""position_error_mm"":null,""robot_timestamp_utc"":""2026-09-10T11:11:54.681+00:00"",""extra"":null}"
2026-09-10T11:11:54.945Z,20260910T110324.000Z-1a3fdf2b,124,telemetry_sample,telemetry,510.9327443000002,32,1917,2046,-48,0,,168.486,179.824,355.781,0.0,,-0.00032812500001000444,-0.00021874999998772182,-0.08814062499999409,0.0,318.6991751349021,0.001825146070690848,204.93606065874633,318.6991751349021,-0.001825146070690848,204.93606065874633,,,,,"{""elapsed_s"":510.9327443000002,""sample_index"":32,""id11_raw"":1917,""id12_raw"":2046,""id13_raw"":-48,""id14_raw"":0,""id11_deg"":168.486,""id12_deg"":179.824,""id13_deg"":355.781,""id14_deg"":0.0,""q1_deg"":-0.00032812500001000444,""q2_deg"":-0.00021874999998772182,""q3_deg"":-0.08814062499999409,""q4_deg"":0.0,""physical_x_mm"":318.6991751349021,""physical_y_mm"":0.001825146070690848,""physical_z_mm"":204.93606065874633,""internal_x_mm"":318.6991751349021,""internal_y_mm"":-0.001825146070690848,""internal_z_mm"":204.93606065874633,""position_error_mm"":null,""robot_timestamp_utc"":""2026-09-10T11:11:54.944+00:00"",""extra"":null}"
2026-09-10T11:11:55.197Z,20260910T110324.000Z-1a3fdf2b,125,telemetry_sample,telemetry,511.1848680000003,33,1917,2046,-49,0,,168.486,179.824,355.693,0.0,,-0.00032812500001000444,-0.00021874999998772182,-0.17614062500001637,0.0,318.6981720966525,0.0018251403264296048,205.3702554875002,318.6981720966525,-0.0018251403264296048,205.3702554875002,,,,,"{""elapsed_s"":511.1848680000003,""sample_index"":33,""id11_raw"":1917,""id12_raw"":2046,""id13_raw"":-49,""id14_raw"":0,""id11_deg"":168.486,""id12_deg"":179.824,""id13_deg"":355.693,""id14_deg"":0.0,""q1_deg"":-0.00032812500001000444,""q2_deg"":-0.00021874999998772182,""q3_deg"":-0.17614062500001637,""q4_deg"":0.0,""physical_x_mm"":318.6981720966525,""physical_y_mm"":0.0018251403264296048,""physical_z_mm"":205.3702554875002,""internal_x_mm"":318.6981720966525,""internal_y_mm"":-0.0018251403264296048,""internal_z_mm"":205.3702554875002,""position_error_mm"":null,""robot_timestamp_utc"":""2026-09-10T11:11:55.195+00:00"",""extra"":null}"
2026-09-10T11:11:55.451Z,20260910T110324.000Z-1a3fdf2b,126,telemetry_sample,telemetry,511.4391583000006,34,1917,2046,-49,0,,168.486,179.824,355.693,0.0,,-0.00032812500001000444,-0.00021874999998772182,-0.17614062500001637,0.0,318.6981720966525,0.0018251403264296048,205.3702554875002,318.6981720966525,-0.0018251403264296048,205.3702554875002,,,,,"{""elapsed_s"":511.4391583000006,""sample_index"":34,""id11_raw"":1917,""id12_raw"":2046,""id13_raw"":-49,""id14_raw"":0,""id11_deg"":168.486,""id12_deg"":179.824,""id13_deg"":355.693,""id14_deg"":0.0,""q1_deg"":-0.00032812500001000444,""q2_deg"":-0.00021874999998772182,""q3_deg"":-0.17614062500001637,""q4_deg"":0.0,""physical_x_mm"":318.6981720966525,""physical_y_mm"":0.0018251403264296048,""physical_z_mm"":205.3702554875002,""internal_x_mm"":318.6981720966525,""internal_y_mm"":-0.0018251403264296048,""internal_z_mm"":205.3702554875002,""position_error_mm"":null,""robot_timestamp_utc"":""2026-09-10T11:11:55.448+00:00"",""extra"":null}"
2026-09-10T11:11:55.706Z,20260910T110324.000Z-1a3fdf2b,127,telemetry_sample,telemetry,511.69371670000055,35,1917,2046,-49,0,,168.486,179.824,355.693,0.0,,-0.00032812500001000444,-0.00021874999998772182,-0.17614062500001637,0.0,318.6981720966525,0.0018251403264296048,205.3702554875002,318.6981720966525,-0.0018251403264296048,205.3702554875002,,,,,"{""elapsed_s"":511.69371670000055,""sample_index"":35,""id11_raw"":1917,""id12_raw"":2046,""id13_raw"":-49,""id14_raw"":0,""id11_deg"":168.486,""id12_deg"":179.824,""id13_deg"":355.693,""id14_deg"":0.0,""q1_deg"":-0.00032812500001000444,""q2_deg"":-0.00021874999998772182,""q3_deg"":-0.17614062500001637,""q4_deg"":0.0,""physical_x_mm"":318.6981720966525,""physical_y_mm"":0.0018251403264296048,""physical_z_mm"":205.3702554875002,""internal_x_mm"":318.6981720966525,""internal_y_mm"":-0.0018251403264296048,""internal_z_mm"":205.3702554875002,""position_error_mm"":null,""robot_timestamp_utc"":""2026-09-10T11:11:55.705+00:00"",""extra"":null}"
2026-09-10T11:11:55.961Z,20260910T110324.000Z-1a3fdf2b,128,telemetry_sample,telemetry,511.94953390000046,36,1917,2045,-49,-1,,168.486,179.736,355.693,359.912,,-0.00032812500001000444,-0.08821875000001,-0.17614062500001637,-0.08799999999996544,318.4985681219681,0.0018239972220901119,206.08490002701893,318.4985681219681,-0.0018239972220901119,206.08490002701893,,,,,"{""elapsed_s"":511.94953390000046,""sample_index"":36,""id11_raw"":1917,""id12_raw"":2045,""id13_raw"":-49,""id14_raw"":-1,""id11_deg"":168.486,""id12_deg"":179.736,""id13_deg"":355.693,""id14_deg"":359.912,""q1_deg"":-0.00032812500001000444,""q2_deg"":-0.08821875000001,""q3_deg"":-0.17614062500001637,""q4_deg"":-0.08799999999996544,""physical_x_mm"":318.4985681219681,""physical_y_mm"":0.0018239972220901119,""physical_z_mm"":206.08490002701893,""internal_x_mm"":318.4985681219681,""internal_y_mm"":-0.0018239972220901119,""internal_z_mm"":206.08490002701893,""position_error_mm"":null,""robot_timestamp_utc"":""2026-09-10T11:11:55.959+00:00"",""extra"":null}"
2026-09-10T11:11:56.216Z,20260910T110324.000Z-1a3fdf2b,129,telemetry_sample,telemetry,512.2046121000003,37,1917,2046,-49,0,,168.486,179.824,355.693,0.0,,-0.00032812500001000444,-0.00021874999998772182,-0.17614062500001637,0.0,318.6981720966525,0.0018251403264296048,205.3702554875002,318.6981720966525,-0.0018251403264296048,205.3702554875002,,,,,"{""elapsed_s"":512.2046121000003,""sample_index"":37,""id11_raw"":1917,""id12_raw"":2046,""id13_raw"":-49,""id14_raw"":0,""id11_deg"":168.486,""id12_deg"":179.824,""id13_deg"":355.693,""id14_deg"":0.0,""q1_deg"":-0.00032812500001000444,""q2_deg"":-0.00021874999998772182,""q3_deg"":-0.17614062500001637,""q4_deg"":0.0,""physical_x_mm"":318.6981720966525,""physical_y_mm"":0.0018251403264296048,""physical_z_mm"":205.3702554875002,""internal_x_mm"":318.6981720966525,""internal_y_mm"":-0.0018251403264296048,""internal_z_mm"":205.3702554875002,""position_error_mm"":null,""robot_timestamp_utc"":""2026-09-10T11:11:56.215+00:00"",""extra"":null}"
2026-09-10T11:11:56.473Z,20260910T110324.000Z-1a3fdf2b,130,telemetry_sample,telemetry,512.4609195000003,38,1917,2046,-49,0,,168.486,179.824,355.693,0.0,,-0.00032812500001000444,-0.00021874999998772182,-0.17614062500001637,0.0,318.6981720966525,0.0018251403264296048,205.3702554875002,318.6981720966525,-0.0018251403264296048,205.3702554875002,,,,,"{""elapsed_s"":512.4609195000003,""sample_index"":38,""id11_raw"":1917,""id12_raw"":2046,""id13_raw"":-49,""id14_raw"":0,""id11_deg"":168.486,""id12_deg"":179.824,""id13_deg"":355.693,""id14_deg"":0.0,""q1_deg"":-0.00032812500001000444,""q2_deg"":-0.00021874999998772182,""q3_deg"":-0.17614062500001637,""q4_deg"":0.0,""physical_x_mm"":318.6981720966525,""physical_y_mm"":0.0018251403264296048,""physical_z_mm"":205.3702554875002,""internal_x_mm"":318.6981720966525,""internal_y_mm"":-0.0018251403264296048,""internal_z_mm"":205.3702554875002,""position_error_mm"":null,""robot_timestamp_utc"":""2026-09-10T11:11:56.471+00:00"",""extra"":null}"
2026-09-10T11:11:56.727Z,20260910T110324.000Z-1a3fdf2b,131,telemetry_sample,telemetry,512.7155780000003,39,1917,2046,-49,0,,168.486,179.824,355.693,0.0,,-0.00032812500001000444,-0.00021874999998772182,-0.17614062500001637,0.0,318.6981720966525,0.0018251403264296048,205.3702554875002,318.6981720966525,-0.0018251403264296048,205.3702554875002,,,,,"{""elapsed_s"":512.7155780000003,""sample_index"":39,""id11_raw"":1917,""id12_raw"":2046,""id13_raw"":-49,""id14_raw"":0,""id11_deg"":168.486,""id12_deg"":179.824,""id13_deg"":355.693,""id14_deg"":0.0,""q1_deg"":-0.00032812500001000444,""q2_deg"":-0.00021874999998772182,""q3_deg"":-0.17614062500001637,""q4_deg"":0.0,""physical_x_mm"":318.6981720966525,""physical_y_mm"":0.0018251403264296048,""physical_z_mm"":205.3702554875002,""internal_x_mm"":318.6981720966525,""internal_y_mm"":-0.0018251403264296048,""internal_z_mm"":205.3702554875002,""position_error_mm"":null,""robot_timestamp_utc"":""2026-09-10T11:11:56.725+00:00"",""extra"":null}"
2026-09-10T11:11:56.976Z,20260910T110324.000Z-1a3fdf2b,132,telemetry_sample,telemetry,512.9644073999998,40,1917,2046,-49,0,,168.486,179.824,355.693,0.0,,-0.00032812500001000444,-0.00021874999998772182,-0.17614062500001637,0.0,318.6981720966525,0.0018251403264296048,205.3702554875002,318.6981720966525,-0.0018251403264296048,205.3702554875002,,,,,"{""elapsed_s"":512.9644073999998,""sample_index"":40,""id11_raw"":1917,""id12_raw"":2046,""id13_raw"":-49,""id14_raw"":0,""id11_deg"":168.486,""id12_deg"":179.824,""id13_deg"":355.693,""id14_deg"":0.0,""q1_deg"":-0.00032812500001000444,""q2_deg"":-0.00021874999998772182,""q3_deg"":-0.17614062500001637,""q4_deg"":0.0,""physical_x_mm"":318.6981720966525,""physical_y_mm"":0.0018251403264296048,""physical_z_mm"":205.3702554875002,""internal_x_mm"":318.6981720966525,""internal_y_mm"":-0.0018251403264296048,""internal_z_mm"":205.3702554875002,""position_error_mm"":null,""robot_timestamp_utc"":""2026-09-10T11:11:56.975+00:00"",""extra"":null}"
2026-09-10T11:11:57.228Z,20260910T110324.000Z-1a3fdf2b,133,telemetry_sample,telemetry,513.2166160000006,41,1917,2046,-49,0,,168.486,179.824,355.693,0.0,,-0.00032812500001000444,-0.00021874999998772182,-0.17614062500001637,0.0,318.6981720966525,0.0018251403264296048,205.3702554875002,318.6981720966525,-0.0018251403264296048,205.3702554875002,,,,,"{""elapsed_s"":513.2166160000006,""sample_index"":41,""id11_raw"":1917,""id12_raw"":2046,""id13_raw"":-49,""id14_raw"":0,""id11_deg"":168.486,""id12_deg"":179.824,""id13_deg"":355.693,""id14_deg"":0.0,""q1_deg"":-0.00032812500001000444,""q2_deg"":-0.00021874999998772182,""q3_deg"":-0.17614062500001637,""q4_deg"":0.0,""physical_x_mm"":318.6981720966525,""physical_y_mm"":0.0018251403264296048,""physical_z_mm"":205.3702554875002,""internal_x_mm"":318.6981720966525,""internal_y_mm"":-0.0018251403264296048,""internal_z_mm"":205.3702554875002,""position_error_mm"":null,""robot_timestamp_utc"":""2026-09-10T11:11:57.226+00:00"",""extra"":null}"
2026-09-10T11:11:57.494Z,20260910T110324.000Z-1a3fdf2b,134,telemetry_sample,telemetry,513.4821351999999,42,1917,2046,-49,0,,168.486,179.824,355.693,0.0,,-0.00032812500001000444,-0.00021874999998772182,-0.17614062500001637,0.0,318.6981720966525,0.0018251403264296048,205.3702554875002,318.6981720966525,-0.0018251403264296048,205.3702554875002,,,,,"{""elapsed_s"":513.4821351999999,""sample_index"":42,""id11_raw"":1917,""id12_raw"":2046,""id13_raw"":-49,""id14_raw"":0,""id11_deg"":168.486,""id12_deg"":179.824,""id13_deg"":355.693,""id14_deg"":0.0,""q1_deg"":-0.00032812500001000444,""q2_deg"":-0.00021874999998772182,""q3_deg"":-0.17614062500001637,""q4_deg"":0.0,""physical_x_mm"":318.6981720966525,""physical_y_mm"":0.0018251403264296048,""physical_z_mm"":205.3702554875002,""internal_x_mm"":318.6981720966525,""internal_y_mm"":-0.0018251403264296048,""internal_z_mm"":205.3702554875002,""position_error_mm"":null,""robot_timestamp_utc"":""2026-09-10T11:11:57.493+00:00"",""extra"":null}"
2026-09-10T11:11:57.745Z,20260910T110324.000Z-1a3fdf2b,135,telemetry_sample,telemetry,513.7331541000003,43,1917,2046,-48,-1,,168.486,179.824,355.781,359.912,,-0.00032812500001000444,-0.00021874999998772182,-0.08814062499999409,-0.08799999999996544,318.6986120568327,0.00182514284602067,205.17980568641946,318.6986120568327,-0.00182514284602067,205.17980568641946,,,,,"{""elapsed_s"":513.7331541000003,""sample_index"":43,""id11_raw"":1917,""id12_raw"":2046,""id13_raw"":-48,""id14_raw"":-1,""id11_deg"":168.486,""id12_deg"":179.824,""id13_deg"":355.781,""id14_deg"":359.912,""q1_deg"":-0.00032812500001000444,""q2_deg"":-0.00021874999998772182,""q3_deg"":-0.08814062499999409,""q4_deg"":-0.08799999999996544,""physical_x_mm"":318.6986120568327,""physical_y_mm"":0.00182514284602067,""physical_z_mm"":205.17980568641946,""internal_x_mm"":318.6986120568327,""internal_y_mm"":-0.00182514284602067,""internal_z_mm"":205.17980568641946,""position_error_mm"":null,""robot_timestamp_utc"":""2026-09-10T11:11:57.744+00:00"",""extra"":null}"
2026-09-10T11:11:58.012Z,20260910T110324.000Z-1a3fdf2b,136,telemetry_sample,telemetry,514.0000153999999,44,1917,2046,-49,0,,168.486,179.824,355.693,0.0,,-0.00032812500001000444,-0.00021874999998772182,-0.17614062500001637,0.0,318.6981720966525,0.0018251403264296048,205.3702554875002,318.6981720966525,-0.0018251403264296048,205.3702554875002,,,,,"{""elapsed_s"":514.0000153999999,""sample_index"":44,""id11_raw"":1917,""id12_raw"":2046,""id13_raw"":-49,""id14_raw"":0,""id11_deg"":168.486,""id12_deg"":179.824,""id13_deg"":355.693,""id14_deg"":0.0,""q1_deg"":-0.00032812500001000444,""q2_deg"":-0.00021874999998772182,""q3_deg"":-0.17614062500001637,""q4_deg"":0.0,""physical_x_mm"":318.6981720966525,""physical_y_mm"":0.0018251403264296048,""physical_z_mm"":205.3702554875002,""internal_x_mm"":318.6981720966525,""internal_y_mm"":-0.0018251403264296048,""internal_z_mm"":205.3702554875002,""position_error_mm"":null,""robot_timestamp_utc"":""2026-09-10T11:11:58.010+00:00"",""extra"":null}"
2026-09-10T11:11:58.276Z,20260910T110324.000Z-1a3fdf2b,137,telemetry_sample,telemetry,514.2637697999999,45,1917,2046,-49,0,,168.486,179.824,355.693,0.0,,-0.00032812500001000444,-0.00021874999998772182,-0.17614062500001637,0.0,318.6981720966525,0.0018251403264296048,205.3702554875002,318.6981720966525,-0.0018251403264296048,205.3702554875002,,,,,"{""elapsed_s"":514.2637697999999,""sample_index"":45,""id11_raw"":1917,""id12_raw"":2046,""id13_raw"":-49,""id14_raw"":0,""id11_deg"":168.486,""id12_deg"":179.824,""id13_deg"":355.693,""id14_deg"":0.0,""q1_deg"":-0.00032812500001000444,""q2_deg"":-0.00021874999998772182,""q3_deg"":-0.17614062500001637,""q4_deg"":0.0,""physical_x_mm"":318.6981720966525,""physical_y_mm"":0.0018251403264296048,""physical_z_mm"":205.3702554875002,""internal_x_mm"":318.6981720966525,""internal_y_mm"":-0.0018251403264296048,""internal_z_mm"":205.3702554875002,""position_error_mm"":null,""robot_timestamp_utc"":""2026-09-10T11:11:58.273+00:00"",""extra"":null}"
2026-09-10T11:11:58.524Z,20260910T110324.000Z-1a3fdf2b,138,telemetry_sample,telemetry,514.5123942999999,46,1917,2045,-49,0,,168.486,179.736,355.693,0.0,,-0.00032812500001000444,-0.08821875000001,-0.17614062500001637,0.0,318.49987992717865,0.0018240047346170097,205.84115787896204,318.49987992717865,-0.0018240047346170097,205.84115787896204,,,,,"{""elapsed_s"":514.5123942999999,""sample_index"":46,""id11_raw"":1917,""id12_raw"":2045,""id13_raw"":-49,""id14_raw"":0,""id11_deg"":168.486,""id12_deg"":179.736,""id13_deg"":355.693,""id14_deg"":0.0,""q1_deg"":-0.00032812500001000444,""q2_deg"":-0.08821875000001,""q3_deg"":-0.17614062500001637,""q4_deg"":0.0,""physical_x_mm"":318.49987992717865,""physical_y_mm"":0.0018240047346170097,""physical_z_mm"":205.84115787896204,""internal_x_mm"":318.49987992717865,""internal_y_mm"":-0.0018240047346170097,""internal_z_mm"":205.84115787896204,""position_error_mm"":null,""robot_timestamp_utc"":""2026-09-10T11:11:58.523+00:00"",""extra"":null}"
2026-09-10T11:11:58.789Z,20260910T110324.000Z-1a3fdf2b,139,telemetry_sample,telemetry,514.7771593000007,47,1917,2046,-49,0,,168.486,179.824,355.693,0.0,,-0.00032812500001000444,-0.00021874999998772182,-0.17614062500001637,0.0,318.6981720966525,0.0018251403264296048,205.3702554875002,318.6981720966525,-0.0018251403264296048,205.3702554875002,,,,,"{""elapsed_s"":514.7771593000007,""sample_index"":47,""id11_raw"":1917,""id12_raw"":2046,""id13_raw"":-49,""id14_raw"":0,""id11_deg"":168.486,""id12_deg"":179.824,""id13_deg"":355.693,""id14_deg"":0.0,""q1_deg"":-0.00032812500001000444,""q2_deg"":-0.00021874999998772182,""q3_deg"":-0.17614062500001637,""q4_deg"":0.0,""physical_x_mm"":318.6981720966525,""physical_y_mm"":0.0018251403264296048,""physical_z_mm"":205.3702554875002,""internal_x_mm"":318.6981720966525,""internal_y_mm"":-0.0018251403264296048,""internal_z_mm"":205.3702554875002,""position_error_mm"":null,""robot_timestamp_utc"":""2026-09-10T11:11:58.788+00:00"",""extra"":null}"
2026-09-10T11:11:59.040Z,20260910T110324.000Z-1a3fdf2b,140,telemetry_sample,telemetry,515.0276547000003,48,1917,2046,-49,0,,168.486,179.824,355.693,0.0,,-0.00032812500001000444,-0.00021874999998772182,-0.17614062500001637,0.0,318.6981720966525,0.0018251403264296048,205.3702554875002,318.6981720966525,-0.0018251403264296048,205.3702554875002,,,,,"{""elapsed_s"":515.0276547000003,""sample_index"":48,""id11_raw"":1917,""id12_raw"":2046,""id13_raw"":-49,""id14_raw"":0,""id11_deg"":168.486,""id12_deg"":179.824,""id13_deg"":355.693,""id14_deg"":0.0,""q1_deg"":-0.00032812500001000444,""q2_deg"":-0.00021874999998772182,""q3_deg"":-0.17614062500001637,""q4_deg"":0.0,""physical_x_mm"":318.6981720966525,""physical_y_mm"":0.0018251403264296048,""physical_z_mm"":205.3702554875002,""internal_x_mm"":318.6981720966525,""internal_y_mm"":-0.0018251403264296048,""internal_z_mm"":205.3702554875002,""position_error_mm"":null,""robot_timestamp_utc"":""2026-09-10T11:11:59.038+00:00"",""extra"":null}"
2026-09-10T11:11:59.310Z,20260910T110324.000Z-1a3fdf2b,141,telemetry_sample,telemetry,515.2983598000001,49,1917,2046,-49,0,,168.486,179.824,355.693,0.0,,-0.00032812500001000444,-0.00021874999998772182,-0.17614062500001637,0.0,318.6981720966525,0.0018251403264296048,205.3702554875002,318.6981720966525,-0.0018251403264296048,205.3702554875002,,,,,"{""elapsed_s"":515.2983598000001,""sample_index"":49,""id11_raw"":1917,""id12_raw"":2046,""id13_raw"":-49,""id14_raw"":0,""id11_deg"":168.486,""id12_deg"":179.824,""id13_deg"":355.693,""id14_deg"":0.0,""q1_deg"":-0.00032812500001000444,""q2_deg"":-0.00021874999998772182,""q3_deg"":-0.17614062500001637,""q4_deg"":0.0,""physical_x_mm"":318.6981720966525,""physical_y_mm"":0.0018251403264296048,""physical_z_mm"":205.3702554875002,""internal_x_mm"":318.6981720966525,""internal_y_mm"":-0.0018251403264296048,""internal_z_mm"":205.3702554875002,""position_error_mm"":null,""robot_timestamp_utc"":""2026-09-10T11:11:59.308+00:00"",""extra"":null}"
2026-09-10T11:11:59.575Z,20260910T110324.000Z-1a3fdf2b,142,telemetry_sample,telemetry,515.5633635000004,50,1917,2046,-48,0,,168.486,179.824,355.781,0.0,,-0.00032812500001000444,-0.00021874999998772182,-0.08814062499999409,0.0,318.6991751349021,0.001825146070690848,204.93606065874633,318.6991751349021,-0.001825146070690848,204.93606065874633,,,,,"{""elapsed_s"":515.5633635000004,""sample_index"":50,""id11_raw"":1917,""id12_raw"":2046,""id13_raw"":-48,""id14_raw"":0,""id11_deg"":168.486,""id12_deg"":179.824,""id13_deg"":355.781,""id14_deg"":0.0,""q1_deg"":-0.00032812500001000444,""q2_deg"":-0.00021874999998772182,""q3_deg"":-0.08814062499999409,""q4_deg"":0.0,""physical_x_mm"":318.6991751349021,""physical_y_mm"":0.001825146070690848,""physical_z_mm"":204.93606065874633,""internal_x_mm"":318.6991751349021,""internal_y_mm"":-0.001825146070690848,""internal_z_mm"":204.93606065874633,""position_error_mm"":null,""robot_timestamp_utc"":""2026-09-10T11:11:59.573+00:00"",""extra"":null}"
2026-09-10T11:11:59.841Z,20260910T110324.000Z-1a3fdf2b,143,telemetry_sample,telemetry,515.8292122000003,51,1917,2046,-49,0,,168.486,179.824,355.693,0.0,,-0.00032812500001000444,-0.00021874999998772182,-0.17614062500001637,0.0,318.6981720966525,0.0018251403264296048,205.3702554875002,318.6981720966525,-0.0018251403264296048,205.3702554875002,,,,,"{""elapsed_s"":515.8292122000003,""sample_index"":51,""id11_raw"":1917,""id12_raw"":2046,""id13_raw"":-49,""id14_raw"":0,""id11_deg"":168.486,""id12_deg"":179.824,""id13_deg"":355.693,""id14_deg"":0.0,""q1_deg"":-0.00032812500001000444,""q2_deg"":-0.00021874999998772182,""q3_deg"":-0.17614062500001637,""q4_deg"":0.0,""physical_x_mm"":318.6981720966525,""physical_y_mm"":0.0018251403264296048,""physical_z_mm"":205.3702554875002,""internal_x_mm"":318.6981720966525,""internal_y_mm"":-0.0018251403264296048,""internal_z_mm"":205.3702554875002,""position_error_mm"":null,""robot_timestamp_utc"":""2026-09-10T11:11:59.840+00:00"",""extra"":null}"
2026-09-10T11:12:03.960Z,20260910T110324.000Z-1a3fdf2b,146,telemetry_sample,telemetry,519.9477169000002,52,1917,2046,-48,0,,168.486,179.824,355.781,0.0,,-0.00032812500001000444,-0.00021874999998772182,-0.08814062499999409,0.0,318.6991751349021,0.001825146070690848,204.93606065874633,318.6991751349021,-0.001825146070690848,204.93606065874633,,,,,"{""elapsed_s"":519.9477169000002,""sample_index"":52,""id11_raw"":1917,""id12_raw"":2046,""id13_raw"":-48,""id14_raw"":0,""id11_deg"":168.486,""id12_deg"":179.824,""id13_deg"":355.781,""id14_deg"":0.0,""q1_deg"":-0.00032812500001000444,""q2_deg"":-0.00021874999998772182,""q3_deg"":-0.08814062499999409,""q4_deg"":0.0,""physical_x_mm"":318.6991751349021,""physical_y_mm"":0.001825146070690848,""physical_z_mm"":204.93606065874633,""internal_x_mm"":318.6991751349021,""internal_y_mm"":-0.001825146070690848,""internal_z_mm"":204.93606065874633,""position_error_mm"":null,""robot_timestamp_utc"":""2026-09-10T11:12:03.954+00:00"",""extra"":null}"
2026-09-10T11:15:47.861Z,20260910T110324.000Z-1a3fdf2b,153,telemetry_sample,telemetry,743.8493517000006,53,1793,2316,-105,832,,157.588,203.555,350.771,73.125,,-10.898328125000006,23.730781250000007,-5.098140624999985,73.125,194.5429310854678,37.457176442714264,-14.22462925167764,194.5429310854678,-37.457176442714264,-14.22462925167764,,,,,"{""elapsed_s"":743.8493517000006,""sample_index"":53,""id11_raw"":1793,""id12_raw"":2316,""id13_raw"":-105,""id14_raw"":832,""id11_deg"":157.588,""id12_deg"":203.555,""id13_deg"":350.771,""id14_deg"":73.125,""q1_deg"":-10.898328125000006,""q2_deg"":23.730781250000007,""q3_deg"":-5.098140624999985,""q4_deg"":73.125,""physical_x_mm"":194.5429310854678,""physical_y_mm"":37.457176442714264,""physical_z_mm"":-14.22462925167764,""internal_x_mm"":194.5429310854678,""internal_y_mm"":-37.457176442714264,""internal_z_mm"":-14.22462925167764,""position_error_mm"":null,""robot_timestamp_utc"":""2026-09-10T11:15:47.846+00:00"",""extra"":null}"
2026-09-10T11:15:56.728Z,20260910T110324.000Z-1a3fdf2b,155,telemetry_sample,telemetry,752.7157668,54,1801,2332,-80,805,,158.291,204.961,352.969,70.752,,-10.195328125000003,25.136781250000013,-2.900140625000006,70.75200000000001,191.52993998001668,34.4455528790459,-23.2266285107429,191.52993998001668,-34.4455528790459,-23.2266285107429,,,,,"{""elapsed_s"":752.7157668,""sample_index"":54,""id11_raw"":1801,""id12_raw"":2332,""id13_raw"":-80,""id14_raw"":805,""id11_deg"":158.291,""id12_deg"":204.961,""id13_deg"":352.969,""id14_deg"":70.752,""q1_deg"":-10.195328125000003,""q2_deg"":25.136781250000013,""q3_deg"":-2.900140625000006,""q4_deg"":70.75200000000001,""physical_x_mm"":191.52993998001668,""physical_y_mm"":34.4455528790459,""physical_z_mm"":-23.2266285107429,""internal_x_mm"":191.52993998001668,""internal_y_mm"":-34.4455528790459,""internal_z_mm"":-23.2266285107429,""position_error_mm"":null,""robot_timestamp_utc"":""2026-09-10T11:15:56.721+00:00"",""extra"":null}"
2026-09-10T11:15:58.057Z,20260910T110324.000Z-1a3fdf2b,157,telemetry_sample,telemetry,754.0449334000004,55,1798,2336,-82,805,,158.027,205.312,352.793,70.752,,-10.459328125000013,25.487781250000012,-3.0761406249999936,70.75200000000001,191.38700275017004,35.33097835825521,-24.01913775381584,191.38700275017004,-35.33097835825521,-24.01913775381584,,,,,"{""elapsed_s"":754.0449334000004,""sample_index"":55,""id11_raw"":1798,""id12_raw"":2336,""id13_raw"":-82,""id14_raw"":805,""id11_deg"":158.027,""id12_deg"":205.312,""id13_deg"":352.793,""id14_deg"":70.752,""q1_deg"":-10.459328125000013,""q2_deg"":25.487781250000012,""q3_deg"":-3.0761406249999936,""q4_deg"":70.75200000000001,""physical_x_mm"":191.38700275017004,""physical_y_mm"":35.33097835825521,""physical_z_mm"":-24.01913775381584,""internal_x_mm"":191.38700275017004,""internal_y_mm"":-35.33097835825521,""internal_z_mm"":-24.01913775381584,""position_error_mm"":null,""robot_timestamp_utc"":""2026-09-10T11:15:58.051+00:00"",""extra"":null}"
2026-09-10T11:15:59.779Z,20260910T110324.000Z-1a3fdf2b,159,telemetry_sample,telemetry,755.7671270000001,56,1805,2270,53,713,,158.643,199.512,4.658,62.666,,-9.843328125,19.68778125,8.788859375000015,62.666,180.85013659279463,31.379103807398206,-28.859734095758625,180.85013659279463,-31.379103807398206,-28.859734095758625,,,,,"{""elapsed_s"":755.7671270000001,""sample_index"":56,""id11_raw"":1805,""id12_raw"":2270,""id13_raw"":53,""id14_raw"":713,""id11_deg"":158.643,""id12_deg"":199.512,""id13_deg"":4.658,""id14_deg"":62.666,""q1_deg"":-9.843328125,""q2_deg"":19.68778125,""q3_deg"":8.788859375000015,""q4_deg"":62.666,""physical_x_mm"":180.85013659279463,""physical_y_mm"":31.379103807398206,""physical_z_mm"":-28.859734095758625,""internal_x_mm"":180.85013659279463,""internal_y_mm"":-31.379103807398206,""internal_z_mm"":-28.859734095758625,""position_error_mm"":null,""robot_timestamp_utc"":""2026-09-10T11:15:59.773+00:00"",""extra"":null}"
2026-09-10T11:16:00.784Z,20260910T110324.000Z-1a3fdf2b,161,telemetry_sample,telemetry,756.7719255000002,57,1811,2220,147,641,,159.17,195.117,12.92,56.338,,-9.316328125000013,15.29278124999999,17.050859375000016,56.337999999999994,174.98469241078993,28.706048991219095,-31.359927642226822,174.98469241078993,-28.706048991219095,-31.359927642226822,,,,,"{""elapsed_s"":756.7719255000002,""sample_index"":57,""id11_raw"":1811,""id12_raw"":2220,""id13_raw"":147,""id14_raw"":641,""id11_deg"":159.17,""id12_deg"":195.117,""id13_deg"":12.92,""id14_deg"":56.338,""q1_deg"":-9.316328125000013,""q2_deg"":15.29278124999999,""q3_deg"":17.050859375000016,""q4_deg"":56.337999999999994,""physical_x_mm"":174.98469241078993,""physical_y_mm"":28.706048991219095,""physical_z_mm"":-31.359927642226822,""internal_x_mm"":174.98469241078993,""internal_y_mm"":-28.706048991219095,""internal_z_mm"":-31.359927642226822,""position_error_mm"":null,""robot_timestamp_utc"":""2026-09-10T11:16:00.773+00:00"",""extra"":null}"
2026-09-10T11:16:01.472Z,20260910T110324.000Z-1a3fdf2b,163,telemetry_sample,telemetry,757.4604759000003,58,1812,2194,180,629,,159.258,192.832,15.82,55.283,,-9.22832812499999,13.007781249999994,19.950859374999993,55.283000000000015,170.86777611129142,27.76124430919428,-30.27196959100479,170.86777611129142,-27.76124430919428,-30.27196959100479,,,,,"{""elapsed_s"":757.4604759000003,""sample_index"":58,""id11_raw"":1812,""id12_raw"":2194,""id13_raw"":180,""id14_raw"":629,""id11_deg"":159.258,""id12_deg"":192.832,""id13_deg"":15.82,""id14_deg"":55.283,""q1_deg"":-9.22832812499999,""q2_deg"":13.007781249999994,""q3_deg"":19.950859374999993,""q4_deg"":55.283000000000015,""physical_x_mm"":170.86777611129142,""physical_y_mm"":27.76124430919428,""physical_z_mm"":-30.27196959100479,""internal_x_mm"":170.86777611129142,""internal_y_mm"":-27.76124430919428,""internal_z_mm"":-30.27196959100479,""position_error_mm"":null,""robot_timestamp_utc"":""2026-09-10T11:16:01.466+00:00"",""extra"":null}"
2026-09-10T11:16:02.110Z,20260910T110324.000Z-1a3fdf2b,165,telemetry_sample,telemetry,758.0979205000003,59,1822,2129,260,618,,160.137,187.119,22.852,54.316,,-8.349328125,7.29478125,26.982859374999975,54.316,156.7378571833679,23.003411337819184,-28.07285740172341,156.7378571833679,-23.003411337819184,-28.07285740172341,,,,,"{""elapsed_s"":758.0979205000003,""sample_index"":59,""id11_raw"":1822,""id12_raw"":2129,""id13_raw"":260,""id14_raw"":618,""id11_deg"":160.137,""id12_deg"":187.119,""id13_deg"":22.852,""id14_deg"":54.316,""q1_deg"":-8.349328125,""q2_deg"":7.29478125,""q3_deg"":26.982859374999975,""q4_deg"":54.316,""physical_x_mm"":156.7378571833679,""physical_y_mm"":23.003411337819184,""physical_z_mm"":-28.07285740172341,""internal_x_mm"":156.7378571833679,""internal_y_mm"":-23.003411337819184,""internal_z_mm"":-28.07285740172341,""position_error_mm"":null,""robot_timestamp_utc"":""2026-09-10T11:16:02.105+00:00"",""extra"":null}"
2026-09-10T11:16:02.650Z,20260910T110324.000Z-1a3fdf2b,167,telemetry_sample,telemetry,758.6384582999999,60,1831,2076,305,584,,160.928,182.461,26.807,51.328,,-7.558328125000003,2.6367812500000127,30.937859375000016,51.328,157.8920977626744,20.95043391996046,-23.386822709120338,157.8920977626744,-20.95043391996046,-23.386822709120338,,,,,"{""elapsed_s"":758.6384582999999,""sample_index"":60,""id11_raw"":1831,""id12_raw"":2076,""id13_raw"":305,""id14_raw"":584,""id11_deg"":160.928,""id12_deg"":182.461,""id13_deg"":26.807,""id14_deg"":51.328,""q1_deg"":-7.558328125000003,""q2_deg"":2.6367812500000127,""q3_deg"":30.937859375000016,""q4_deg"":51.328,""physical_x_mm"":157.8920977626744,""physical_y_mm"":20.95043391996046,""physical_z_mm"":-23.386822709120338,""internal_x_mm"":157.8920977626744,""internal_y_mm"":-20.95043391996046,""internal_z_mm"":-23.386822709120338,""position_error_mm"":null,""robot_timestamp_utc"":""2026-09-10T11:16:02.644+00:00"",""extra"":null}"
2026-09-10T11:16:05.096Z,20260910T110324.000Z-1a3fdf2b,169,telemetry_sample,telemetry,761.0841965999998,61,1850,1977,413,574,,162.598,173.76,36.299,50.449,,-5.888328124999987,-6.064218750000009,40.42985937499998,50.44900000000001,138.3088306332564,14.264351734075463,-21.725903515745557,138.3088306332564,-14.264351734075463,-21.725903515745557,,,,,"{""elapsed_s"":761.0841965999998,""sample_index"":61,""id11_raw"":1850,""id12_raw"":1977,""id13_raw"":413,""id14_raw"":574,""id11_deg"":162.598,""id12_deg"":173.76,""id13_deg"":36.299,""id14_deg"":50.449,""q1_deg"":-5.888328124999987,""q2_deg"":-6.064218750000009,""q3_deg"":40.42985937499998,""q4_deg"":50.44900000000001,""physical_x_mm"":138.3088306332564,""physical_y_mm"":14.264351734075463,""physical_z_mm"":-21.725903515745557,""internal_x_mm"":138.3088306332564,""internal_y_mm"":-14.264351734075463,""internal_z_mm"":-21.725903515745557,""position_error_mm"":null,""robot_timestamp_utc"":""2026-09-10T11:16:05.089+00:00"",""extra"":null}"
2026-09-10T11:16:47.517Z,20260910T110324.000Z-1a3fdf2b,171,telemetry_sample,telemetry,803.5052058000001,62,1827,2043,296,681,,160.576,179.561,26.016,59.854,,-7.910328125000007,-0.26321874999999295,30.14685937500002,59.853999999999985,142.28435547910252,19.769728524873578,-15.871215178425132,142.28435547910252,-19.769728524873578,-15.871215178425132,,,,,"{""elapsed_s"":803.5052058000001,""sample_index"":62,""id11_raw"":1827,""id12_raw"":2043,""id13_raw"":296,""id14_raw"":681,""id11_deg"":160.576,""id12_deg"":179.561,""id13_deg"":26.016,""id14_deg"":59.854,""q1_deg"":-7.910328125000007,""q2_deg"":-0.26321874999999295,""q3_deg"":30.14685937500002,""q4_deg"":59.853999999999985,""physical_x_mm"":142.28435547910252,""physical_y_mm"":19.769728524873578,""physical_z_mm"":-15.871215178425132,""internal_x_mm"":142.28435547910252,""internal_y_mm"":-19.769728524873578,""internal_z_mm"":-15.871215178425132,""position_error_mm"":null,""robot_timestamp_utc"":""2026-09-10T11:16:47.507+00:00"",""extra"":null}"
2026-09-10T11:16:48.321Z,20260910T110324.000Z-1a3fdf2b,173,telemetry_sample,telemetry,804.3090266999998,63,1814,2071,263,726,,159.434,182.021,23.115,63.809,,-9.052328125000003,2.1967812499999866,27.24585937500001,63.809,138.1302123313561,22.007013827723714,-15.910978409012131,138.1302123313561,-22.007013827723714,-15.910978409012131,,,,,"{""elapsed_s"":804.3090266999998,""sample_index"":63,""id11_raw"":1814,""id12_raw"":2071,""id13_raw"":263,""id14_raw"":726,""id11_deg"":159.434,""id12_deg"":182.021,""id13_deg"":23.115,""id14_deg"":63.809,""q1_deg"":-9.052328125000003,""q2_deg"":2.1967812499999866,""q3_deg"":27.24585937500001,""q4_deg"":63.809,""physical_x_mm"":138.1302123313561,""physical_y_mm"":22.007013827723714,""physical_z_mm"":-15.910978409012131,""internal_x_mm"":138.1302123313561,""internal_y_mm"":-22.007013827723714,""internal_z_mm"":-15.910978409012131,""position_error_mm"":null,""robot_timestamp_utc"":""2026-09-10T11:16:48.315+00:00"",""extra"":null}"
2026-09-10T11:16:50.364Z,20260910T110324.000Z-1a3fdf2b,175,telemetry_sample,telemetry,806.3523372,64,1823,2097,224,757,,160.225,184.307,19.687,66.533,,-8.261328125000006,4.482781249999988,23.817859375000012,66.53300000000002,140.26620162950252,20.365947622474867,-14.691147961289545,140.26620162950252,-20.365947622474867,-14.691147961289545,,,,,"{""elapsed_s"":806.3523372,""sample_index"":64,""id11_raw"":1823,""id12_raw"":2097,""id13_raw"":224,""id14_raw"":757,""id11_deg"":160.225,""id12_deg"":184.307,""id13_deg"":19.687,""id14_deg"":66.533,""q1_deg"":-8.261328125000006,""q2_deg"":4.482781249999988,""q3_deg"":23.817859375000012,""q4_deg"":66.53300000000002,""physical_x_mm"":140.26620162950252,""physical_y_mm"":20.365947622474867,""physical_z_mm"":-14.691147961289545,""internal_x_mm"":140.26620162950252,""internal_y_mm"":-20.365947622474867,""internal_z_mm"":-14.691147961289545,""position_error_mm"":null,""robot_timestamp_utc"":""2026-09-10T11:16:50.359+00:00"",""extra"":null}"
2026-09-10T11:16:50.861Z,20260910T110324.000Z-1a3fdf2b,177,telemetry_sample,telemetry,806.8494891999999,65,1823,2167,132,845,,160.225,190.459,11.602,74.268,,-8.261328125000006,10.634781250000003,15.732859374999975,74.268,139.55582382200473,20.26280433455806,-13.173418853771153,139.55582382200473,-20.26280433455806,-13.173418853771153,,,,,"{""elapsed_s"":806.8494891999999,""sample_index"":65,""id11_raw"":1823,""id12_raw"":2167,""id13_raw"":132,""id14_raw"":845,""id11_deg"":160.225,""id12_deg"":190.459,""id13_deg"":11.602,""id14_deg"":74.268,""q1_deg"":-8.261328125000006,""q2_deg"":10.634781250000003,""q3_deg"":15.732859374999975,""q4_deg"":74.268,""physical_x_mm"":139.55582382200473,""physical_y_mm"":20.26280433455806,""physical_z_mm"":-13.173418853771153,""internal_x_mm"":139.55582382200473,""internal_y_mm"":-20.26280433455806,""internal_z_mm"":-13.173418853771153,""position_error_mm"":null,""robot_timestamp_utc"":""2026-09-10T11:16:50.856+00:00"",""extra"":null}"
2026-09-10T11:16:51.362Z,20260910T110324.000Z-1a3fdf2b,179,telemetry_sample,telemetry,807.3504051,66,1823,2245,34,937,,160.225,197.314,2.988,82.354,,-8.261328125000006,17.489781249999993,7.1188593749999995,82.35399999999998,138.3454680354502,20.087066756530252,-12.061831650814526,138.3454680354502,-20.087066756530252,-12.061831650814526,,,,,"{""elapsed_s"":807.3504051,""sample_index"":66,""id11_raw"":1823,""id12_raw"":2245,""id13_raw"":34,""id14_raw"":937,""id11_deg"":160.225,""id12_deg"":197.314,""id13_deg"":2.988,""id14_deg"":82.354,""q1_deg"":-8.261328125000006,""q2_deg"":17.489781249999993,""q3_deg"":7.1188593749999995,""q4_deg"":82.35399999999998,""physical_x_mm"":138.3454680354502,""physical_y_mm"":20.087066756530252,""physical_z_mm"":-12.061831650814526,""internal_x_mm"":138.3454680354502,""internal_y_mm"":-20.087066756530252,""internal_z_mm"":-12.061831650814526,""position_error_mm"":null,""robot_timestamp_utc"":""2026-09-10T11:16:51.354+00:00"",""extra"":null}"
2026-09-10T11:16:51.791Z,20260910T110324.000Z-1a3fdf2b,181,telemetry_sample,telemetry,807.7789812999999,67,1823,2341,-85,1052,,160.225,205.752,352.529,92.461,,-8.261328125000006,25.92778125000001,-3.3401406250000036,92.46100000000001,135.42743235772014,19.66338263959567,-10.279417960225004,135.42743235772014,-19.66338263959567,-10.279417960225004,,,,,"{""elapsed_s"":807.7789812999999,""sample_index"":67,""id11_raw"":1823,""id12_raw"":2341,""id13_raw"":-85,""id14_raw"":1052,""id11_deg"":160.225,""id12_deg"":205.752,""id13_deg"":352.529,""id14_deg"":92.461,""q1_deg"":-8.261328125000006,""q2_deg"":25.92778125000001,""q3_deg"":-3.3401406250000036,""q4_deg"":92.46100000000001,""physical_x_mm"":135.42743235772014,""physical_y_mm"":19.66338263959567,""physical_z_mm"":-10.279417960225004,""internal_x_mm"":135.42743235772014,""internal_y_mm"":-19.66338263959567,""internal_z_mm"":-10.279417960225004,""position_error_mm"":null,""robot_timestamp_utc"":""2026-09-10T11:16:51.784+00:00"",""extra"":null}"
2026-09-10T11:16:52.198Z,20260910T110324.000Z-1a3fdf2b,183,telemetry_sample,telemetry,808.1864562999999,68,1830,2433,-172,1214,,160.84,213.838,344.883,106.699,,-7.646328124999997,34.013781249999994,-10.986140625000019,106.69900000000001,115.15279317589271,15.45944096832376,-1.3881053936124772,115.15279317589271,-15.45944096832376,-1.3881053936124772,,,,,"{""elapsed_s"":808.1864562999999,""sample_index"":68,""id11_raw"":1830,""id12_raw"":2433,""id13_raw"":-172,""id14_raw"":1214,""id11_deg"":160.84,""id12_deg"":213.838,""id13_deg"":344.883,""id14_deg"":106.699,""q1_deg"":-7.646328124999997,""q2_deg"":34.013781249999994,""q3_deg"":-10.986140625000019,""q4_deg"":106.69900000000001,""physical_x_mm"":115.15279317589271,""physical_y_mm"":15.45944096832376,""physical_z_mm"":-1.3881053936124772,""internal_x_mm"":115.15279317589271,""internal_y_mm"":-15.45944096832376,""internal_z_mm"":-1.3881053936124772,""position_error_mm"":null,""robot_timestamp_utc"":""2026-09-10T11:16:52.193+00:00"",""extra"":null}"
2026-09-10T11:16:52.905Z,20260910T110324.000Z-1a3fdf2b,185,telemetry_sample,telemetry,808.8935393000002,69,1845,2622,-323,1420,,162.158,230.449,331.611,124.805,,-6.328328125000013,50.62478125000001,-24.25814062500001,124.805,97.64025658604321,10.828450954585843,7.557306527073678,97.64025658604321,-10.828450954585843,7.557306527073678,,,,,"{""elapsed_s"":808.8935393000002,""sample_index"":69,""id11_raw"":1845,""id12_raw"":2622,""id13_raw"":-323,""id14_raw"":1420,""id11_deg"":162.158,""id12_deg"":230.449,""id13_deg"":331.611,""id14_deg"":124.805,""q1_deg"":-6.328328125000013,""q2_deg"":50.62478125000001,""q3_deg"":-24.25814062500001,""q4_deg"":124.805,""physical_x_mm"":97.64025658604321,""physical_y_mm"":10.828450954585843,""physical_z_mm"":7.557306527073678,""internal_x_mm"":97.64025658604321,""internal_y_mm"":-10.828450954585843,""internal_z_mm"":7.557306527073678,""position_error_mm"":null,""robot_timestamp_utc"":""2026-09-10T11:16:52.899+00:00"",""extra"":null}"
2026-09-10T11:16:56.788Z,20260910T110324.000Z-1a3fdf2b,187,telemetry_sample,telemetry,812.7764900000002,70,1879,2674,-205,1431,,165.146,235.02,341.982,125.771,,-3.3403281250000134,55.19578125000001,-13.887140624999972,125.77100000000002,69.14502980271763,4.035709448936382,12.513488499871592,69.14502980271763,-4.035709448936382,12.513488499871592,,,,,"{""elapsed_s"":812.7764900000002,""sample_index"":70,""id11_raw"":1879,""id12_raw"":2674,""id13_raw"":-205,""id14_raw"":1431,""id11_deg"":165.146,""id12_deg"":235.02,""id13_deg"":341.982,""id14_deg"":125.771,""q1_deg"":-3.3403281250000134,""q2_deg"":55.19578125000001,""q3_deg"":-13.887140624999972,""q4_deg"":125.77100000000002,""physical_x_mm"":69.14502980271763,""physical_y_mm"":4.035709448936382,""physical_z_mm"":12.513488499871592,""internal_x_mm"":69.14502980271763,""internal_y_mm"":-4.035709448936382,""internal_z_mm"":12.513488499871592,""position_error_mm"":null,""robot_timestamp_utc"":""2026-09-10T11:16:56.784+00:00"",""extra"":null}"
2026-09-10T11:17:04.020Z,20260910T110324.000Z-1a3fdf2b,189,telemetry_sample,telemetry,820.0081518000006,71,1901,2778,-836,1430,,167.08,244.16,286.523,125.684,,-1.4063281249999875,64.33578125,-69.34614062499998,125.68399999999997,180.2783058988752,4.425829970501342,-15.362190489346204,180.2783058988752,-4.425829970501342,-15.362190489346204,,,,,"{""elapsed_s"":820.0081518000006,""sample_index"":71,""id11_raw"":1901,""id12_raw"":2778,""id13_raw"":-836,""id14_raw"":1430,""id11_deg"":167.08,""id12_deg"":244.16,""id13_deg"":286.523,""id14_deg"":125.684,""q1_deg"":-1.4063281249999875,""q2_deg"":64.33578125,""q3_deg"":-69.34614062499998,""q4_deg"":125.68399999999997,""physical_x_mm"":180.2783058988752,""physical_y_mm"":4.425829970501342,""physical_z_mm"":-15.362190489346204,""internal_x_mm"":180.2783058988752,""internal_y_mm"":-4.425829970501342,""internal_z_mm"":-15.362190489346204,""position_error_mm"":null,""robot_timestamp_utc"":""2026-09-10T11:17:04.009+00:00"",""extra"":null}"
2026-09-10T11:17:04.932Z,20260910T110324.000Z-1a3fdf2b,191,telemetry_sample,telemetry,820.9203314000006,72,1896,2826,-964,1430,,166.641,248.379,275.273,125.684,,-1.8453281250000089,68.55478124999999,-80.59614062499998,125.68399999999997,197.43853517639263,6.361112683016182,-18.550996068418613,197.43853517639263,-6.361112683016182,-18.550996068418613,,,,,"{""elapsed_s"":820.9203314000006,""sample_index"":72,""id11_raw"":1896,""id12_raw"":2826,""id13_raw"":-964,""id14_raw"":1430,""id11_deg"":166.641,""id12_deg"":248.379,""id13_deg"":275.273,""id14_deg"":125.684,""q1_deg"":-1.8453281250000089,""q2_deg"":68.55478124999999,""q3_deg"":-80.59614062499998,""q4_deg"":125.68399999999997,""physical_x_mm"":197.43853517639263,""physical_y_mm"":6.361112683016182,""physical_z_mm"":-18.550996068418613,""internal_x_mm"":197.43853517639263,""internal_y_mm"":-6.361112683016182,""internal_z_mm"":-18.550996068418613,""position_error_mm"":null,""robot_timestamp_utc"":""2026-09-10T11:17:04.926+00:00"",""extra"":null}"
2026-09-10T11:17:07.566Z,20260910T110324.000Z-1a3fdf2b,193,telemetry_sample,telemetry,823.5536419,73,1985,3175,-1059,414,,174.463,279.053,266.924,36.387,,5.976671874999994,99.22878125,-88.94514062500002,36.387,363.41452637257385,-38.046812550251914,-105.29598960542253,363.41452637257385,38.046812550251914,-105.29598960542253,,,,,"{""elapsed_s"":823.5536419,""sample_index"":73,""id11_raw"":1985,""id12_raw"":3175,""id13_raw"":-1059,""id14_raw"":414,""id11_deg"":174.463,""id12_deg"":279.053,""id13_deg"":266.924,""id14_deg"":36.387,""q1_deg"":5.976671874999994,""q2_deg"":99.22878125,""q3_deg"":-88.94514062500002,""q4_deg"":36.387,""physical_x_mm"":363.41452637257385,""physical_y_mm"":-38.046812550251914,""physical_z_mm"":-105.29598960542253,""internal_x_mm"":363.41452637257385,""internal_y_mm"":38.046812550251914,""internal_z_mm"":-105.29598960542253,""position_error_mm"":null,""robot_timestamp_utc"":""2026-09-10T11:17:07.559+00:00"",""extra"":null}"
2026-09-10T11:17:08.447Z,20260910T110324.000Z-1a3fdf2b,195,telemetry_sample,telemetry,824.4355786000006,74,1985,3176,-1059,413,,174.463,279.141,266.924,36.299,,5.976671874999994,99.31678125000002,-88.94514062500002,36.29900000000001,363.31288075945145,-38.03617100648198,-105.67143956513411,363.31288075945145,38.03617100648198,-105.67143956513411,,,,,"{""elapsed_s"":824.4355786000006,""sample_index"":74,""id11_raw"":1985,""id12_raw"":3176,""id13_raw"":-1059,""id14_raw"":413,""id11_deg"":174.463,""id12_deg"":279.141,""id13_deg"":266.924,""id14_deg"":36.299,""q1_deg"":5.976671874999994,""q2_deg"":99.31678125000002,""q3_deg"":-88.94514062500002,""q4_deg"":36.29900000000001,""physical_x_mm"":363.31288075945145,""physical_y_mm"":-38.03617100648198,""physical_z_mm"":-105.67143956513411,""internal_x_mm"":363.31288075945145,""internal_y_mm"":38.03617100648198,""internal_z_mm"":-105.67143956513411,""position_error_mm"":null,""robot_timestamp_utc"":""2026-09-10T11:17:08.440+00:00"",""extra"":null}"
2026-09-10T11:17:08.542Z,20260910T110324.000Z-1a3fdf2b,197,telemetry_sample,telemetry,824.5296999000002,75,1984,3175,-1059,414,,174.375,279.053,266.924,36.387,,5.888671875,99.22878125,-88.94514062500002,36.387,363.47253341911124,-37.48860325124503,-105.29598960542253,363.47253341911124,37.48860325124503,-105.29598960542253,,,,,"{""elapsed_s"":824.5296999000002,""sample_index"":75,""id11_raw"":1984,""id12_raw"":3175,""id13_raw"":-1059,""id14_raw"":414,""id11_deg"":174.375,""id12_deg"":279.053,""id13_deg"":266.924,""id14_deg"":36.387,""q1_deg"":5.888671875,""q2_deg"":99.22878125,""q3_deg"":-88.94514062500002,""q4_deg"":36.387,""physical_x_mm"":363.47253341911124,""physical_y_mm"":-37.48860325124503,""physical_z_mm"":-105.29598960542253,""internal_x_mm"":363.47253341911124,""internal_y_mm"":37.48860325124503,""internal_z_mm"":-105.29598960542253,""position_error_mm"":null,""robot_timestamp_utc"":""2026-09-10T11:17:08.537+00:00"",""extra"":null}"
2026-09-10T11:17:15.669Z,20260910T110324.000Z-1a3fdf2b,199,telemetry_sample,telemetry,831.6570620000002,76,2016,3187,-1368,855,,177.187,280.107,239.766,75.146,,8.700671875000012,100.28278125000003,-116.10314062500001,75.14600000000002,330.08234047948054,-50.51365717700073,-72.6530199097299,330.08234047948054,50.51365717700073,-72.6530199097299,,,,,"{""elapsed_s"":831.6570620000002,""sample_index"":76,""id11_raw"":2016,""id12_raw"":3187,""id13_raw"":-1368,""id14_raw"":855,""id11_deg"":177.187,""id12_deg"":280.107,""id13_deg"":239.766,""id14_deg"":75.146,""q1_deg"":8.700671875000012,""q2_deg"":100.28278125000003,""q3_deg"":-116.10314062500001,""q4_deg"":75.14600000000002,""physical_x_mm"":330.08234047948054,""physical_y_mm"":-50.51365717700073,""physical_z_mm"":-72.6530199097299,""internal_x_mm"":330.08234047948054,""internal_y_mm"":50.51365717700073,""internal_z_mm"":-72.6530199097299,""position_error_mm"":null,""robot_timestamp_utc"":""2026-09-10T11:17:15.662+00:00"",""extra"":null}"
2026-09-10T11:17:16.967Z,20260910T110324.000Z-1a3fdf2b,201,telemetry_sample,telemetry,832.9552838,77,2017,3158,-1367,890,,177.275,277.559,239.854,78.223,,8.788671875000006,97.73478125000003,-116.01514062499999,78.22300000000001,328.92701430488165,-50.854002454318746,-62.972889407738364,328.92701430488165,50.854002454318746,-62.972889407738364,,,,,"{""elapsed_s"":832.9552838,""sample_index"":77,""id11_raw"":2017,""id12_raw"":3158,""id13_raw"":-1367,""id14_raw"":890,""id11_deg"":177.275,""id12_deg"":277.559,""id13_deg"":239.854,""id14_deg"":78.223,""q1_deg"":8.788671875000006,""q2_deg"":97.73478125000003,""q3_deg"":-116.01514062499999,""q4_deg"":78.22300000000001,""physical_x_mm"":328.92701430488165,""physical_y_mm"":-50.854002454318746,""physical_z_mm"":-62.972889407738364,""internal_x_mm"":328.92701430488165,""internal_y_mm"":50.854002454318746,""internal_z_mm"":-62.972889407738364,""position_error_mm"":null,""robot_timestamp_utc"":""2026-09-10T11:17:16.962+00:00"",""extra"":null}"
2026-09-10T11:17:17.522Z,20260910T110324.000Z-1a3fdf2b,203,telemetry_sample,telemetry,833.5103384000004,78,2020,3126,-1368,937,,177.539,274.746,239.766,82.354,,9.052671874999987,94.92178124999998,-116.10314062500001,82.35399999999998,325.50676231989235,-51.86199529053813,-52.62286752791415,325.50676231989235,51.86199529053813,-52.62286752791415,,,,,"{""elapsed_s"":833.5103384000004,""sample_index"":78,""id11_raw"":2020,""id12_raw"":3126,""id13_raw"":-1368,""id14_raw"":937,""id11_deg"":177.539,""id12_deg"":274.746,""id13_deg"":239.766,""id14_deg"":82.354,""q1_deg"":9.052671874999987,""q2_deg"":94.92178124999998,""q3_deg"":-116.10314062500001,""q4_deg"":82.35399999999998,""physical_x_mm"":325.50676231989235,""physical_y_mm"":-51.86199529053813,""physical_z_mm"":-52.62286752791415,""internal_x_mm"":325.50676231989235,""internal_y_mm"":51.86199529053813,""internal_z_mm"":-52.62286752791415,""position_error_mm"":null,""robot_timestamp_utc"":""2026-09-10T11:17:17.515+00:00"",""extra"":null}"
2026-09-10T11:17:18.310Z,20260910T110324.000Z-1a3fdf2b,205,telemetry_sample,telemetry,834.2977399000001,79,2017,3084,-1367,997,,177.275,271.055,239.854,87.627,,8.788671875000006,91.23078125,-116.01514062499999,87.62700000000001,320.66020737888147,-49.57590670230938,-39.46684084255274,320.66020737888147,49.57590670230938,-39.46684084255274,,,,,"{""elapsed_s"":834.2977399000001,""sample_index"":79,""id11_raw"":2017,""id12_raw"":3084,""id13_raw"":-1367,""id14_raw"":997,""id11_deg"":177.275,""id12_deg"":271.055,""id13_deg"":239.854,""id14_deg"":87.627,""q1_deg"":8.788671875000006,""q2_deg"":91.23078125,""q3_deg"":-116.01514062499999,""q4_deg"":87.62700000000001,""physical_x_mm"":320.66020737888147,""physical_y_mm"":-49.57590670230938,""physical_z_mm"":-39.46684084255274,""internal_x_mm"":320.66020737888147,""internal_y_mm"":49.57590670230938,""internal_z_mm"":-39.46684084255274,""position_error_mm"":null,""robot_timestamp_utc"":""2026-09-10T11:17:18.300+00:00"",""extra"":null}"
2026-09-10T11:17:19.030Z,20260910T110324.000Z-1a3fdf2b,207,telemetry_sample,telemetry,835.0185810000003,80,2024,3041,-1368,1069,,177.891,267.275,239.766,93.955,,9.404671874999991,87.45078124999998,-116.10314062500001,93.95499999999998,311.81696700720755,-51.64708674841775,-26.509166902981264,311.81696700720755,51.64708674841775,-26.509166902981264,,,,,"{""elapsed_s"":835.0185810000003,""sample_index"":80,""id11_raw"":2024,""id12_raw"":3041,""id13_raw"":-1368,""id14_raw"":1069,""id11_deg"":177.891,""id12_deg"":267.275,""id13_deg"":239.766,""id14_deg"":93.955,""q1_deg"":9.404671874999991,""q2_deg"":87.45078124999998,""q3_deg"":-116.10314062500001,""q4_deg"":93.95499999999998,""physical_x_mm"":311.81696700720755,""physical_y_mm"":-51.64708674841775,""physical_z_mm"":-26.509166902981264,""internal_x_mm"":311.81696700720755,""internal_y_mm"":51.64708674841775,""internal_z_mm"":-26.509166902981264,""position_error_mm"":null,""robot_timestamp_utc"":""2026-09-10T11:17:19.025+00:00"",""extra"":null}"
2026-09-10T11:17:19.657Z,20260910T110324.000Z-1a3fdf2b,209,telemetry_sample,telemetry,835.6446307000006,81,2030,3009,-1368,1131,,178.418,264.463,239.766,99.404,,9.931671875000006,84.63878125000002,-116.10314062500001,99.404,302.45370246461334,-52.958920450662326,-17.79272777956311,302.45370246461334,52.958920450662326,-17.79272777956311,,,,,"{""elapsed_s"":835.6446307000006,""sample_index"":81,""id11_raw"":2030,""id12_raw"":3009,""id13_raw"":-1368,""id14_raw"":1131,""id11_deg"":178.418,""id12_deg"":264.463,""id13_deg"":239.766,""id14_deg"":99.404,""q1_deg"":9.931671875000006,""q2_deg"":84.63878125000002,""q3_deg"":-116.10314062500001,""q4_deg"":99.404,""physical_x_mm"":302.45370246461334,""physical_y_mm"":-52.958920450662326,""physical_z_mm"":-17.79272777956311,""internal_x_mm"":302.45370246461334,""internal_y_mm"":52.958920450662326,""internal_z_mm"":-17.79272777956311,""position_error_mm"":null,""robot_timestamp_utc"":""2026-09-10T11:17:19.654+00:00"",""extra"":null}"
2026-09-10T11:17:21.707Z,20260910T110324.000Z-1a3fdf2b,211,telemetry_sample,telemetry,837.6951976,82,2037,2949,-1368,1229,,179.033,259.189,239.766,108.018,,10.546671874999987,79.36478125000002,-116.10314062500001,108.01800000000003,287.5937378650361,-53.54470006574603,0.40325666483747113,287.5937378650361,53.54470006574603,0.40325666483747113,,,,,"{""elapsed_s"":837.6951976,""sample_index"":82,""id11_raw"":2037,""id12_raw"":2949,""id13_raw"":-1368,""id14_raw"":1229,""id11_deg"":179.033,""id12_deg"":259.189,""id13_deg"":239.766,""id14_deg"":108.018,""q1_deg"":10.546671874999987,""q2_deg"":79.36478125000002,""q3_deg"":-116.10314062500001,""q4_deg"":108.01800000000003,""physical_x_mm"":287.5937378650361,""physical_y_mm"":-53.54470006574603,""physical_z_mm"":0.40325666483747113,""internal_x_mm"":287.5937378650361,""internal_y_mm"":53.54470006574603,""internal_z_mm"":0.40325666483747113,""position_error_mm"":null,""robot_timestamp_utc"":""2026-09-10T11:17:21.704+00:00"",""extra"":null}"
2026-09-10T11:17:26.836Z,20260910T110324.000Z-1a3fdf2b,213,telemetry_sample,telemetry,842.8246121000002,83,1962,1454,523,1154,,172.441,127.793,45.967,101.426,,3.9546718750000025,-52.031218749999994,50.097859374999985,101.42599999999999,23.557504584557933,-1.6285741635238962,21.82651515475459,23.557504584557933,1.6285741635238962,21.82651515475459,,,,,"{""elapsed_s"":842.8246121000002,""sample_index"":83,""id11_raw"":1962,""id12_raw"":1454,""id13_raw"":523,""id14_raw"":1154,""id11_deg"":172.441,""id12_deg"":127.793,""id13_deg"":45.967,""id14_deg"":101.426,""q1_deg"":3.9546718750000025,""q2_deg"":-52.031218749999994,""q3_deg"":50.097859374999985,""q4_deg"":101.42599999999999,""physical_x_mm"":23.557504584557933,""physical_y_mm"":-1.6285741635238962,""physical_z_mm"":21.82651515475459,""internal_x_mm"":23.557504584557933,""internal_y_mm"":1.6285741635238962,""internal_z_mm"":21.82651515475459,""position_error_mm"":null,""robot_timestamp_utc"":""2026-09-10T11:17:26.831+00:00"",""extra"":null}"
2026-09-10T11:17:29.013Z,20260910T110324.000Z-1a3fdf2b,215,telemetry_sample,telemetry,845.0008127000001,84,1962,1440,569,1117,,172.441,126.563,50.01,98.174,,3.9546718750000025,-53.26121875,54.14085937499999,98.17399999999998,22.738772408640788,-1.5719736834620823,13.671889162802131,22.738772408640788,1.5719736834620823,13.671889162802131,,,,,"{""elapsed_s"":845.0008127000001,""sample_index"":84,""id11_raw"":1962,""id12_raw"":1440,""id13_raw"":569,""id14_raw"":1117,""id11_deg"":172.441,""id12_deg"":126.563,""id13_deg"":50.01,""id14_deg"":98.174,""q1_deg"":3.9546718750000025,""q2_deg"":-53.26121875,""q3_deg"":54.14085937499999,""q4_deg"":98.17399999999998,""physical_x_mm"":22.738772408640788,""physical_y_mm"":-1.5719736834620823,""physical_z_mm"":13.671889162802131,""internal_x_mm"":22.738772408640788,""internal_y_mm"":1.5719736834620823,""internal_z_mm"":13.671889162802131,""position_error_mm"":null,""robot_timestamp_utc"":""2026-09-10T11:17:29.007+00:00"",""extra"":null}"
2026-09-10T11:17:29.980Z,20260910T110324.000Z-1a3fdf2b,217,telemetry_sample,telemetry,845.9680314000007,85,1962,1440,567,1116,,172.441,126.563,49.834,98.086,,3.9546718750000025,-53.26121875,53.964859375,98.08600000000001,23.46469194117594,-1.6221578526401301,13.939350582426954,23.46469194117594,1.6221578526401301,13.939350582426954,,,,,"{""elapsed_s"":845.9680314000007,""sample_index"":85,""id11_raw"":1962,""id12_raw"":1440,""id13_raw"":567,""id14_raw"":1116,""id11_deg"":172.441,""id12_deg"":126.563,""id13_deg"":49.834,""id14_deg"":98.086,""q1_deg"":3.9546718750000025,""q2_deg"":-53.26121875,""q3_deg"":53.964859375,""q4_deg"":98.08600000000001,""physical_x_mm"":23.46469194117594,""physical_y_mm"":-1.6221578526401301,""physical_z_mm"":13.939350582426954,""internal_x_mm"":23.46469194117594,""internal_y_mm"":1.6221578526401301,""internal_z_mm"":13.939350582426954,""position_error_mm"":null,""robot_timestamp_utc"":""2026-09-10T11:17:29.975+00:00"",""extra"":null}"
2026-09-10T11:17:30.618Z,20260910T110324.000Z-1a3fdf2b,219,telemetry_sample,telemetry,846.6065899000005,86,1962,1439,591,1093,,172.441,126.475,51.943,96.064,,3.9546718750000025,-53.349218750000006,56.073859374999984,96.06399999999996,23.190224366259656,-1.603183398039929,9.431638050139071,23.190224366259656,1.603183398039929,9.431638050139071,,,,,"{""elapsed_s"":846.6065899000005,""sample_index"":86,""id11_raw"":1962,""id12_raw"":1439,""id13_raw"":591,""id14_raw"":1093,""id11_deg"":172.441,""id12_deg"":126.475,""id13_deg"":51.943,""id14_deg"":96.064,""q1_deg"":3.9546718750000025,""q2_deg"":-53.349218750000006,""q3_deg"":56.073859374999984,""q4_deg"":96.06399999999996,""physical_x_mm"":23.190224366259656,""physical_y_mm"":-1.603183398039929,""physical_z_mm"":9.431638050139071,""internal_x_mm"":23.190224366259656,""internal_y_mm"":1.603183398039929,""internal_z_mm"":9.431638050139071,""position_error_mm"":null,""robot_timestamp_utc"":""2026-09-10T11:17:30.610+00:00"",""extra"":null}"
2026-09-10T11:17:31.079Z,20260910T110324.000Z-1a3fdf2b,221,telemetry_sample,telemetry,847.0669709000003,87,1962,1439,607,1074,,172.441,126.475,53.35,94.395,,3.9546718750000025,-53.349218750000006,57.48085937500002,94.39499999999998,23.72429879279562,-1.6401049577634264,6.2828831226316595,23.72429879279562,1.6401049577634264,6.2828831226316595,,,,,"{""elapsed_s"":847.0669709000003,""sample_index"":87,""id11_raw"":1962,""id12_raw"":1439,""id13_raw"":607,""id14_raw"":1074,""id11_deg"":172.441,""id12_deg"":126.475,""id13_deg"":53.35,""id14_deg"":94.395,""q1_deg"":3.9546718750000025,""q2_deg"":-53.349218750000006,""q3_deg"":57.48085937500002,""q4_deg"":94.39499999999998,""physical_x_mm"":23.72429879279562,""physical_y_mm"":-1.6401049577634264,""physical_z_mm"":6.2828831226316595,""internal_x_mm"":23.72429879279562,""internal_y_mm"":1.6401049577634264,""internal_z_mm"":6.2828831226316595,""position_error_mm"":null,""robot_timestamp_utc"":""2026-09-10T11:17:31.072+00:00"",""extra"":null}"
2026-09-10T11:17:32.885Z,20260910T110324.000Z-1a3fdf2b,223,telemetry_sample,telemetry,848.8731624000002,88,1961,1597,542,939,,172.354,140.361,47.637,82.529,,3.8676718750000134,-39.46321875000001,51.767859375,82.529,56.82347173762323,-3.84162626288748,6.013005699919461,56.82347173762323,3.84162626288748,6.013005699919461,,,,,"{""elapsed_s"":848.8731624000002,""sample_index"":88,""id11_raw"":1961,""id12_raw"":1597,""id13_raw"":542,""id14_raw"":939,""id11_deg"":172.354,""id12_deg"":140.361,""id13_deg"":47.637,""id14_deg"":82.529,""q1_deg"":3.8676718750000134,""q2_deg"":-39.46321875000001,""q3_deg"":51.767859375,""q4_deg"":82.529,""physical_x_mm"":56.82347173762323,""physical_y_mm"":-3.84162626288748,""physical_z_mm"":6.013005699919461,""internal_x_mm"":56.82347173762323,""internal_y_mm"":3.84162626288748,""internal_z_mm"":6.013005699919461,""position_error_mm"":null,""robot_timestamp_utc"":""2026-09-10T11:17:32.879+00:00"",""extra"":null}"
2026-09-10T11:17:33.344Z,20260910T110324.000Z-1a3fdf2b,225,telemetry_sample,telemetry,849.3319093,89,1959,1654,496,939,,172.178,145.371,43.594,82.529,,3.6916718749999973,-34.45321874999999,47.724859374999994,82.529,63.89230874696494,-4.122404565582992,9.271084457771735,63.89230874696494,4.122404565582992,9.271084457771735,,,,,"{""elapsed_s"":849.3319093,""sample_index"":89,""id11_raw"":1959,""id12_raw"":1654,""id13_raw"":496,""id14_raw"":939,""id11_deg"":172.178,""id12_deg"":145.371,""id13_deg"":43.594,""id14_deg"":82.529,""q1_deg"":3.6916718749999973,""q2_deg"":-34.45321874999999,""q3_deg"":47.724859374999994,""q4_deg"":82.529,""physical_x_mm"":63.89230874696494,""physical_y_mm"":-4.122404565582992,""physical_z_mm"":9.271084457771735,""internal_x_mm"":63.89230874696494,""internal_y_mm"":4.122404565582992,""internal_z_mm"":9.271084457771735,""position_error_mm"":null,""robot_timestamp_utc"":""2026-09-10T11:17:33.333+00:00"",""extra"":null}"
2026-09-10T11:17:33.732Z,20260910T110324.000Z-1a3fdf2b,227,telemetry_sample,telemetry,849.7200798000003,90,1959,1750,427,919,,172.178,153.809,37.529,80.771,,3.6916718749999973,-26.015218750000003,41.659859374999996,80.77100000000002,78.93503751979955,-5.092978567182297,10.912132328368585,78.93503751979955,5.092978567182297,10.912132328368585,,,,,"{""elapsed_s"":849.7200798000003,""sample_index"":90,""id11_raw"":1959,""id12_raw"":1750,""id13_raw"":427,""id14_raw"":919,""id11_deg"":172.178,""id12_deg"":153.809,""id13_deg"":37.529,""id14_deg"":80.771,""q1_deg"":3.6916718749999973,""q2_deg"":-26.015218750000003,""q3_deg"":41.659859374999996,""q4_deg"":80.77100000000002,""physical_x_mm"":78.93503751979955,""physical_y_mm"":-5.092978567182297,""physical_z_mm"":10.912132328368585,""internal_x_mm"":78.93503751979955,""internal_y_mm"":5.092978567182297,""internal_z_mm"":10.912132328368585,""position_error_mm"":null,""robot_timestamp_utc"":""2026-09-10T11:17:33.721+00:00"",""extra"":null}"
2026-09-10T11:17:34.357Z,20260910T110324.000Z-1a3fdf2b,229,telemetry_sample,telemetry,850.3455320000003,91,1960,1911,331,849,,172.266,167.959,29.092,74.619,,3.779671874999991,-11.865218749999997,33.222859374999985,74.619,107.89394818727258,-7.12786017327692,3.7030633529195427,107.89394818727258,7.12786017327692,3.7030633529195427,,,,,"{""elapsed_s"":850.3455320000003,""sample_index"":91,""id11_raw"":1960,""id12_raw"":1911,""id13_raw"":331,""id14_raw"":849,""id11_deg"":172.266,""id12_deg"":167.959,""id13_deg"":29.092,""id14_deg"":74.619,""q1_deg"":3.779671874999991,""q2_deg"":-11.865218749999997,""q3_deg"":33.222859374999985,""q4_deg"":74.619,""physical_x_mm"":107.89394818727258,""physical_y_mm"":-7.12786017327692,""physical_z_mm"":3.7030633529195427,""internal_x_mm"":107.89394818727258,""internal_y_mm"":7.12786017327692,""internal_z_mm"":3.7030633529195427,""position_error_mm"":null,""robot_timestamp_utc"":""2026-09-10T11:17:34.351+00:00"",""extra"":null}"
2026-09-10T11:17:36.268Z,20260910T110324.000Z-1a3fdf2b,231,telemetry_sample,telemetry,852.2556892000002,92,1956,2091,160,805,,171.914,183.779,14.063,70.752,,3.4276718749999873,3.9547812499999964,18.193859374999988,70.75200000000001,151.31875185753324,-9.063332131236498,-2.706052597734214,151.31875185753324,9.063332131236498,-2.706052597734214,,,,,"{""elapsed_s"":852.2556892000002,""sample_index"":92,""id11_raw"":1956,""id12_raw"":2091,""id13_raw"":160,""id14_raw"":805,""id11_deg"":171.914,""id12_deg"":183.779,""id13_deg"":14.063,""id14_deg"":70.752,""q1_deg"":3.4276718749999873,""q2_deg"":3.9547812499999964,""q3_deg"":18.193859374999988,""q4_deg"":70.75200000000001,""physical_x_mm"":151.31875185753324,""physical_y_mm"":-9.063332131236498,""physical_z_mm"":-2.706052597734214,""internal_x_mm"":151.31875185753324,""internal_y_mm"":9.063332131236498,""internal_z_mm"":-2.706052597734214,""position_error_mm"":null,""robot_timestamp_utc"":""2026-09-10T11:17:36.263+00:00"",""extra"":null}"
2026-09-10T11:17:36.975Z,20260910T110324.000Z-1a3fdf2b,233,telemetry_sample,telemetry,852.9632842999999,93,1958,2146,112,805,,172.09,188.613,9.844,70.752,,3.6036718750000034,8.78878125,13.974859374999994,70.75200000000001,159.56933427073514,-10.049518298466433,-7.050675530033885,159.56933427073514,10.049518298466433,-7.050675530033885,,,,,"{""elapsed_s"":852.9632842999999,""sample_index"":93,""id11_raw"":1958,""id12_raw"":2146,""id13_raw"":112,""id14_raw"":805,""id11_deg"":172.09,""id12_deg"":188.613,""id13_deg"":9.844,""id14_deg"":70.752,""q1_deg"":3.6036718750000034,""q2_deg"":8.78878125,""q3_deg"":13.974859374999994,""q4_deg"":70.75200000000001,""physical_x_mm"":159.56933427073514,""physical_y_mm"":-10.049518298466433,""physical_z_mm"":-7.050675530033885,""internal_x_mm"":159.56933427073514,""internal_y_mm"":10.049518298466433,""internal_z_mm"":-7.050675530033885,""position_error_mm"":null,""robot_timestamp_utc"":""2026-09-10T11:17:36.972+00:00"",""extra"":null}"
2026-09-10T11:17:38.358Z,20260910T110324.000Z-1a3fdf2b,235,telemetry_sample,telemetry,854.3459974000007,94,1956,2159,95,807,,171.914,189.756,8.35,70.928,,3.4276718749999873,9.93178125,12.480859375000023,70.928,162.81090648375599,-9.75166198462471,-7.265989502505448,162.81090648375599,9.75166198462471,-7.265989502505448,,,,,"{""elapsed_s"":854.3459974000007,""sample_index"":94,""id11_raw"":1956,""id12_raw"":2159,""id13_raw"":95,""id14_raw"":807,""id11_deg"":171.914,""id12_deg"":189.756,""id13_deg"":8.35,""id14_deg"":70.928,""q1_deg"":3.4276718749999873,""q2_deg"":9.93178125,""q3_deg"":12.480859375000023,""q4_deg"":70.928,""physical_x_mm"":162.81090648375599,""physical_y_mm"":-9.75166198462471,""physical_z_mm"":-7.265989502505448,""internal_x_mm"":162.81090648375599,""internal_y_mm"":9.75166198462471,""internal_z_mm"":-7.265989502505448,""position_error_mm"":null,""robot_timestamp_utc"":""2026-09-10T11:17:38.352+00:00"",""extra"":null}"
2026-09-10T11:17:39.172Z,20260910T110324.000Z-1a3fdf2b,237,telemetry_sample,telemetry,855.1601675000002,95,1957,2154,96,811,,172.002,189.316,8.438,71.279,,3.5156718750000095,9.491781250000003,12.568859374999988,71.279,162.15022046335955,-9.962051275126633,-6.213523067640267,162.15022046335955,9.962051275126633,-6.213523067640267,,,,,"{""elapsed_s"":855.1601675000002,""sample_index"":95,""id11_raw"":1957,""id12_raw"":2154,""id13_raw"":96,""id14_raw"":811,""id11_deg"":172.002,""id12_deg"":189.316,""id13_deg"":8.438,""id14_deg"":71.279,""q1_deg"":3.5156718750000095,""q2_deg"":9.491781250000003,""q3_deg"":12.568859374999988,""q4_deg"":71.279,""physical_x_mm"":162.15022046335955,""physical_y_mm"":-9.962051275126633,""physical_z_mm"":-6.213523067640267,""internal_x_mm"":162.15022046335955,""internal_y_mm"":9.962051275126633,""internal_z_mm"":-6.213523067640267,""position_error_mm"":null,""robot_timestamp_utc"":""2026-09-10T11:17:39.167+00:00"",""extra"":null}"
2026-09-10T11:17:39.700Z,20260910T110324.000Z-1a3fdf2b,239,telemetry_sample,telemetry,855.6881890000004,96,1960,2139,96,823,,172.266,187.998,8.438,72.334,,3.779671874999991,8.17378124999999,12.568859374999988,72.334,161.04837183672353,-10.63943154247725,-2.6009749627719714,161.04837183672353,10.63943154247725,-2.6009749627719714,,,,,"{""elapsed_s"":855.6881890000004,""sample_index"":96,""id11_raw"":1960,""id12_raw"":2139,""id13_raw"":96,""id14_raw"":823,""id11_deg"":172.266,""id12_deg"":187.998,""id13_deg"":8.438,""id14_deg"":72.334,""q1_deg"":3.779671874999991,""q2_deg"":8.17378124999999,""q3_deg"":12.568859374999988,""q4_deg"":72.334,""physical_x_mm"":161.04837183672353,""physical_y_mm"":-10.63943154247725,""physical_z_mm"":-2.6009749627719714,""internal_x_mm"":161.04837183672353,""internal_y_mm"":10.63943154247725,""internal_z_mm"":-2.6009749627719714,""position_error_mm"":null,""robot_timestamp_utc"":""2026-09-10T11:17:39.695+00:00"",""extra"":null}"
2026-09-10T11:17:40.587Z,20260910T110324.000Z-1a3fdf2b,241,telemetry_sample,telemetry,856.5756099,97,1963,2123,96,826,,172.529,186.592,8.438,72.598,,4.042671874999996,6.767781250000013,12.568859374999988,72.59800000000001,162.1599744230011,-11.460697948044684,1.1116365175282965,162.1599744230011,11.460697948044684,1.1116365175282965,,,,,"{""elapsed_s"":856.5756099,""sample_index"":97,""id11_raw"":1963,""id12_raw"":2123,""id13_raw"":96,""id14_raw"":826,""id11_deg"":172.529,""id12_deg"":186.592,""id13_deg"":8.438,""id14_deg"":72.598,""q1_deg"":4.042671874999996,""q2_deg"":6.767781250000013,""q3_deg"":12.568859374999988,""q4_deg"":72.59800000000001,""physical_x_mm"":162.1599744230011,""physical_y_mm"":-11.460697948044684,""physical_z_mm"":1.1116365175282965,""internal_x_mm"":162.1599744230011,""internal_y_mm"":11.460697948044684,""internal_z_mm"":1.1116365175282965,""position_error_mm"":null,""robot_timestamp_utc"":""2026-09-10T11:17:40.580+00:00"",""extra"":null}"
2026-09-10T11:17:41.431Z,20260910T110324.000Z-1a3fdf2b,243,telemetry_sample,telemetry,857.4190831000005,98,1963,2122,96,826,,172.529,186.504,8.438,72.598,,4.042671874999996,6.679781249999991,12.568859374999988,72.59800000000001,162.275297344294,-11.468848425202362,1.3429757610364845,162.275297344294,11.468848425202362,1.3429757610364845,,,,,"{""elapsed_s"":857.4190831000005,""sample_index"":98,""id11_raw"":1963,""id12_raw"":2122,""id13_raw"":96,""id14_raw"":826,""id11_deg"":172.529,""id12_deg"":186.504,""id13_deg"":8.438,""id14_deg"":72.598,""q1_deg"":4.042671874999996,""q2_deg"":6.679781249999991,""q3_deg"":12.568859374999988,""q4_deg"":72.59800000000001,""physical_x_mm"":162.275297344294,""physical_y_mm"":-11.468848425202362,""physical_z_mm"":1.3429757610364845,""internal_x_mm"":162.275297344294,""internal_y_mm"":11.468848425202362,""internal_z_mm"":1.3429757610364845,""position_error_mm"":null,""robot_timestamp_utc"":""2026-09-10T11:17:41.424+00:00"",""extra"":null}"
2026-09-10T11:17:43.413Z,20260910T110324.000Z-1a3fdf2b,245,telemetry_sample,telemetry,859.4014311999999,99,1963,2106,95,855,,172.529,185.098,8.35,75.146,,4.042671874999996,5.273781250000013,12.480859375000023,75.14600000000002,157.33420892961783,-11.119635729179917,5.442789798497159,157.33420892961783,11.119635729179917,5.442789798497159,,,,,"{""elapsed_s"":859.4014311999999,""sample_index"":99,""id11_raw"":1963,""id12_raw"":2106,""id13_raw"":95,""id14_raw"":855,""id11_deg"":172.529,""id12_deg"":185.098,""id13_deg"":8.35,""id14_deg"":75.146,""q1_deg"":4.042671874999996,""q2_deg"":5.273781250000013,""q3_deg"":12.480859375000023,""q4_deg"":75.14600000000002,""physical_x_mm"":157.33420892961783,""physical_y_mm"":-11.119635729179917,""physical_z_mm"":5.442789798497159,""internal_x_mm"":157.33420892961783,""internal_y_mm"":11.119635729179917,""internal_z_mm"":5.442789798497159,""position_error_mm"":null,""robot_timestamp_utc"":""2026-09-10T11:17:43.407+00:00"",""extra"":null}"
2026-09-10T11:17:44.787Z,20260910T110324.000Z-1a3fdf2b,247,telemetry_sample,telemetry,860.7753093000001,100,1965,2106,80,858,,172.705,185.098,7.031,75.41,,4.2186718750000125,5.273781250000013,11.161859375000006,75.41,161.04787150241077,-11.879383899470167,8.050200844721246,161.04787150241077,11.879383899470167,8.050200844721246,,,,,"{""elapsed_s"":860.7753093000001,""sample_index"":100,""id11_raw"":1965,""id12_raw"":2106,""id13_raw"":80,""id14_raw"":858,""id11_deg"":172.705,""id12_deg"":185.098,""id13_deg"":7.031,""id14_deg"":75.41,""q1_deg"":4.2186718750000125,""q2_deg"":5.273781250000013,""q3_deg"":11.161859375000006,""q4_deg"":75.41,""physical_x_mm"":161.04787150241077,""physical_y_mm"":-11.879383899470167,""physical_z_mm"":8.050200844721246,""internal_x_mm"":161.04787150241077,""internal_y_mm"":11.879383899470167,""internal_z_mm"":8.050200844721246,""position_error_mm"":null,""robot_timestamp_utc"":""2026-09-10T11:17:44.783+00:00"",""extra"":null}"
2026-09-10T11:17:45.371Z,20260910T110324.000Z-1a3fdf2b,249,telemetry_sample,telemetry,861.3590277000003,101,1965,2106,80,854,,172.705,185.098,7.031,75.059,,4.2186718750000125,5.273781250000013,11.161859375000006,75.059,162.01703690997437,-11.950872506125625,8.021865425985311,162.01703690997437,11.950872506125625,8.021865425985311,,,,,"{""elapsed_s"":861.3590277000003,""sample_index"":101,""id11_raw"":1965,""id12_raw"":2106,""id13_raw"":80,""id14_raw"":854,""id11_deg"":172.705,""id12_deg"":185.098,""id13_deg"":7.031,""id14_deg"":75.059,""q1_deg"":4.2186718750000125,""q2_deg"":5.273781250000013,""q3_deg"":11.161859375000006,""q4_deg"":75.059,""physical_x_mm"":162.01703690997437,""physical_y_mm"":-11.950872506125625,""physical_z_mm"":8.021865425985311,""internal_x_mm"":162.01703690997437,""internal_y_mm"":11.950872506125625,""internal_z_mm"":8.021865425985311,""position_error_mm"":null,""robot_timestamp_utc"":""2026-09-10T11:17:45.366+00:00"",""extra"":null}"
2026-09-10T11:17:45.917Z,20260910T110324.000Z-1a3fdf2b,251,telemetry_sample,telemetry,861.9049507,102,1965,2106,82,853,,172.705,185.098,7.207,74.971,,4.2186718750000125,5.273781250000013,11.337859374999994,74.971,161.66600054346898,-11.924978989362629,7.663240014959541,161.66600054346898,11.924978989362629,7.663240014959541,,,,,"{""elapsed_s"":861.9049507,""sample_index"":102,""id11_raw"":1965,""id12_raw"":2106,""id13_raw"":82,""id14_raw"":853,""id11_deg"":172.705,""id12_deg"":185.098,""id13_deg"":7.207,""id14_deg"":74.971,""q1_deg"":4.2186718750000125,""q2_deg"":5.273781250000013,""q3_deg"":11.337859374999994,""q4_deg"":74.971,""physical_x_mm"":161.66600054346898,""physical_y_mm"":-11.924978989362629,""physical_z_mm"":7.663240014959541,""internal_x_mm"":161.66600054346898,""internal_y_mm"":11.924978989362629,""internal_z_mm"":7.663240014959541,""position_error_mm"":null,""robot_timestamp_utc"":""2026-09-10T11:17:45.912+00:00"",""extra"":null}"
2026-09-10T11:17:50.228Z,20260910T110324.000Z-1a3fdf2b,253,telemetry_sample,telemetry,866.2161605000001,103,2006,1711,428,856,,176.309,150.381,37.617,75.234,,7.8226718749999975,-29.44321875,41.74785937500002,75.23399999999998,97.03594598251989,-13.331390799674017,14.786231474201742,97.03594598251989,13.331390799674017,14.786231474201742,,,,,"{""elapsed_s"":866.2161605000001,""sample_index"":103,""id11_raw"":2006,""id12_raw"":1711,""id13_raw"":428,""id14_raw"":856,""id11_deg"":176.309,""id12_deg"":150.381,""id13_deg"":37.617,""id14_deg"":75.234,""q1_deg"":7.8226718749999975,""q2_deg"":-29.44321875,""q3_deg"":41.74785937500002,""q4_deg"":75.23399999999998,""physical_x_mm"":97.03594598251989,""physical_y_mm"":-13.331390799674017,""physical_z_mm"":14.786231474201742,""internal_x_mm"":97.03594598251989,""internal_y_mm"":13.331390799674017,""internal_z_mm"":14.786231474201742,""position_error_mm"":null,""robot_timestamp_utc"":""2026-09-10T11:17:50.223+00:00"",""extra"":null}"
2026-09-10T11:17:53.264Z,20260910T110324.000Z-1a3fdf2b,255,telemetry_sample,telemetry,869.2526173000006,104,2002,2027,106,961,,175.957,178.154,9.316,84.463,,7.470671874999994,-1.6702187500000036,13.446859374999974,84.46299999999997,135.24243463076206,-17.734582310071712,22.07725485764584,135.24243463076206,17.734582310071712,22.07725485764584,,,,,"{""elapsed_s"":869.2526173000006,""sample_index"":104,""id11_raw"":2002,""id12_raw"":2027,""id13_raw"":106,""id14_raw"":961,""id11_deg"":175.957,""id12_deg"":178.154,""id13_deg"":9.316,""id14_deg"":84.463,""q1_deg"":7.470671874999994,""q2_deg"":-1.6702187500000036,""q3_deg"":13.446859374999974,""q4_deg"":84.46299999999997,""physical_x_mm"":135.24243463076206,""physical_y_mm"":-17.734582310071712,""physical_z_mm"":22.07725485764584,""internal_x_mm"":135.24243463076206,""internal_y_mm"":17.734582310071712,""internal_z_mm"":22.07725485764584,""position_error_mm"":null,""robot_timestamp_utc"":""2026-09-10T11:17:53.256+00:00"",""extra"":null}"
2026-09-10T11:17:53.946Z,20260910T110324.000Z-1a3fdf2b,257,telemetry_sample,telemetry,869.9342682000006,105,1967,2036,92,953,,172.881,178.945,8.086,83.76,,4.394671875,-0.8792187500000068,12.216859375000013,83.75999999999999,141.0962086782394,-10.84356297248001,22.40370410259112,141.0962086782394,10.84356297248001,22.40370410259112,,,,,"{""elapsed_s"":869.9342682000006,""sample_index"":105,""id11_raw"":1967,""id12_raw"":2036,""id13_raw"":92,""id14_raw"":953,""id11_deg"":172.881,""id12_deg"":178.945,""id13_deg"":8.086,""id14_deg"":83.76,""q1_deg"":4.394671875,""q2_deg"":-0.8792187500000068,""q3_deg"":12.216859375000013,""q4_deg"":83.75999999999999,""physical_x_mm"":141.0962086782394,""physical_y_mm"":-10.84356297248001,""physical_z_mm"":22.40370410259112,""internal_x_mm"":141.0962086782394,""internal_y_mm"":10.84356297248001,""internal_z_mm"":22.40370410259112,""position_error_mm"":null,""robot_timestamp_utc"":""2026-09-10T11:17:53.940+00:00"",""extra"":null}"
2026-09-10T11:17:54.421Z,20260910T110324.000Z-1a3fdf2b,259,telemetry_sample,telemetry,870.4095789000003,106,1963,2036,95,952,,172.529,178.945,8.35,83.672,,4.042671874999996,-0.8792187500000068,12.480859375000023,83.67200000000003,140.5625460700045,-9.934294137924686,21.887824288819246,140.5625460700045,9.934294137924686,21.887824288819246,,,,,"{""elapsed_s"":870.4095789000003,""sample_index"":106,""id11_raw"":1963,""id12_raw"":2036,""id13_raw"":95,""id14_raw"":952,""id11_deg"":172.529,""id12_deg"":178.945,""id13_deg"":8.35,""id14_deg"":83.672,""q1_deg"":4.042671874999996,""q2_deg"":-0.8792187500000068,""q3_deg"":12.480859375000023,""q4_deg"":83.67200000000003,""physical_x_mm"":140.5625460700045,""physical_y_mm"":-9.934294137924686,""physical_z_mm"":21.887824288819246,""internal_x_mm"":140.5625460700045,""internal_y_mm"":9.934294137924686,""internal_z_mm"":21.887824288819246,""position_error_mm"":null,""robot_timestamp_utc"":""2026-09-10T11:17:54.416+00:00"",""extra"":null}"
2026-09-10T11:17:54.989Z,20260910T110324.000Z-1a3fdf2b,261,telemetry_sample,telemetry,870.9771522000001,107,1955,2036,111,936,,171.826,178.945,9.756,82.266,,3.3396718749999934,-0.8792187500000068,13.886859374999972,82.26600000000002,140.0265046280343,-8.171158725690571,18.91492205341163,140.0265046280343,8.171158725690571,18.91492205341163,,,,,"{""elapsed_s"":870.9771522000001,""sample_index"":107,""id11_raw"":1955,""id12_raw"":2036,""id13_raw"":111,""id14_raw"":936,""id11_deg"":171.826,""id12_deg"":178.945,""id13_deg"":9.756,""id14_deg"":82.266,""q1_deg"":3.3396718749999934,""q2_deg"":-0.8792187500000068,""q3_deg"":13.886859374999972,""q4_deg"":82.26600000000002,""physical_x_mm"":140.0265046280343,""physical_y_mm"":-8.171158725690571,""physical_z_mm"":18.91492205341163,""internal_x_mm"":140.0265046280343,""internal_y_mm"":8.171158725690571,""internal_z_mm"":18.91492205341163,""position_error_mm"":null,""robot_timestamp_utc"":""2026-09-10T11:17:54.983+00:00"",""extra"":null}"
2026-09-10T11:17:55.501Z,20260910T110324.000Z-1a3fdf2b,263,telemetry_sample,telemetry,871.4892512000006,108,1949,2031,173,889,,171.299,178.506,15.205,78.135,,2.8126718750000066,-1.3182187499999998,19.335859374999984,78.13499999999999,133.79772318214066,-6.573462979353305,8.877963483682748,133.79772318214066,6.573462979353305,8.877963483682748,,,,,"{""elapsed_s"":871.4892512000006,""sample_index"":108,""id11_raw"":1949,""id12_raw"":2031,""id13_raw"":173,""id14_raw"":889,""id11_deg"":171.299,""id12_deg"":178.506,""id13_deg"":15.205,""id14_deg"":78.135,""q1_deg"":2.8126718750000066,""q2_deg"":-1.3182187499999998,""q3_deg"":19.335859374999984,""q4_deg"":78.13499999999999,""physical_x_mm"":133.79772318214066,""physical_y_mm"":-6.573462979353305,""physical_z_mm"":8.877963483682748,""internal_x_mm"":133.79772318214066,""internal_y_mm"":6.573462979353305,""internal_z_mm"":8.877963483682748,""position_error_mm"":null,""robot_timestamp_utc"":""2026-09-10T11:17:55.495+00:00"",""extra"":null}"
2026-09-10T11:17:57.484Z,20260910T110324.000Z-1a3fdf2b,265,telemetry_sample,telemetry,873.4725846000001,109,1972,2043,-33,1025,,173.32,179.561,357.1,90.088,,4.833671874999993,-0.26321874999999295,1.2308593750000227,90.08799999999997,155.91375684550616,-13.184722819118214,43.84176468605207,155.91375684550616,13.184722819118214,43.84176468605207,,,,,"{""elapsed_s"":873.4725846000001,""sample_index"":109,""id11_raw"":1972,""id12_raw"":2043,""id13_raw"":-33,""id14_raw"":1025,""id11_deg"":173.32,""id12_deg"":179.561,""id13_deg"":357.1,""id14_deg"":90.088,""q1_deg"":4.833671874999993,""q2_deg"":-0.26321874999999295,""q3_deg"":1.2308593750000227,""q4_deg"":90.08799999999997,""physical_x_mm"":155.91375684550616,""physical_y_mm"":-13.184722819118214,""physical_z_mm"":43.84176468605207,""internal_x_mm"":155.91375684550616,""internal_y_mm"":13.184722819118214,""internal_z_mm"":43.84176468605207,""position_error_mm"":null,""robot_timestamp_utc"":""2026-09-10T11:17:57.479+00:00"",""extra"":null}"
2026-09-10T11:17:59.640Z,20260910T110324.000Z-1a3fdf2b,267,telemetry_sample,telemetry,875.6280407000004,110,1958,2036,84,939,,172.09,178.945,7.383,82.529,,3.6036718750000034,-0.8792187500000068,11.513859374999981,82.529,146.85396033416498,-9.248716668056673,23.511408967879362,146.85396033416498,9.248716668056673,23.511408967879362,,,,,"{""elapsed_s"":875.6280407000004,""sample_index"":110,""id11_raw"":1958,""id12_raw"":2036,""id13_raw"":84,""id14_raw"":939,""id11_deg"":172.09,""id12_deg"":178.945,""id13_deg"":7.383,""id14_deg"":82.529,""q1_deg"":3.6036718750000034,""q2_deg"":-0.8792187500000068,""q3_deg"":11.513859374999981,""q4_deg"":82.529,""physical_x_mm"":146.85396033416498,""physical_y_mm"":-9.248716668056673,""physical_z_mm"":23.511408967879362,""internal_x_mm"":146.85396033416498,""internal_y_mm"":9.248716668056673,""internal_z_mm"":23.511408967879362,""position_error_mm"":null,""robot_timestamp_utc"":""2026-09-10T11:17:59.632+00:00"",""extra"":null}"
2026-09-10T11:18:00.463Z,20260910T110324.000Z-1a3fdf2b,269,telemetry_sample,telemetry,876.4511186999998,111,1946,2041,87,938,,171.035,179.385,7.646,82.441,,2.5486718749999966,-0.4392187500000091,11.776859375000015,82.44100000000003,145.99511389890583,-6.498545971453565,21.948014267430636,145.99511389890583,6.498545971453565,21.948014267430636,,,,,"{""elapsed_s"":876.4511186999998,""sample_index"":111,""id11_raw"":1946,""id12_raw"":2041,""id13_raw"":87,""id14_raw"":938,""id11_deg"":171.035,""id12_deg"":179.385,""id13_deg"":7.646,""id14_deg"":82.441,""q1_deg"":2.5486718749999966,""q2_deg"":-0.4392187500000091,""q3_deg"":11.776859375000015,""q4_deg"":82.44100000000003,""physical_x_mm"":145.99511389890583,""physical_y_mm"":-6.498545971453565,""physical_z_mm"":21.948014267430636,""internal_x_mm"":145.99511389890583,""internal_y_mm"":6.498545971453565,""internal_z_mm"":21.948014267430636,""position_error_mm"":null,""robot_timestamp_utc"":""2026-09-10T11:18:00.457+00:00"",""extra"":null}"
2026-09-10T11:18:01.149Z,20260910T110324.000Z-1a3fdf2b,271,telemetry_sample,telemetry,877.1375091999998,112,1934,2042,102,936,,169.98,179.473,8.965,82.266,,1.4936718749999898,-0.3512187499999868,13.095859374999975,82.26600000000002,142.2506022837519,-3.709241289089249,19.196016234829102,142.2506022837519,3.709241289089249,19.196016234829102,,,,,"{""elapsed_s"":877.1375091999998,""sample_index"":112,""id11_raw"":1934,""id12_raw"":2042,""id13_raw"":102,""id14_raw"":936,""id11_deg"":169.98,""id12_deg"":179.473,""id13_deg"":8.965,""id14_deg"":82.266,""q1_deg"":1.4936718749999898,""q2_deg"":-0.3512187499999868,""q3_deg"":13.095859374999975,""q4_deg"":82.26600000000002,""physical_x_mm"":142.2506022837519,""physical_y_mm"":-3.709241289089249,""physical_z_mm"":19.196016234829102,""internal_x_mm"":142.2506022837519,""internal_y_mm"":3.709241289089249,""internal_z_mm"":19.196016234829102,""position_error_mm"":null,""robot_timestamp_utc"":""2026-09-10T11:18:01.145+00:00"",""extra"":null}"
2026-09-10T11:18:01.868Z,20260910T110324.000Z-1a3fdf2b,273,telemetry_sample,telemetry,877.8564872000006,113,1920,2049,110,935,,168.75,180.088,9.668,82.178,,0.263671875,0.26378124999999386,13.798859375000006,82.178,139.61995660508813,-0.6425275289082134,16.498752893231313,139.61995660508813,0.6425275289082134,16.498752893231313,,,,,"{""elapsed_s"":877.8564872000006,""sample_index"":113,""id11_raw"":1920,""id12_raw"":2049,""id13_raw"":110,""id14_raw"":935,""id11_deg"":168.75,""id12_deg"":180.088,""id13_deg"":9.668,""id14_deg"":82.178,""q1_deg"":0.263671875,""q2_deg"":0.26378124999999386,""q3_deg"":13.798859375000006,""q4_deg"":82.178,""physical_x_mm"":139.61995660508813,""physical_y_mm"":-0.6425275289082134,""physical_z_mm"":16.498752893231313,""internal_x_mm"":139.61995660508813,""internal_y_mm"":0.6425275289082134,""internal_z_mm"":16.498752893231313,""position_error_mm"":null,""robot_timestamp_utc"":""2026-09-10T11:18:01.863+00:00"",""extra"":null}"
2026-09-10T11:18:02.698Z,20260910T110324.000Z-1a3fdf2b,275,telemetry_sample,telemetry,878.6862379000004,114,1917,2055,116,935,,168.486,180.615,10.195,82.178,,-0.00032812500001000444,0.7907812500000091,14.325859374999993,82.178,137.32307076727506,0.0007864302219169606,14.403716207262221,137.32307076727506,-0.0007864302219169606,14.403716207262221,,,,,"{""elapsed_s"":878.6862379000004,""sample_index"":114,""id11_raw"":1917,""id12_raw"":2055,""id13_raw"":116,""id14_raw"":935,""id11_deg"":168.486,""id12_deg"":180.615,""id13_deg"":10.195,""id14_deg"":82.178,""q1_deg"":-0.00032812500001000444,""q2_deg"":0.7907812500000091,""q3_deg"":14.325859374999993,""q4_deg"":82.178,""physical_x_mm"":137.32307076727506,""physical_y_mm"":0.0007864302219169606,""physical_z_mm"":14.403716207262221,""internal_x_mm"":137.32307076727506,""internal_y_mm"":-0.0007864302219169606,""internal_z_mm"":14.403716207262221,""position_error_mm"":null,""robot_timestamp_utc"":""2026-09-10T11:18:02.691+00:00"",""extra"":null}"
2026-09-10T11:18:03.635Z,20260910T110324.000Z-1a3fdf2b,277,telemetry_sample,telemetry,879.623294,115,1909,2069,140,928,,167.783,181.846,12.305,81.563,,-0.703328125000013,2.0217812500000036,16.435859375000007,81.56299999999999,130.49791565146296,1.601993471360685,8.035730268171477,130.49791565146296,-1.601993471360685,8.035730268171477,,,,,"{""elapsed_s"":879.623294,""sample_index"":115,""id11_raw"":1909,""id12_raw"":2069,""id13_raw"":140,""id14_raw"":928,""id11_deg"":167.783,""id12_deg"":181.846,""id13_deg"":12.305,""id14_deg"":81.563,""q1_deg"":-0.703328125000013,""q2_deg"":2.0217812500000036,""q3_deg"":16.435859375000007,""q4_deg"":81.56299999999999,""physical_x_mm"":130.49791565146296,""physical_y_mm"":1.601993471360685,""physical_z_mm"":8.035730268171477,""internal_x_mm"":130.49791565146296,""internal_y_mm"":-1.601993471360685,""internal_z_mm"":8.035730268171477,""position_error_mm"":null,""robot_timestamp_utc"":""2026-09-10T11:18:03.625+00:00"",""extra"":null}"
2026-09-10T11:18:04.671Z,20260910T110324.000Z-1a3fdf2b,279,telemetry_sample,telemetry,880.6592713999999,116,1903,2073,153,921,,167.256,182.197,13.447,80.947,,-1.2303281249999998,2.3727812500000027,17.577859375000003,80.947,127.80462876595925,2.744806043197077,5.248446271147515,127.80462876595925,-2.744806043197077,5.248446271147515,,,,,"{""elapsed_s"":880.6592713999999,""sample_index"":116,""id11_raw"":1903,""id12_raw"":2073,""id13_raw"":153,""id14_raw"":921,""id11_deg"":167.256,""id12_deg"":182.197,""id13_deg"":13.447,""id14_deg"":80.947,""q1_deg"":-1.2303281249999998,""q2_deg"":2.3727812500000027,""q3_deg"":17.577859375000003,""q4_deg"":80.947,""physical_x_mm"":127.80462876595925,""physical_y_mm"":2.744806043197077,""physical_z_mm"":5.248446271147515,""internal_x_mm"":127.80462876595925,""internal_y_mm"":-2.744806043197077,""internal_z_mm"":5.248446271147515,""position_error_mm"":null,""robot_timestamp_utc"":""2026-09-10T11:18:04.664+00:00"",""extra"":null}"
2026-09-10T11:18:05.431Z,20260910T110324.000Z-1a3fdf2b,281,telemetry_sample,telemetry,881.4194103,117,1901,2076,159,920,,167.08,182.461,13.975,80.859,,-1.4063281249999875,2.6367812500000127,18.105859375000023,80.85899999999998,125.87210105776106,3.0901583778133803,3.885504039930254,125.87210105776106,-3.0901583778133803,3.885504039930254,,,,,"{""elapsed_s"":881.4194103,""sample_index"":117,""id11_raw"":1901,""id12_raw"":2076,""id13_raw"":159,""id14_raw"":920,""id11_deg"":167.08,""id12_deg"":182.461,""id13_deg"":13.975,""id14_deg"":80.859,""q1_deg"":-1.4063281249999875,""q2_deg"":2.6367812500000127,""q3_deg"":18.105859375000023,""q4_deg"":80.85899999999998,""physical_x_mm"":125.87210105776106,""physical_y_mm"":3.0901583778133803,""physical_z_mm"":3.885504039930254,""internal_x_mm"":125.87210105776106,""internal_y_mm"":-3.0901583778133803,""internal_z_mm"":3.885504039930254,""position_error_mm"":null,""robot_timestamp_utc"":""2026-09-10T11:18:05.424+00:00"",""extra"":null}"
2026-09-10T11:18:05.970Z,20260910T110324.000Z-1a3fdf2b,283,telemetry_sample,telemetry,881.9576950999999,118,1897,2079,162,919,,166.729,182.725,14.238,80.771,,-1.7573281249999866,2.9007812499999943,18.368859375,80.77100000000002,124.83602452184812,3.830066991383297,2.930920606778926,124.83602452184812,-3.830066991383297,2.930920606778926,,,,,"{""elapsed_s"":881.9576950999999,""sample_index"":118,""id11_raw"":1897,""id12_raw"":2079,""id13_raw"":162,""id14_raw"":919,""id11_deg"":166.729,""id12_deg"":182.725,""id13_deg"":14.238,""id14_deg"":80.771,""q1_deg"":-1.7573281249999866,""q2_deg"":2.9007812499999943,""q3_deg"":18.368859375,""q4_deg"":80.77100000000002,""physical_x_mm"":124.83602452184812,""physical_y_mm"":3.830066991383297,""physical_z_mm"":2.930920606778926,""internal_x_mm"":124.83602452184812,""internal_y_mm"":-3.830066991383297,""internal_z_mm"":2.930920606778926,""position_error_mm"":null,""robot_timestamp_utc"":""2026-09-10T11:18:05.966+00:00"",""extra"":null}"
2026-09-10T11:18:07.006Z,20260910T110324.000Z-1a3fdf2b,285,telemetry_sample,telemetry,882.9936312,119,1894,2080,165,920,,166.465,182.812,14.502,80.859,,-2.0213281249999966,2.987781250000012,18.63285937500001,80.85899999999998,123.54412101430209,4.360301259624055,2.4357070967191987,123.54412101430209,-4.360301259624055,2.4357070967191987,,,,,"{""elapsed_s"":882.9936312,""sample_index"":119,""id11_raw"":1894,""id12_raw"":2080,""id13_raw"":165,""id14_raw"":920,""id11_deg"":166.465,""id12_deg"":182.812,""id13_deg"":14.502,""id14_deg"":80.859,""q1_deg"":-2.0213281249999966,""q2_deg"":2.987781250000012,""q3_deg"":18.63285937500001,""q4_deg"":80.85899999999998,""physical_x_mm"":123.54412101430209,""physical_y_mm"":4.360301259624055,""physical_z_mm"":2.4357070967191987,""internal_x_mm"":123.54412101430209,""internal_y_mm"":-4.360301259624055,""internal_z_mm"":2.4357070967191987,""position_error_mm"":null,""robot_timestamp_utc"":""2026-09-10T11:18:06.999+00:00"",""extra"":null}"
2026-09-10T11:18:08.539Z,20260910T110324.000Z-1a3fdf2b,287,telemetry_sample,telemetry,884.5272733000002,120,1921,2200,-13,920,,168.838,193.359,358.857,80.859,,0.35167187499999386,13.534781250000009,2.9878593750000277,80.85899999999998,163.7772340443208,-1.0052497888705372,2.678697210802426,163.7772340443208,1.0052497888705372,2.678697210802426,,,,,"{""elapsed_s"":884.5272733000002,""sample_index"":120,""id11_raw"":1921,""id12_raw"":2200,""id13_raw"":-13,""id14_raw"":920,""id11_deg"":168.838,""id12_deg"":193.359,""id13_deg"":358.857,""id14_deg"":80.859,""q1_deg"":0.35167187499999386,""q2_deg"":13.534781250000009,""q3_deg"":2.9878593750000277,""q4_deg"":80.85899999999998,""physical_x_mm"":163.7772340443208,""physical_y_mm"":-1.0052497888705372,""physical_z_mm"":2.678697210802426,""internal_x_mm"":163.7772340443208,""internal_y_mm"":1.0052497888705372,""internal_z_mm"":2.678697210802426,""position_error_mm"":null,""robot_timestamp_utc"":""2026-09-10T11:18:08.534+00:00"",""extra"":null}"
2026-09-10T11:18:09.161Z,20260910T110324.000Z-1a3fdf2b,289,telemetry_sample,telemetry,885.1487198000004,121,1923,2229,-50,914,,169.014,195.908,355.605,80.332,,0.52767187500001,16.083781249999987,-0.2641406249999818,80.332,172.81183909710776,-1.591574913813746,1.250933469937081,172.81183909710776,1.591574913813746,1.250933469937081,,,,,"{""elapsed_s"":885.1487198000004,""sample_index"":121,""id11_raw"":1923,""id12_raw"":2229,""id13_raw"":-50,""id14_raw"":914,""id11_deg"":169.014,""id12_deg"":195.908,""id13_deg"":355.605,""id14_deg"":80.332,""q1_deg"":0.52767187500001,""q2_deg"":16.083781249999987,""q3_deg"":-0.2641406249999818,""q4_deg"":80.332,""physical_x_mm"":172.81183909710776,""physical_y_mm"":-1.591574913813746,""physical_z_mm"":1.250933469937081,""internal_x_mm"":172.81183909710776,""internal_y_mm"":1.591574913813746,""internal_z_mm"":1.250933469937081,""position_error_mm"":null,""robot_timestamp_utc"":""2026-09-10T11:18:09.156+00:00"",""extra"":null}"
2026-09-10T11:18:09.782Z,20260910T110324.000Z-1a3fdf2b,291,telemetry_sample,telemetry,885.7702182000003,122,1932,2296,-138,918,,169.805,201.797,347.871,80.684,,1.3186718750000068,21.972781249999997,-7.998140625000019,80.68399999999997,189.54020070675475,-4.363069574420856,-1.8984455303287007,189.54020070675475,4.363069574420856,-1.8984455303287007,,,,,"{""elapsed_s"":885.7702182000003,""sample_index"":122,""id11_raw"":1932,""id12_raw"":2296,""id13_raw"":-138,""id14_raw"":918,""id11_deg"":169.805,""id12_deg"":201.797,""id13_deg"":347.871,""id14_deg"":80.684,""q1_deg"":1.3186718750000068,""q2_deg"":21.972781249999997,""q3_deg"":-7.998140625000019,""q4_deg"":80.68399999999997,""physical_x_mm"":189.54020070675475,""physical_y_mm"":-4.363069574420856,""physical_z_mm"":-1.8984455303287007,""internal_x_mm"":189.54020070675475,""internal_y_mm"":4.363069574420856,""internal_z_mm"":-1.8984455303287007,""position_error_mm"":null,""robot_timestamp_utc"":""2026-09-10T11:18:09.776+00:00"",""extra"":null}"
2026-09-10T11:18:12.828Z,20260910T110324.000Z-1a3fdf2b,293,telemetry_sample,telemetry,888.8157887000007,123,1937,2382,-246,919,,170.244,209.355,338.379,80.771,,1.7576718749999998,29.53078124999999,-17.49014062499998,80.77100000000002,209.3610124813306,-6.4246170719654385,-8.333766353687196,209.3610124813306,6.4246170719654385,-8.333766353687196,,,,,"{""elapsed_s"":888.8157887000007,""sample_index"":123,""id11_raw"":1937,""id12_raw"":2382,""id13_raw"":-246,""id14_raw"":919,""id11_deg"":170.244,""id12_deg"":209.355,""id13_deg"":338.379,""id14_deg"":80.771,""q1_deg"":1.7576718749999998,""q2_deg"":29.53078124999999,""q3_deg"":-17.49014062499998,""q4_deg"":80.77100000000002,""physical_x_mm"":209.3610124813306,""physical_y_mm"":-6.4246170719654385,""physical_z_mm"":-8.333766353687196,""internal_x_mm"":209.3610124813306,""internal_y_mm"":6.4246170719654385,""internal_z_mm"":-8.333766353687196,""position_error_mm"":null,""robot_timestamp_utc"":""2026-09-10T11:18:12.823+00:00"",""extra"":null}"
2026-09-10T11:18:13.601Z,20260910T110324.000Z-1a3fdf2b,295,telemetry_sample,telemetry,889.5892997999999,124,1938,2445,-339,919,,170.332,214.893,330.205,80.771,,1.8456718749999936,35.06878125,-25.664140625000016,80.77100000000002,226.9157385243534,-7.312177697454197,-11.487756069298769,226.9157385243534,7.312177697454197,-11.487756069298769,,,,,"{""elapsed_s"":889.5892997999999,""sample_index"":124,""id11_raw"":1938,""id12_raw"":2445,""id13_raw"":-339,""id14_raw"":919,""id11_deg"":170.332,""id12_deg"":214.893,""id13_deg"":330.205,""id14_deg"":80.771,""q1_deg"":1.8456718749999936,""q2_deg"":35.06878125,""q3_deg"":-25.664140625000016,""q4_deg"":80.77100000000002,""physical_x_mm"":226.9157385243534,""physical_y_mm"":-7.312177697454197,""physical_z_mm"":-11.487756069298769,""internal_x_mm"":226.9157385243534,""internal_y_mm"":7.312177697454197,""internal_z_mm"":-11.487756069298769,""position_error_mm"":null,""robot_timestamp_utc"":""2026-09-10T11:18:13.595+00:00"",""extra"":null}"
2026-09-10T11:18:14.243Z,20260910T110324.000Z-1a3fdf2b,297,telemetry_sample,telemetry,890.2314525000002,125,1945,2484,-391,919,,170.947,218.32,325.635,80.771,,2.4606718750000027,38.49578124999999,-30.23414062500001,80.77100000000002,235.6331770521256,-10.125923345864107,-14.75465550609087,235.6331770521256,10.125923345864107,-14.75465550609087,,,,,"{""elapsed_s"":890.2314525000002,""sample_index"":125,""id11_raw"":1945,""id12_raw"":2484,""id13_raw"":-391,""id14_raw"":919,""id11_deg"":170.947,""id12_deg"":218.32,""id13_deg"":325.635,""id14_deg"":80.771,""q1_deg"":2.4606718750000027,""q2_deg"":38.49578124999999,""q3_deg"":-30.23414062500001,""q4_deg"":80.77100000000002,""physical_x_mm"":235.6331770521256,""physical_y_mm"":-10.125923345864107,""physical_z_mm"":-14.75465550609087,""internal_x_mm"":235.6331770521256,""internal_y_mm"":10.125923345864107,""internal_z_mm"":-14.75465550609087,""position_error_mm"":null,""robot_timestamp_utc"":""2026-09-10T11:18:14.238+00:00"",""extra"":null}"
2026-09-10T11:18:16.720Z,20260910T110324.000Z-1a3fdf2b,299,telemetry_sample,telemetry,892.7078516000001,126,1917,1522,565,1071,,168.486,133.77,49.658,94.131,,-0.00032812500001000444,-46.05421874999999,53.788859375000015,94.13099999999997,26.73623781226638,0.00015311473387861316,10.611474971889635,26.73623781226638,-0.00015311473387861316,10.611474971889635,,,,,"{""elapsed_s"":892.7078516000001,""sample_index"":126,""id11_raw"":1917,""id12_raw"":1522,""id13_raw"":565,""id14_raw"":1071,""id11_deg"":168.486,""id12_deg"":133.77,""id13_deg"":49.658,""id14_deg"":94.131,""q1_deg"":-0.00032812500001000444,""q2_deg"":-46.05421874999999,""q3_deg"":53.788859375000015,""q4_deg"":94.13099999999997,""physical_x_mm"":26.73623781226638,""physical_y_mm"":0.00015311473387861316,""physical_z_mm"":10.611474971889635,""internal_x_mm"":26.73623781226638,""internal_y_mm"":-0.00015311473387861316,""internal_z_mm"":10.611474971889635,""position_error_mm"":null,""robot_timestamp_utc"":""2026-09-10T11:18:16.711+00:00"",""extra"":null}"
2026-09-10T11:18:17.886Z,20260910T110324.000Z-1a3fdf2b,301,telemetry_sample,telemetry,893.8740951,127,1908,1490,566,1075,,167.695,130.957,49.746,94.482,,-0.7913281250000068,-48.867218750000006,53.87685937499998,94.48199999999997,28.732758116622737,0.3968614375809136,11.420254245860775,28.732758116622737,-0.3968614375809136,11.420254245860775,,,,,"{""elapsed_s"":893.8740951,""sample_index"":127,""id11_raw"":1908,""id12_raw"":1490,""id13_raw"":566,""id14_raw"":1075,""id11_deg"":167.695,""id12_deg"":130.957,""id13_deg"":49.746,""id14_deg"":94.482,""q1_deg"":-0.7913281250000068,""q2_deg"":-48.867218750000006,""q3_deg"":53.87685937499998,""q4_deg"":94.48199999999997,""physical_x_mm"":28.732758116622737,""physical_y_mm"":0.3968614375809136,""physical_z_mm"":11.420254245860775,""internal_x_mm"":28.732758116622737,""internal_y_mm"":-0.3968614375809136,""internal_z_mm"":11.420254245860775,""position_error_mm"":null,""robot_timestamp_utc"":""2026-09-10T11:18:17.878+00:00"",""extra"":null}"
2026-09-10T11:18:20.760Z,20260910T110324.000Z-1a3fdf2b,303,telemetry_sample,telemetry,896.7478099999998,128,1951,1574,713,885,,171.475,138.34,62.666,77.783,,2.9886718749999943,-41.48421875,66.796859375,77.78300000000002,21.298091372438392,-1.1119632386794351,-19.302209670321446,21.298091372438392,1.1119632386794351,-19.302209670321446,,,,,"{""elapsed_s"":896.7478099999998,""sample_index"":128,""id11_raw"":1951,""id12_raw"":1574,""id13_raw"":713,""id14_raw"":885,""id11_deg"":171.475,""id12_deg"":138.34,""id13_deg"":62.666,""id14_deg"":77.783,""q1_deg"":2.9886718749999943,""q2_deg"":-41.48421875,""q3_deg"":66.796859375,""q4_deg"":77.78300000000002,""physical_x_mm"":21.298091372438392,""physical_y_mm"":-1.1119632386794351,""physical_z_mm"":-19.302209670321446,""internal_x_mm"":21.298091372438392,""internal_y_mm"":1.1119632386794351,""internal_z_mm"":-19.302209670321446,""position_error_mm"":null,""robot_timestamp_utc"":""2026-09-10T11:18:20.755+00:00"",""extra"":null}"
2026-09-10T11:18:21.498Z,20260910T110324.000Z-1a3fdf2b,305,telemetry_sample,telemetry,897.4856620999999,129,1952,1574,713,886,,171.562,138.34,62.666,77.871,,3.075671875000012,-41.48421875,66.796859375,77.87099999999998,21.059356133816294,-1.1315660107979368,-19.246800157832354,21.059356133816294,1.1315660107979368,-19.246800157832354,,,,,"{""elapsed_s"":897.4856620999999,""sample_index"":129,""id11_raw"":1952,""id12_raw"":1574,""id13_raw"":713,""id14_raw"":886,""id11_deg"":171.562,""id12_deg"":138.34,""id13_deg"":62.666,""id14_deg"":77.871,""q1_deg"":3.075671875000012,""q2_deg"":-41.48421875,""q3_deg"":66.796859375,""q4_deg"":77.87099999999998,""physical_x_mm"":21.059356133816294,""physical_y_mm"":-1.1315660107979368,""physical_z_mm"":-19.246800157832354,""internal_x_mm"":21.059356133816294,""internal_y_mm"":1.1315660107979368,""internal_z_mm"":-19.246800157832354,""position_error_mm"":null,""robot_timestamp_utc"":""2026-09-10T11:18:21.490+00:00"",""extra"":null}"
2026-09-10T11:18:22.136Z,20260910T110324.000Z-1a3fdf2b,307,telemetry_sample,telemetry,898.1240797,130,1949,1577,630,963,,171.299,138.604,55.371,84.639,,2.8126718750000066,-41.22021874999999,59.50185937499998,84.63900000000001,27.928170998333155,-1.3721070416771977,-4.984898205056368,27.928170998333155,1.3721070416771977,-4.984898205056368,,,,,"{""elapsed_s"":898.1240797,""sample_index"":130,""id11_raw"":1949,""id12_raw"":1577,""id13_raw"":630,""id14_raw"":963,""id11_deg"":171.299,""id12_deg"":138.604,""id13_deg"":55.371,""id14_deg"":84.639,""q1_deg"":2.8126718750000066,""q2_deg"":-41.22021874999999,""q3_deg"":59.50185937499998,""q4_deg"":84.63900000000001,""physical_x_mm"":27.928170998333155,""physical_y_mm"":-1.3721070416771977,""physical_z_mm"":-4.984898205056368,""internal_x_mm"":27.928170998333155,""internal_y_mm"":1.3721070416771977,""internal_z_mm"":-4.984898205056368,""position_error_mm"":null,""robot_timestamp_utc"":""2026-09-10T11:18:22.129+00:00"",""extra"":null}"
2026-09-10T11:18:22.765Z,20260910T110324.000Z-1a3fdf2b,309,telemetry_sample,telemetry,898.7534159000006,131,1949,1583,571,1025,,171.299,139.131,50.186,90.088,,2.8126718750000066,-40.69321875,54.31685937499998,90.08799999999997,29.59785205652196,-1.4541382329583104,5.814727288881784,29.59785205652196,1.4541382329583104,5.814727288881784,,,,,"{""elapsed_s"":898.7534159000006,""sample_index"":131,""id11_raw"":1949,""id12_raw"":1583,""id13_raw"":571,""id14_raw"":1025,""id11_deg"":171.299,""id12_deg"":139.131,""id13_deg"":50.186,""id14_deg"":90.088,""q1_deg"":2.8126718750000066,""q2_deg"":-40.69321875,""q3_deg"":54.31685937499998,""q4_deg"":90.08799999999997,""physical_x_mm"":29.59785205652196,""physical_y_mm"":-1.4541382329583104,""physical_z_mm"":5.814727288881784,""internal_x_mm"":29.59785205652196,""internal_y_mm"":1.4541382329583104,""internal_z_mm"":5.814727288881784,""position_error_mm"":null,""robot_timestamp_utc"":""2026-09-10T11:18:22.759+00:00"",""extra"":null}"
2026-09-10T11:18:32.354Z,20260910T110324.000Z-1a3fdf2b,311,telemetry_sample,telemetry,908.3416839000001,132,2014,1624,549,933,,177.012,142.734,48.252,82.002,,8.525671875,-37.09021874999999,52.38285937500001,82.00200000000001,52.81997792625253,-7.918195271647069,2.9572172995130757,52.81997792625253,7.918195271647069,2.9572172995130757,,,,,"{""elapsed_s"":908.3416839000001,""sample_index"":132,""id11_raw"":2014,""id12_raw"":1624,""id13_raw"":549,""id14_raw"":933,""id11_deg"":177.012,""id12_deg"":142.734,""id13_deg"":48.252,""id14_deg"":82.002,""q1_deg"":8.525671875,""q2_deg"":-37.09021874999999,""q3_deg"":52.38285937500001,""q4_deg"":82.00200000000001,""physical_x_mm"":52.81997792625253,""physical_y_mm"":-7.918195271647069,""physical_z_mm"":2.9572172995130757,""internal_x_mm"":52.81997792625253,""internal_y_mm"":7.918195271647069,""internal_z_mm"":2.9572172995130757,""position_error_mm"":null,""robot_timestamp_utc"":""2026-09-10T11:18:32.347+00:00"",""extra"":null}"
2026-09-10T11:18:33.557Z,20260910T110324.000Z-1a3fdf2b,313,telemetry_sample,telemetry,909.5454303000006,133,2083,1653,549,876,,183.076,145.283,48.252,76.992,,14.589671874999993,-34.54121875000001,52.38285937500001,76.99200000000002,61.798211652019994,-16.085333404132793,-0.583661813475004,61.798211652019994,16.085333404132793,-0.583661813475004,,,,,"{""elapsed_s"":909.5454303000006,""sample_index"":133,""id11_raw"":2083,""id12_raw"":1653,""id13_raw"":549,""id14_raw"":876,""id11_deg"":183.076,""id12_deg"":145.283,""id13_deg"":48.252,""id14_deg"":76.992,""q1_deg"":14.589671874999993,""q2_deg"":-34.54121875000001,""q3_deg"":52.38285937500001,""q4_deg"":76.99200000000002,""physical_x_mm"":61.798211652019994,""physical_y_mm"":-16.085333404132793,""physical_z_mm"":-0.583661813475004,""internal_x_mm"":61.798211652019994,""internal_y_mm"":16.085333404132793,""internal_z_mm"":-0.583661813475004,""position_error_mm"":null,""robot_timestamp_utc"":""2026-09-10T11:18:33.547+00:00"",""extra"":null}"
2026-09-10T11:18:34.388Z,20260910T110324.000Z-1a3fdf2b,315,telemetry_sample,telemetry,910.3765733999999,134,2123,1740,515,832,,186.592,152.93,45.264,73.125,,18.105671875000013,-26.894218749999993,49.39485937500001,73.125,70.8183133368562,-23.154752442579213,-3.8774687561650296,70.8183133368562,23.154752442579213,-3.8774687561650296,,,,,"{""elapsed_s"":910.3765733999999,""sample_index"":134,""id11_raw"":2123,""id12_raw"":1740,""id13_raw"":515,""id14_raw"":832,""id11_deg"":186.592,""id12_deg"":152.93,""id13_deg"":45.264,""id14_deg"":73.125,""q1_deg"":18.105671875000013,""q2_deg"":-26.894218749999993,""q3_deg"":49.39485937500001,""q4_deg"":73.125,""physical_x_mm"":70.8183133368562,""physical_y_mm"":-23.154752442579213,""physical_z_mm"":-3.8774687561650296,""internal_x_mm"":70.8183133368562,""internal_y_mm"":23.154752442579213,""internal_z_mm"":-3.8774687561650296,""position_error_mm"":null,""robot_timestamp_utc"":""2026-09-10T11:18:34.384+00:00"",""extra"":null}"
2026-09-10T11:18:35.056Z,20260910T110324.000Z-1a3fdf2b,317,telemetry_sample,telemetry,911.0442151000007,135,2170,1841,431,829,,190.723,161.807,37.881,72.861,,22.236671875000013,-18.017218750000012,42.01185937499997,72.86099999999999,82.91131810142477,-33.897403070982065,-2.3434427255568266,82.91131810142477,33.897403070982065,-2.3434427255568266,,,,,"{""elapsed_s"":911.0442151000007,""sample_index"":135,""id11_raw"":2170,""id12_raw"":1841,""id13_raw"":431,""id14_raw"":829,""id11_deg"":190.723,""id12_deg"":161.807,""id13_deg"":37.881,""id14_deg"":72.861,""q1_deg"":22.236671875000013,""q2_deg"":-18.017218750000012,""q3_deg"":42.01185937499997,""q4_deg"":72.86099999999999,""physical_x_mm"":82.91131810142477,""physical_y_mm"":-33.897403070982065,""physical_z_mm"":-2.3434427255568266,""internal_x_mm"":82.91131810142477,""internal_y_mm"":33.897403070982065,""internal_z_mm"":-2.3434427255568266,""position_error_mm"":null,""robot_timestamp_utc"":""2026-09-10T11:18:35.053+00:00"",""extra"":null}"
2026-09-10T11:18:35.554Z,20260910T110324.000Z-1a3fdf2b,319,telemetry_sample,telemetry,911.5423308,136,2201,1921,362,829,,193.447,168.838,31.816,72.861,,24.960671875000003,-10.986218750000006,35.946859374999974,72.86099999999999,92.46164408699036,-43.03833101317262,-2.8230876904050604,92.46164408699036,43.03833101317262,-2.8230876904050604,,,,,"{""elapsed_s"":911.5423308,""sample_index"":136,""id11_raw"":2201,""id12_raw"":1921,""id13_raw"":362,""id14_raw"":829,""id11_deg"":193.447,""id12_deg"":168.838,""id13_deg"":31.816,""id14_deg"":72.861,""q1_deg"":24.960671875000003,""q2_deg"":-10.986218750000006,""q3_deg"":35.946859374999974,""q4_deg"":72.86099999999999,""physical_x_mm"":92.46164408699036,""physical_y_mm"":-43.03833101317262,""physical_z_mm"":-2.8230876904050604,""internal_x_mm"":92.46164408699036,""internal_y_mm"":43.03833101317262,""internal_z_mm"":-2.8230876904050604,""position_error_mm"":null,""robot_timestamp_utc"":""2026-09-10T11:18:35.551+00:00"",""extra"":null}"
2026-09-10T11:18:36.018Z,20260910T110324.000Z-1a3fdf2b,321,telemetry_sample,telemetry,912.0063742000002,137,2215,1975,306,829,,194.678,173.584,26.895,72.861,,26.191671874999997,-6.240218749999997,31.025859374999982,72.86099999999999,101.76074032836729,-50.05412063820672,-2.922293706682069,101.76074032836729,50.05412063820672,-2.922293706682069,,,,,"{""elapsed_s"":912.0063742000002,""sample_index"":137,""id11_raw"":2215,""id12_raw"":1975,""id13_raw"":306,""id14_raw"":829,""id11_deg"":194.678,""id12_deg"":173.584,""id13_deg"":26.895,""id14_deg"":72.861,""q1_deg"":26.191671874999997,""q2_deg"":-6.240218749999997,""q3_deg"":31.025859374999982,""q4_deg"":72.86099999999999,""physical_x_mm"":101.76074032836729,""physical_y_mm"":-50.05412063820672,""physical_z_mm"":-2.922293706682069,""internal_x_mm"":101.76074032836729,""internal_y_mm"":50.05412063820672,""internal_z_mm"":-2.922293706682069,""position_error_mm"":null,""robot_timestamp_utc"":""2026-09-10T11:18:36.012+00:00"",""extra"":null}"
2026-09-10T11:18:36.856Z,20260910T110324.000Z-1a3fdf2b,323,telemetry_sample,telemetry,912.8437256000007,138,2221,2039,251,829,,195.205,179.209,22.061,72.861,,26.718671875000013,-0.6152187499999968,26.19185937499998,72.86099999999999,110.03350751169735,-55.38602519294999,-5.764973229382463,110.03350751169735,55.38602519294999,-5.764973229382463,,,,,"{""elapsed_s"":912.8437256000007,""sample_index"":138,""id11_raw"":2221,""id12_raw"":2039,""id13_raw"":251,""id14_raw"":829,""id11_deg"":195.205,""id12_deg"":179.209,""id13_deg"":22.061,""id14_deg"":72.861,""q1_deg"":26.718671875000013,""q2_deg"":-0.6152187499999968,""q3_deg"":26.19185937499998,""q4_deg"":72.86099999999999,""physical_x_mm"":110.03350751169735,""physical_y_mm"":-55.38602519294999,""physical_z_mm"":-5.764973229382463,""internal_x_mm"":110.03350751169735,""internal_y_mm"":55.38602519294999,""internal_z_mm"":-5.764973229382463,""position_error_mm"":null,""robot_timestamp_utc"":""2026-09-10T11:18:36.849+00:00"",""extra"":null}"
2026-09-10T11:18:37.520Z,20260910T110324.000Z-1a3fdf2b,325,telemetry_sample,telemetry,913.5081223000007,139,2221,2039,251,829,,195.205,179.209,22.061,72.861,,26.718671875000013,-0.6152187499999968,26.19185937499998,72.86099999999999,110.03350751169735,-55.38602519294999,-5.764973229382463,110.03350751169735,55.38602519294999,-5.764973229382463,,,,,"{""elapsed_s"":913.5081223000007,""sample_index"":139,""id11_raw"":2221,""id12_raw"":2039,""id13_raw"":251,""id14_raw"":829,""id11_deg"":195.205,""id12_deg"":179.209,""id13_deg"":22.061,""id14_deg"":72.861,""q1_deg"":26.718671875000013,""q2_deg"":-0.6152187499999968,""q3_deg"":26.19185937499998,""q4_deg"":72.86099999999999,""physical_x_mm"":110.03350751169735,""physical_y_mm"":-55.38602519294999,""physical_z_mm"":-5.764973229382463,""internal_x_mm"":110.03350751169735,""internal_y_mm"":55.38602519294999,""internal_z_mm"":-5.764973229382463,""position_error_mm"":null,""robot_timestamp_utc"":""2026-09-10T11:18:37.513+00:00"",""extra"":null}"
2026-09-10T11:18:38.419Z,20260910T110324.000Z-1a3fdf2b,327,telemetry_sample,telemetry,914.4073118000006,140,2223,2082,212,829,,195.381,182.988,18.633,72.861,,26.894671875,3.1637812499999995,22.76385937499998,72.86099999999999,116.2058506980757,-58.94100577133069,-8.073540845656225,116.2058506980757,58.94100577133069,-8.073540845656225,,,,,"{""elapsed_s"":914.4073118000006,""sample_index"":140,""id11_raw"":2223,""id12_raw"":2082,""id13_raw"":212,""id14_raw"":829,""id11_deg"":195.381,""id12_deg"":182.988,""id13_deg"":18.633,""id14_deg"":72.861,""q1_deg"":26.894671875,""q2_deg"":3.1637812499999995,""q3_deg"":22.76385937499998,""q4_deg"":72.86099999999999,""physical_x_mm"":116.2058506980757,""physical_y_mm"":-58.94100577133069,""physical_z_mm"":-8.073540845656225,""internal_x_mm"":116.2058506980757,""internal_y_mm"":58.94100577133069,""internal_z_mm"":-8.073540845656225,""position_error_mm"":null,""robot_timestamp_utc"":""2026-09-10T11:18:38.415+00:00"",""extra"":null}"
2026-09-10T11:18:39.020Z,20260910T110324.000Z-1a3fdf2b,329,telemetry_sample,telemetry,915.0086073000002,141,2231,2094,194,829,,196.084,184.043,17.051,72.861,,27.597671875000003,4.218781250000006,21.181859374999988,72.86099999999999,119.25017329583874,-62.33631428423016,-7.85464349195928,119.25017329583874,62.33631428423016,-7.85464349195928,,,,,"{""elapsed_s"":915.0086073000002,""sample_index"":141,""id11_raw"":2231,""id12_raw"":2094,""id13_raw"":194,""id14_raw"":829,""id11_deg"":196.084,""id12_deg"":184.043,""id13_deg"":17.051,""id14_deg"":72.861,""q1_deg"":27.597671875000003,""q2_deg"":4.218781250000006,""q3_deg"":21.181859374999988,""q4_deg"":72.86099999999999,""physical_x_mm"":119.25017329583874,""physical_y_mm"":-62.33631428423016,""physical_z_mm"":-7.85464349195928,""internal_x_mm"":119.25017329583874,""internal_y_mm"":62.33631428423016,""internal_z_mm"":-7.85464349195928,""position_error_mm"":null,""robot_timestamp_utc"":""2026-09-10T11:18:39.011+00:00"",""extra"":null}"
2026-09-10T11:18:39.539Z,20260910T110324.000Z-1a3fdf2b,331,telemetry_sample,telemetry,915.5270750999998,142,2236,2101,177,829,,196.523,184.658,15.557,72.861,,28.036671874999996,4.833781249999987,19.687859375000016,72.86099999999999,122.79754369141132,-65.39346269719428,-6.826595080698382,122.79754369141132,65.39346269719428,-6.826595080698382,,,,,"{""elapsed_s"":915.5270750999998,""sample_index"":142,""id11_raw"":2236,""id12_raw"":2101,""id13_raw"":177,""id14_raw"":829,""id11_deg"":196.523,""id12_deg"":184.658,""id13_deg"":15.557,""id14_deg"":72.861,""q1_deg"":28.036671874999996,""q2_deg"":4.833781249999987,""q3_deg"":19.687859375000016,""q4_deg"":72.86099999999999,""physical_x_mm"":122.79754369141132,""physical_y_mm"":-65.39346269719428,""physical_z_mm"":-6.826595080698382,""internal_x_mm"":122.79754369141132,""internal_y_mm"":65.39346269719428,""internal_z_mm"":-6.826595080698382,""position_error_mm"":null,""robot_timestamp_utc"":""2026-09-10T11:18:39.535+00:00"",""extra"":null}"
2026-09-10T11:18:40.474Z,20260910T110324.000Z-1a3fdf2b,333,telemetry_sample,telemetry,916.4622882000003,143,2369,2140,110,829,,208.213,188.086,9.668,72.861,,39.726671874999994,8.261781250000013,13.798859375000006,72.86099999999999,119.55708646290124,-99.35225804159289,-4.964849954992246,119.55708646290124,99.35225804159289,-4.964849954992246,,,,,"{""elapsed_s"":916.4622882000003,""sample_index"":143,""id11_raw"":2369,""id12_raw"":2140,""id13_raw"":110,""id14_raw"":829,""id11_deg"":208.213,""id12_deg"":188.086,""id13_deg"":9.668,""id14_deg"":72.861,""q1_deg"":39.726671874999994,""q2_deg"":8.261781250000013,""q3_deg"":13.798859375000006,""q4_deg"":72.86099999999999,""physical_x_mm"":119.55708646290124,""physical_y_mm"":-99.35225804159289,""physical_z_mm"":-4.964849954992246,""internal_x_mm"":119.55708646290124,""internal_y_mm"":99.35225804159289,""internal_z_mm"":-4.964849954992246,""position_error_mm"":null,""robot_timestamp_utc"":""2026-09-10T11:18:40.470+00:00"",""extra"":null}"
2026-09-10T11:18:41.298Z,20260910T110324.000Z-1a3fdf2b,335,telemetry_sample,telemetry,917.2864582000002,144,2374,2222,24,827,,208.652,195.293,2.109,72.686,,40.16567187499999,15.468781250000006,6.2398593749999804,72.686,131.68007813147602,-111.143125923703,-10.637183206547093,131.68007813147602,111.143125923703,-10.637183206547093,,,,,"{""elapsed_s"":917.2864582000002,""sample_index"":144,""id11_raw"":2374,""id12_raw"":2222,""id13_raw"":24,""id14_raw"":827,""id11_deg"":208.652,""id12_deg"":195.293,""id13_deg"":2.109,""id14_deg"":72.686,""q1_deg"":40.16567187499999,""q2_deg"":15.468781250000006,""q3_deg"":6.2398593749999804,""q4_deg"":72.686,""physical_x_mm"":131.68007813147602,""physical_y_mm"":-111.143125923703,""physical_z_mm"":-10.637183206547093,""internal_x_mm"":131.68007813147602,""internal_y_mm"":111.143125923703,""internal_z_mm"":-10.637183206547093,""position_error_mm"":null,""robot_timestamp_utc"":""2026-09-10T11:18:41.288+00:00"",""extra"":null}"
2026-09-10T11:18:43.804Z,20260910T110324.000Z-1a3fdf2b,337,telemetry_sample,telemetry,919.7918338,145,2366,2306,-78,832,,207.949,202.676,353.145,73.125,,39.46267187500001,22.851781249999988,-2.724140625000018,73.125,147.65056127517232,-121.5522557423531,-15.981075448368983,147.65056127517232,121.5522557423531,-15.981075448368983,,,,,"{""elapsed_s"":919.7918338,""sample_index"":145,""id11_raw"":2366,""id12_raw"":2306,""id13_raw"":-78,""id14_raw"":832,""id11_deg"":207.949,""id12_deg"":202.676,""id13_deg"":353.145,""id14_deg"":73.125,""q1_deg"":39.46267187500001,""q2_deg"":22.851781249999988,""q3_deg"":-2.724140625000018,""q4_deg"":73.125,""physical_x_mm"":147.65056127517232,""physical_y_mm"":-121.5522557423531,""physical_z_mm"":-15.981075448368983,""internal_x_mm"":147.65056127517232,""internal_y_mm"":121.5522557423531,""internal_z_mm"":-15.981075448368983,""position_error_mm"":null,""robot_timestamp_utc"":""2026-09-10T11:18:43.799+00:00"",""extra"":null}"
2026-09-10T11:18:44.327Z,20260910T110324.000Z-1a3fdf2b,339,telemetry_sample,telemetry,920.3148919000005,146,2367,2306,-78,832,,208.037,202.676,353.145,73.125,,39.550671875000006,22.851781249999988,-2.724140625000018,73.125,147.4636963352394,-121.77888726735901,-15.981075448368983,147.4636963352394,121.77888726735901,-15.981075448368983,,,,,"{""elapsed_s"":920.3148919000005,""sample_index"":146,""id11_raw"":2367,""id12_raw"":2306,""id13_raw"":-78,""id14_raw"":832,""id11_deg"":208.037,""id12_deg"":202.676,""id13_deg"":353.145,""id14_deg"":73.125,""q1_deg"":39.550671875000006,""q2_deg"":22.851781249999988,""q3_deg"":-2.724140625000018,""q4_deg"":73.125,""physical_x_mm"":147.4636963352394,""physical_y_mm"":-121.77888726735901,""physical_z_mm"":-15.981075448368983,""internal_x_mm"":147.4636963352394,""internal_y_mm"":121.77888726735901,""internal_z_mm"":-15.981075448368983,""position_error_mm"":null,""robot_timestamp_utc"":""2026-09-10T11:18:44.320+00:00"",""extra"":null}"
2026-09-10T11:18:44.701Z,20260910T110324.000Z-1a3fdf2b,341,telemetry_sample,telemetry,920.6895773000006,147,2368,2306,-78,832,,208.125,202.676,353.145,73.125,,39.638671875,22.851781249999988,-2.724140625000018,73.125,147.2764835348121,-122.00523152122639,-15.981075448368983,147.2764835348121,122.00523152122639,-15.981075448368983,,,,,"{""elapsed_s"":920.6895773000006,""sample_index"":147,""id11_raw"":2368,""id12_raw"":2306,""id13_raw"":-78,""id14_raw"":832,""id11_deg"":208.125,""id12_deg"":202.676,""id13_deg"":353.145,""id14_deg"":73.125,""q1_deg"":39.638671875,""q2_deg"":22.851781249999988,""q3_deg"":-2.724140625000018,""q4_deg"":73.125,""physical_x_mm"":147.2764835348121,""physical_y_mm"":-122.00523152122639,""physical_z_mm"":-15.981075448368983,""internal_x_mm"":147.2764835348121,""internal_y_mm"":122.00523152122639,""internal_z_mm"":-15.981075448368983,""position_error_mm"":null,""robot_timestamp_utc"":""2026-09-10T11:18:44.693+00:00"",""extra"":null}"
2026-09-10T11:18:45.332Z,20260910T110324.000Z-1a3fdf2b,343,telemetry_sample,telemetry,921.3197575000004,148,2369,2324,-113,833,,208.213,204.258,350.068,73.213,,39.726671874999994,24.43378125000001,-5.801140625000016,73.213,153.19447851636738,-127.30502064240456,-15.126648147158676,153.19447851636738,127.30502064240456,-15.126648147158676,,,,,"{""elapsed_s"":921.3197575000004,""sample_index"":148,""id11_raw"":2369,""id12_raw"":2324,""id13_raw"":-113,""id14_raw"":833,""id11_deg"":208.213,""id12_deg"":204.258,""id13_deg"":350.068,""id14_deg"":73.213,""q1_deg"":39.726671874999994,""q2_deg"":24.43378125000001,""q3_deg"":-5.801140625000016,""q4_deg"":73.213,""physical_x_mm"":153.19447851636738,""physical_y_mm"":-127.30502064240456,""physical_z_mm"":-15.126648147158676,""internal_x_mm"":153.19447851636738,""internal_y_mm"":127.30502064240456,""internal_z_mm"":-15.126648147158676,""position_error_mm"":null,""robot_timestamp_utc"":""2026-09-10T11:18:45.325+00:00"",""extra"":null}"
2026-09-10T11:18:45.809Z,20260910T110324.000Z-1a3fdf2b,345,telemetry_sample,telemetry,921.7972440000003,149,2361,2407,-253,894,,207.51,211.553,337.764,78.574,,39.02367187499999,31.728781249999997,-18.10514062499999,78.57400000000001,166.37299205337177,-134.84004251390988,-15.04217754601504,166.37299205337177,134.84004251390988,-15.04217754601504,,,,,"{""elapsed_s"":921.7972440000003,""sample_index"":149,""id11_raw"":2361,""id12_raw"":2407,""id13_raw"":-253,""id14_raw"":894,""id11_deg"":207.51,""id12_deg"":211.553,""id13_deg"":337.764,""id14_deg"":78.574,""q1_deg"":39.02367187499999,""q2_deg"":31.728781249999997,""q3_deg"":-18.10514062499999,""q4_deg"":78.57400000000001,""physical_x_mm"":166.37299205337177,""physical_y_mm"":-134.84004251390988,""physical_z_mm"":-15.04217754601504,""internal_x_mm"":166.37299205337177,""internal_y_mm"":134.84004251390988,""internal_z_mm"":-15.04217754601504,""position_error_mm"":null,""robot_timestamp_utc"":""2026-09-10T11:18:45.801+00:00"",""extra"":null}"
2026-09-10T11:18:46.178Z,20260910T110324.000Z-1a3fdf2b,347,telemetry_sample,telemetry,922.1659470000004,150,2339,2468,-361,927,,205.576,216.914,328.271,81.475,,37.08967187499999,37.08978124999999,-27.598140624999985,81.47500000000002,181.84369003907207,-137.47578153334746,-14.99454015972941,181.84369003907207,137.47578153334746,-14.99454015972941,,,,,"{""elapsed_s"":922.1659470000004,""sample_index"":150,""id11_raw"":2339,""id12_raw"":2468,""id13_raw"":-361,""id14_raw"":927,""id11_deg"":205.576,""id12_deg"":216.914,""id13_deg"":328.271,""id14_deg"":81.475,""q1_deg"":37.08967187499999,""q2_deg"":37.08978124999999,""q3_deg"":-27.598140624999985,""q4_deg"":81.47500000000002,""physical_x_mm"":181.84369003907207,""physical_y_mm"":-137.47578153334746,""physical_z_mm"":-14.99454015972941,""internal_x_mm"":181.84369003907207,""internal_y_mm"":137.47578153334746,""internal_z_mm"":-14.99454015972941,""position_error_mm"":null,""robot_timestamp_utc"":""2026-09-10T11:18:46.171+00:00"",""extra"":null}"
2026-09-10T11:18:46.684Z,20260910T110324.000Z-1a3fdf2b,349,telemetry_sample,telemetry,922.672313,151,2303,2562,-530,996,,202.412,225.176,313.418,87.539,,33.925671875000006,45.35178124999999,-42.451140624999994,87.53899999999999,201.2614363191298,-135.37300808013794,-15.5924147944813,201.2614363191298,135.37300808013794,-15.5924147944813,,,,,"{""elapsed_s"":922.672313,""sample_index"":151,""id11_raw"":2303,""id12_raw"":2562,""id13_raw"":-530,""id14_raw"":996,""id11_deg"":202.412,""id12_deg"":225.176,""id13_deg"":313.418,""id14_deg"":87.539,""q1_deg"":33.925671875000006,""q2_deg"":45.35178124999999,""q3_deg"":-42.451140624999994,""q4_deg"":87.53899999999999,""physical_x_mm"":201.2614363191298,""physical_y_mm"":-135.37300808013794,""physical_z_mm"":-15.5924147944813,""internal_x_mm"":201.2614363191298,""internal_y_mm"":135.37300808013794,""internal_z_mm"":-15.5924147944813,""position_error_mm"":null,""robot_timestamp_utc"":""2026-09-10T11:18:46.676+00:00"",""extra"":null}"
2026-09-10T11:18:47.141Z,20260910T110324.000Z-1a3fdf2b,351,telemetry_sample,telemetry,923.1291181000006,152,2268,2633,-663,1062,,199.336,231.416,301.729,93.34,,30.849671875000013,51.59178125,-54.140140625000015,93.34000000000003,213.6813941842194,-127.63088385864874,-15.956689946517969,213.6813941842194,127.63088385864874,-15.956689946517969,,,,,"{""elapsed_s"":923.1291181000006,""sample_index"":152,""id11_raw"":2268,""id12_raw"":2633,""id13_raw"":-663,""id14_raw"":1062,""id11_deg"":199.336,""id12_deg"":231.416,""id13_deg"":301.729,""id14_deg"":93.34,""q1_deg"":30.849671875000013,""q2_deg"":51.59178125,""q3_deg"":-54.140140625000015,""q4_deg"":93.34000000000003,""physical_x_mm"":213.6813941842194,""physical_y_mm"":-127.63088385864874,""physical_z_mm"":-15.956689946517969,""internal_x_mm"":213.6813941842194,""internal_y_mm"":127.63088385864874,""internal_z_mm"":-15.956689946517969,""position_error_mm"":null,""robot_timestamp_utc"":""2026-09-10T11:18:47.135+00:00"",""extra"":null}"
2026-09-10T11:18:47.677Z,20260910T110324.000Z-1a3fdf2b,353,telemetry_sample,telemetry,923.6653013000005,153,2225,2689,-753,1131,,195.557,236.338,293.818,99.404,,27.070671874999988,56.513781249999994,-62.051140625000016,99.404,217.90596178550103,-111.3674028393195,-19.267587392389544,217.90596178550103,111.3674028393195,-19.267587392389544,,,,,"{""elapsed_s"":923.6653013000005,""sample_index"":153,""id11_raw"":2225,""id12_raw"":2689,""id13_raw"":-753,""id14_raw"":1131,""id11_deg"":195.557,""id12_deg"":236.338,""id13_deg"":293.818,""id14_deg"":99.404,""q1_deg"":27.070671874999988,""q2_deg"":56.513781249999994,""q3_deg"":-62.051140625000016,""q4_deg"":99.404,""physical_x_mm"":217.90596178550103,""physical_y_mm"":-111.3674028393195,""physical_z_mm"":-19.267587392389544,""internal_x_mm"":217.90596178550103,""internal_y_mm"":111.3674028393195,""internal_z_mm"":-19.267587392389544,""position_error_mm"":null,""robot_timestamp_utc"":""2026-09-10T11:18:47.670+00:00"",""extra"":null}"
2026-09-10T11:18:48.767Z,20260910T110324.000Z-1a3fdf2b,355,telemetry_sample,telemetry,924.7555393000002,154,2151,2707,-762,1171,,189.053,237.92,293.027,102.92,,20.566671874999997,58.09578124999999,-62.84214062500001,102.92000000000002,219.42213359550752,-82.32972248848726,-23.053797618123355,219.42213359550752,82.32972248848726,-23.053797618123355,,,,,"{""elapsed_s"":924.7555393000002,""sample_index"":154,""id11_raw"":2151,""id12_raw"":2707,""id13_raw"":-762,""id14_raw"":1171,""id11_deg"":189.053,""id12_deg"":237.92,""id13_deg"":293.027,""id14_deg"":102.92,""q1_deg"":20.566671874999997,""q2_deg"":58.09578124999999,""q3_deg"":-62.84214062500001,""q4_deg"":102.92000000000002,""physical_x_mm"":219.42213359550752,""physical_y_mm"":-82.32972248848726,""physical_z_mm"":-23.053797618123355,""internal_x_mm"":219.42213359550752,""internal_y_mm"":82.32972248848726,""internal_z_mm"":-23.053797618123355,""position_error_mm"":null,""robot_timestamp_utc"":""2026-09-10T11:18:48.761+00:00"",""extra"":null}"
2026-09-10T11:18:49.333Z,20260910T110324.000Z-1a3fdf2b,357,telemetry_sample,telemetry,925.3208163999998,155,2106,2713,-785,1170,,185.098,238.447,291.006,102.832,,16.611671875000013,58.62278125,-64.86314062500003,102.832,228.8573175382573,-68.27609700220553,-21.516567644134142,228.8573175382573,68.27609700220553,-21.516567644134142,,,,,"{""elapsed_s"":925.3208163999998,""sample_index"":155,""id11_raw"":2106,""id12_raw"":2713,""id13_raw"":-785,""id14_raw"":1170,""id11_deg"":185.098,""id12_deg"":238.447,""id13_deg"":291.006,""id14_deg"":102.832,""q1_deg"":16.611671875000013,""q2_deg"":58.62278125,""q3_deg"":-64.86314062500003,""q4_deg"":102.832,""physical_x_mm"":228.8573175382573,""physical_y_mm"":-68.27609700220553,""physical_z_mm"":-21.516567644134142,""internal_x_mm"":228.8573175382573,""internal_y_mm"":68.27609700220553,""internal_z_mm"":-21.516567644134142,""position_error_mm"":null,""robot_timestamp_utc"":""2026-09-10T11:18:49.326+00:00"",""extra"":null}"
2026-09-10T11:18:50.044Z,20260910T110324.000Z-1a3fdf2b,359,telemetry_sample,telemetry,926.032416,156,2035,2725,-804,1172,,178.857,239.502,289.336,103.008,,10.370671875,59.67778125000001,-66.53314062499999,103.00799999999998,236.77836371898164,-43.33169064474347,-22.579228116161488,236.77836371898164,43.33169064474347,-22.579228116161488,,,,,"{""elapsed_s"":926.032416,""sample_index"":156,""id11_raw"":2035,""id12_raw"":2725,""id13_raw"":-804,""id14_raw"":1172,""id11_deg"":178.857,""id12_deg"":239.502,""id13_deg"":289.336,""id14_deg"":103.008,""q1_deg"":10.370671875,""q2_deg"":59.67778125000001,""q3_deg"":-66.53314062499999,""q4_deg"":103.00799999999998,""physical_x_mm"":236.77836371898164,""physical_y_mm"":-43.33169064474347,""physical_z_mm"":-22.579228116161488,""internal_x_mm"":236.77836371898164,""internal_y_mm"":43.33169064474347,""internal_z_mm"":-22.579228116161488,""position_error_mm"":null,""robot_timestamp_utc"":""2026-09-10T11:18:50.036+00:00"",""extra"":null}"
2026-09-10T11:18:50.439Z,20260910T110324.000Z-1a3fdf2b,361,telemetry_sample,telemetry,926.4269781000003,157,2002,2725,-804,1175,,175.957,239.502,289.336,103.271,,7.470671874999994,59.67778125000001,-66.53314062499999,103.27100000000002,237.94946975285157,-31.20273949882003,-22.499490756165812,237.94946975285157,31.20273949882003,-22.499490756165812,,,,,"{""elapsed_s"":926.4269781000003,""sample_index"":157,""id11_raw"":2002,""id12_raw"":2725,""id13_raw"":-804,""id14_raw"":1175,""id11_deg"":175.957,""id12_deg"":239.502,""id13_deg"":289.336,""id14_deg"":103.271,""q1_deg"":7.470671874999994,""q2_deg"":59.67778125000001,""q3_deg"":-66.53314062499999,""q4_deg"":103.27100000000002,""physical_x_mm"":237.94946975285157,""physical_y_mm"":-31.20273949882003,""physical_z_mm"":-22.499490756165812,""internal_x_mm"":237.94946975285157,""internal_y_mm"":31.20273949882003,""internal_z_mm"":-22.499490756165812,""position_error_mm"":null,""robot_timestamp_utc"":""2026-09-10T11:18:50.433+00:00"",""extra"":null}"
2026-09-10T11:18:50.831Z,20260910T110324.000Z-1a3fdf2b,363,telemetry_sample,telemetry,926.8188095000005,158,1972,2725,-804,1177,,173.32,239.502,289.336,103.447,,4.833671874999993,59.67778125000001,-66.53314062499999,103.447,238.6504441629215,-20.18128496554318,-22.444274407841988,238.6504441629215,20.18128496554318,-22.444274407841988,,,,,"{""elapsed_s"":926.8188095000005,""sample_index"":158,""id11_raw"":1972,""id12_raw"":2725,""id13_raw"":-804,""id14_raw"":1177,""id11_deg"":173.32,""id12_deg"":239.502,""id13_deg"":289.336,""id14_deg"":103.447,""q1_deg"":4.833671874999993,""q2_deg"":59.67778125000001,""q3_deg"":-66.53314062499999,""q4_deg"":103.447,""physical_x_mm"":238.6504441629215,""physical_y_mm"":-20.18128496554318,""physical_z_mm"":-22.444274407841988,""internal_x_mm"":238.6504441629215,""internal_y_mm"":20.18128496554318,""internal_z_mm"":-22.444274407841988,""position_error_mm"":null,""robot_timestamp_utc"":""2026-09-10T11:18:50.824+00:00"",""extra"":null}"
2026-09-10T11:18:51.231Z,20260910T110324.000Z-1a3fdf2b,365,telemetry_sample,telemetry,927.2187266999999,159,1940,2725,-805,1177,,170.508,239.502,289.248,103.447,,2.0216718750000098,59.67778125000001,-66.62114062500001,103.447,239.57229559320731,-8.456777778185737,-22.282997362041357,239.57229559320731,8.456777778185737,-22.282997362041357,,,,,"{""elapsed_s"":927.2187266999999,""sample_index"":159,""id11_raw"":1940,""id12_raw"":2725,""id13_raw"":-805,""id14_raw"":1177,""id11_deg"":170.508,""id12_deg"":239.502,""id13_deg"":289.248,""id14_deg"":103.447,""q1_deg"":2.0216718750000098,""q2_deg"":59.67778125000001,""q3_deg"":-66.62114062500001,""q4_deg"":103.447,""physical_x_mm"":239.57229559320731,""physical_y_mm"":-8.456777778185737,""physical_z_mm"":-22.282997362041357,""internal_x_mm"":239.57229559320731,""internal_y_mm"":8.456777778185737,""internal_z_mm"":-22.282997362041357,""position_error_mm"":null,""robot_timestamp_utc"":""2026-09-10T11:18:51.224+00:00"",""extra"":null}"
2026-09-10T11:18:51.735Z,20260910T110324.000Z-1a3fdf2b,367,telemetry_sample,telemetry,927.7232884000005,160,1902,2726,-804,1178,,167.168,239.59,289.336,103.535,,-1.3183281249999936,59.76578125,-66.53314062499999,103.53499999999997,239.04463448159862,5.501188623054023,-22.765038041218872,239.04463448159862,-5.501188623054023,-22.765038041218872,,,,,"{""elapsed_s"":927.7232884000005,""sample_index"":160,""id11_raw"":1902,""id12_raw"":2726,""id13_raw"":-804,""id14_raw"":1178,""id11_deg"":167.168,""id12_deg"":239.59,""id13_deg"":289.336,""id14_deg"":103.535,""q1_deg"":-1.3183281249999936,""q2_deg"":59.76578125,""q3_deg"":-66.53314062499999,""q4_deg"":103.53499999999997,""physical_x_mm"":239.04463448159862,""physical_y_mm"":5.501188623054023,""physical_z_mm"":-22.765038041218872,""internal_x_mm"":239.04463448159862,""internal_y_mm"":-5.501188623054023,""internal_z_mm"":-22.765038041218872,""position_error_mm"":null,""robot_timestamp_utc"":""2026-09-10T11:18:51.729+00:00"",""extra"":null}"
2026-09-10T11:18:53.138Z,20260910T110324.000Z-1a3fdf2b,369,telemetry_sample,telemetry,929.1257967000001,161,1851,2726,-804,1168,,162.686,239.59,289.336,102.656,,-5.800328124999993,59.76578125,-66.53314062499999,102.656,240.2911642250514,24.40927669306027,-23.033392664790824,240.2911642250514,-24.40927669306027,-23.033392664790824,,,,,"{""elapsed_s"":929.1257967000001,""sample_index"":161,""id11_raw"":1851,""id12_raw"":2726,""id13_raw"":-804,""id14_raw"":1168,""id11_deg"":162.686,""id12_deg"":239.59,""id13_deg"":289.336,""id14_deg"":102.656,""q1_deg"":-5.800328124999993,""q2_deg"":59.76578125,""q3_deg"":-66.53314062499999,""q4_deg"":102.656,""physical_x_mm"":240.2911642250514,""physical_y_mm"":24.40927669306027,""physical_z_mm"":-23.033392664790824,""internal_x_mm"":240.2911642250514,""internal_y_mm"":-24.40927669306027,""internal_z_mm"":-23.033392664790824,""position_error_mm"":null,""robot_timestamp_utc"":""2026-09-10T11:18:53.131+00:00"",""extra"":null}"
2026-09-10T11:18:53.533Z,20260910T110324.000Z-1a3fdf2b,371,telemetry_sample,telemetry,929.5212388999998,162,1823,2726,-805,1168,,160.225,239.59,289.248,102.656,,-8.261328125000006,59.76578125,-66.62114062500001,102.656,239.23902993513096,34.736304942371554,-22.86910751570292,239.23902993513096,-34.736304942371554,-22.86910751570292,,,,,"{""elapsed_s"":929.5212388999998,""sample_index"":162,""id11_raw"":1823,""id12_raw"":2726,""id13_raw"":-805,""id14_raw"":1168,""id11_deg"":160.225,""id12_deg"":239.59,""id13_deg"":289.248,""id14_deg"":102.656,""q1_deg"":-8.261328125000006,""q2_deg"":59.76578125,""q3_deg"":-66.62114062500001,""q4_deg"":102.656,""physical_x_mm"":239.23902993513096,""physical_y_mm"":34.736304942371554,""physical_z_mm"":-22.86910751570292,""internal_x_mm"":239.23902993513096,""internal_y_mm"":-34.736304942371554,""internal_z_mm"":-22.86910751570292,""position_error_mm"":null,""robot_timestamp_utc"":""2026-09-10T11:18:53.528+00:00"",""extra"":null}"
2026-09-10T11:18:54.584Z,20260910T110324.000Z-1a3fdf2b,373,telemetry_sample,telemetry,930.5724627,163,1760,2726,-805,1168,,154.687,239.59,289.248,102.656,,-13.799328124999988,59.76578125,-66.62114062500001,102.656,234.77010226284534,57.66214883998915,-22.86910751570292,234.77010226284534,-57.66214883998915,-22.86910751570292,,,,,"{""elapsed_s"":930.5724627,""sample_index"":163,""id11_raw"":1760,""id12_raw"":2726,""id13_raw"":-805,""id14_raw"":1168,""id11_deg"":154.687,""id12_deg"":239.59,""id13_deg"":289.248,""id14_deg"":102.656,""q1_deg"":-13.799328124999988,""q2_deg"":59.76578125,""q3_deg"":-66.62114062500001,""q4_deg"":102.656,""physical_x_mm"":234.77010226284534,""physical_y_mm"":57.66214883998915,""physical_z_mm"":-22.86910751570292,""internal_x_mm"":234.77010226284534,""internal_y_mm"":-57.66214883998915,""internal_z_mm"":-22.86910751570292,""position_error_mm"":null,""robot_timestamp_utc"":""2026-09-10T11:18:54.578+00:00"",""extra"":null}"
2026-09-10T11:18:56.353Z,20260910T110324.000Z-1a3fdf2b,375,telemetry_sample,telemetry,932.3412982,164,1690,2736,-808,1155,,148.535,240.469,288.984,101.514,,-19.951328125000003,60.644781249999994,-66.88514062500002,101.51400000000001,229.3638297519798,83.26102255121808,-26.219315330342425,229.3638297519798,-83.26102255121808,-26.219315330342425,,,,,"{""elapsed_s"":932.3412982,""sample_index"":164,""id11_raw"":1690,""id12_raw"":2736,""id13_raw"":-808,""id14_raw"":1155,""id11_deg"":148.535,""id12_deg"":240.469,""id13_deg"":288.984,""id14_deg"":101.514,""q1_deg"":-19.951328125000003,""q2_deg"":60.644781249999994,""q3_deg"":-66.88514062500002,""q4_deg"":101.51400000000001,""physical_x_mm"":229.3638297519798,""physical_y_mm"":83.26102255121808,""physical_z_mm"":-26.219315330342425,""internal_x_mm"":229.3638297519798,""internal_y_mm"":-83.26102255121808,""internal_z_mm"":-26.219315330342425,""position_error_mm"":null,""robot_timestamp_utc"":""2026-09-10T11:18:56.345+00:00"",""extra"":null}"
2026-09-10T11:18:56.957Z,20260910T110324.000Z-1a3fdf2b,377,telemetry_sample,telemetry,932.9452391000004,165,1674,2748,-841,1158,,147.129,241.523,286.084,101.777,,-21.35732812500001,61.698781249999996,-69.785140625,101.77699999999999,231.5559630613935,90.54690694281626,-24.873880235223425,231.5559630613935,-90.54690694281626,-24.873880235223425,,,,,"{""elapsed_s"":932.9452391000004,""sample_index"":165,""id11_raw"":1674,""id12_raw"":2748,""id13_raw"":-841,""id14_raw"":1158,""id11_deg"":147.129,""id12_deg"":241.523,""id13_deg"":286.084,""id14_deg"":101.777,""q1_deg"":-21.35732812500001,""q2_deg"":61.698781249999996,""q3_deg"":-69.785140625,""q4_deg"":101.77699999999999,""physical_x_mm"":231.5559630613935,""physical_y_mm"":90.54690694281626,""physical_z_mm"":-24.873880235223425,""internal_x_mm"":231.5559630613935,""internal_y_mm"":-90.54690694281626,""internal_z_mm"":-24.873880235223425,""position_error_mm"":null,""robot_timestamp_utc"":""2026-09-10T11:18:56.951+00:00"",""extra"":null}"
2026-09-10T11:19:04.262Z,20260910T110324.000Z-1a3fdf2b,379,telemetry_sample,telemetry,940.2504853999999,166,1590,2538,-430,988,,139.746,223.066,322.207,86.836,,-28.74032812499999,43.24178125,-33.662140625000006,86.83600000000001,194.3979543880277,106.60768134888731,-25.039832567073574,194.3979543880277,-106.60768134888731,-25.039832567073574,,,,,"{""elapsed_s"":940.2504853999999,""sample_index"":166,""id11_raw"":1590,""id12_raw"":2538,""id13_raw"":-430,""id14_raw"":988,""id11_deg"":139.746,""id12_deg"":223.066,""id13_deg"":322.207,""id14_deg"":86.836,""q1_deg"":-28.74032812499999,""q2_deg"":43.24178125,""q3_deg"":-33.662140625000006,""q4_deg"":86.83600000000001,""physical_x_mm"":194.3979543880277,""physical_y_mm"":106.60768134888731,""physical_z_mm"":-25.039832567073574,""internal_x_mm"":194.3979543880277,""internal_y_mm"":-106.60768134888731,""internal_z_mm"":-25.039832567073574,""position_error_mm"":null,""robot_timestamp_utc"":""2026-09-10T11:19:04.256+00:00"",""extra"":null}"
2026-09-10T11:19:06.780Z,20260910T110324.000Z-1a3fdf2b,381,telemetry_sample,telemetry,942.7683017999998,167,1551,2273,40,664,,136.318,199.775,3.516,58.359,,-32.16832812499999,19.950781250000006,7.6468593750000196,58.35900000000001,168.7190877989105,106.11787572844507,-27.12006388978486,168.7190877989105,-106.11787572844507,-27.12006388978486,,,,,"{""elapsed_s"":942.7683017999998,""sample_index"":167,""id11_raw"":1551,""id12_raw"":2273,""id13_raw"":40,""id14_raw"":664,""id11_deg"":136.318,""id12_deg"":199.775,""id13_deg"":3.516,""id14_deg"":58.359,""q1_deg"":-32.16832812499999,""q2_deg"":19.950781250000006,""q3_deg"":7.6468593750000196,""q4_deg"":58.35900000000001,""physical_x_mm"":168.7190877989105,""physical_y_mm"":106.11787572844507,""physical_z_mm"":-27.12006388978486,""internal_x_mm"":168.7190877989105,""internal_y_mm"":-106.11787572844507,""internal_z_mm"":-27.12006388978486,""position_error_mm"":null,""robot_timestamp_utc"":""2026-09-10T11:19:06.775+00:00"",""extra"":null}"
2026-09-10T11:19:07.396Z,20260910T110324.000Z-1a3fdf2b,383,telemetry_sample,telemetry,943.3838673,168,1552,2269,46,658,,136.406,199.424,4.043,57.832,,-32.080328124999994,19.599781250000007,8.173859375000006,57.831999999999994,168.97037474452839,105.91409077215224,-26.98217754105397,168.97037474452839,-105.91409077215224,-26.98217754105397,,,,,"{""elapsed_s"":943.3838673,""sample_index"":168,""id11_raw"":1552,""id12_raw"":2269,""id13_raw"":46,""id14_raw"":658,""id11_deg"":136.406,""id12_deg"":199.424,""id13_deg"":4.043,""id14_deg"":57.832,""q1_deg"":-32.080328124999994,""q2_deg"":19.599781250000007,""q3_deg"":8.173859375000006,""q4_deg"":57.831999999999994,""physical_x_mm"":168.97037474452839,""physical_y_mm"":105.91409077215224,""physical_z_mm"":-26.98217754105397,""internal_x_mm"":168.97037474452839,""internal_y_mm"":-105.91409077215224,""internal_z_mm"":-26.98217754105397,""position_error_mm"":null,""robot_timestamp_utc"":""2026-09-10T11:19:07.391+00:00"",""extra"":null}"
2026-09-10T11:19:08.560Z,20260910T110324.000Z-1a3fdf2b,385,telemetry_sample,telemetry,944.5479707000004,169,1540,2205,140,586,,135.352,193.799,12.305,51.504,,-33.134328124999996,13.974781250000007,16.435859375000007,51.50399999999999,163.6781107724148,106.84021294489244,-24.974915773980086,163.6781107724148,-106.84021294489244,-24.974915773980086,,,,,"{""elapsed_s"":944.5479707000004,""sample_index"":169,""id11_raw"":1540,""id12_raw"":2205,""id13_raw"":140,""id14_raw"":586,""id11_deg"":135.352,""id12_deg"":193.799,""id13_deg"":12.305,""id14_deg"":51.504,""q1_deg"":-33.134328124999996,""q2_deg"":13.974781250000007,""q3_deg"":16.435859375000007,""q4_deg"":51.50399999999999,""physical_x_mm"":163.6781107724148,""physical_y_mm"":106.84021294489244,""physical_z_mm"":-24.974915773980086,""internal_x_mm"":163.6781107724148,""internal_y_mm"":-106.84021294489244,""internal_z_mm"":-24.974915773980086,""position_error_mm"":null,""robot_timestamp_utc"":""2026-09-10T11:19:08.553+00:00"",""extra"":null}"
2026-09-10T11:19:09.404Z,20260910T110324.000Z-1a3fdf2b,387,telemetry_sample,telemetry,945.3918082999999,170,1529,2186,159,614,,134.385,192.129,13.975,53.965,,-34.10132812500001,12.30478124999999,18.105859375000023,53.965,153.37141400839656,103.84543878117617,-24.25916654633221,153.37141400839656,-103.84543878117617,-24.25916654633221,,,,,"{""elapsed_s"":945.3918082999999,""sample_index"":170,""id11_raw"":1529,""id12_raw"":2186,""id13_raw"":159,""id14_raw"":614,""id11_deg"":134.385,""id12_deg"":192.129,""id13_deg"":13.975,""id14_deg"":53.965,""q1_deg"":-34.10132812500001,""q2_deg"":12.30478124999999,""q3_deg"":18.105859375000023,""q4_deg"":53.965,""physical_x_mm"":153.37141400839656,""physical_y_mm"":103.84543878117617,""physical_z_mm"":-24.25916654633221,""internal_x_mm"":153.37141400839656,""internal_y_mm"":-103.84543878117617,""internal_z_mm"":-24.25916654633221,""position_error_mm"":null,""robot_timestamp_utc"":""2026-09-10T11:19:09.399+00:00"",""extra"":null}"
2026-09-10T11:19:10.317Z,20260910T110324.000Z-1a3fdf2b,389,telemetry_sample,telemetry,946.3054268000005,171,1505,2203,94,751,,132.275,193.623,8.262,66.006,,-36.211328124999994,13.79878124999999,12.392859375,66.006,137.98588926162003,101.0323057936976,-18.232237994789955,137.98588926162003,-101.0323057936976,-18.232237994789955,,,,,"{""elapsed_s"":946.3054268000005,""sample_index"":171,""id11_raw"":1505,""id12_raw"":2203,""id13_raw"":94,""id14_raw"":751,""id11_deg"":132.275,""id12_deg"":193.623,""id13_deg"":8.262,""id14_deg"":66.006,""q1_deg"":-36.211328124999994,""q2_deg"":13.79878124999999,""q3_deg"":12.392859375,""q4_deg"":66.006,""physical_x_mm"":137.98588926162003,""physical_y_mm"":101.0323057936976,""physical_z_mm"":-18.232237994789955,""internal_x_mm"":137.98588926162003,""internal_y_mm"":-101.0323057936976,""internal_z_mm"":-18.232237994789955,""position_error_mm"":null,""robot_timestamp_utc"":""2026-09-10T11:19:10.309+00:00"",""extra"":null}"
2026-09-10T11:19:10.793Z,20260910T110324.000Z-1a3fdf2b,391,telemetry_sample,telemetry,946.7815607000002,172,1493,2226,74,772,,131.221,195.645,6.504,67.852,,-37.265328124999996,15.82078125000001,10.634859375000019,67.852,134.56209667052445,102.3802222895331,-20.3861356098665,134.56209667052445,-102.3802222895331,-20.3861356098665,,,,,"{""elapsed_s"":946.7815607000002,""sample_index"":172,""id11_raw"":1493,""id12_raw"":2226,""id13_raw"":74,""id14_raw"":772,""id11_deg"":131.221,""id12_deg"":195.645,""id13_deg"":6.504,""id14_deg"":67.852,""q1_deg"":-37.265328124999996,""q2_deg"":15.82078125000001,""q3_deg"":10.634859375000019,""q4_deg"":67.852,""physical_x_mm"":134.56209667052445,""physical_y_mm"":102.3802222895331,""physical_z_mm"":-20.3861356098665,""internal_x_mm"":134.56209667052445,""internal_y_mm"":-102.3802222895331,""internal_z_mm"":-20.3861356098665,""position_error_mm"":null,""robot_timestamp_utc"":""2026-09-10T11:19:10.786+00:00"",""extra"":null}"
2026-09-10T11:19:11.418Z,20260910T110324.000Z-1a3fdf2b,393,telemetry_sample,telemetry,947.4064963000001,173,1471,2225,76,772,,129.287,195.557,6.68,67.852,,-39.199328124999994,15.732781249999988,10.810859375000007,67.852,130.63724647559405,106.54258752272946,-20.449157183479798,130.63724647559405,-106.54258752272946,-20.449157183479798,,,,,"{""elapsed_s"":947.4064963000001,""sample_index"":173,""id11_raw"":1471,""id12_raw"":2225,""id13_raw"":76,""id14_raw"":772,""id11_deg"":129.287,""id12_deg"":195.557,""id13_deg"":6.68,""id14_deg"":67.852,""q1_deg"":-39.199328124999994,""q2_deg"":15.732781249999988,""q3_deg"":10.810859375000007,""q4_deg"":67.852,""physical_x_mm"":130.63724647559405,""physical_y_mm"":106.54258752272946,""physical_z_mm"":-20.449157183479798,""internal_x_mm"":130.63724647559405,""internal_y_mm"":-106.54258752272946,""internal_z_mm"":-20.449157183479798,""position_error_mm"":null,""robot_timestamp_utc"":""2026-09-10T11:19:11.414+00:00"",""extra"":null}"
2026-09-10T11:19:12.043Z,20260910T110324.000Z-1a3fdf2b,395,telemetry_sample,telemetry,948.0314744000007,174,1438,2218,97,772,,126.387,194.941,8.525,67.852,,-42.099328125,15.116781250000003,12.655859374999977,67.852,120.72935259115427,109.0847695715488,-21.903642558133356,120.72935259115427,-109.0847695715488,-21.903642558133356,,,,,"{""elapsed_s"":948.0314744000007,""sample_index"":174,""id11_raw"":1438,""id12_raw"":2218,""id13_raw"":97,""id14_raw"":772,""id11_deg"":126.387,""id12_deg"":194.941,""id13_deg"":8.525,""id14_deg"":67.852,""q1_deg"":-42.099328125,""q2_deg"":15.116781250000003,""q3_deg"":12.655859374999977,""q4_deg"":67.852,""physical_x_mm"":120.72935259115427,""physical_y_mm"":109.0847695715488,""physical_z_mm"":-21.903642558133356,""internal_x_mm"":120.72935259115427,""internal_y_mm"":-109.0847695715488,""internal_z_mm"":-21.903642558133356,""position_error_mm"":null,""robot_timestamp_utc"":""2026-09-10T11:19:12.038+00:00"",""extra"":null}"
2026-09-10T11:19:12.634Z,20260910T110324.000Z-1a3fdf2b,397,telemetry_sample,telemetry,948.6223172,175,1387,2175,169,756,,121.904,191.162,14.854,66.445,,-46.582328125000004,11.337781250000006,18.984859374999985,66.445,102.43013103219792,108.24992721212413,-22.914054665746505,102.43013103219792,-108.24992721212413,-22.914054665746505,,,,,"{""elapsed_s"":948.6223172,""sample_index"":175,""id11_raw"":1387,""id12_raw"":2175,""id13_raw"":169,""id14_raw"":756,""id11_deg"":121.904,""id12_deg"":191.162,""id13_deg"":14.854,""id14_deg"":66.445,""q1_deg"":-46.582328125000004,""q2_deg"":11.337781250000006,""q3_deg"":18.984859374999985,""q4_deg"":66.445,""physical_x_mm"":102.43013103219792,""physical_y_mm"":108.24992721212413,""physical_z_mm"":-22.914054665746505,""internal_x_mm"":102.43013103219792,""internal_y_mm"":-108.24992721212413,""internal_z_mm"":-22.914054665746505,""position_error_mm"":null,""robot_timestamp_utc"":""2026-09-10T11:19:12.627+00:00"",""extra"":null}"
2026-09-10T11:19:13.459Z,20260910T110324.000Z-1a3fdf2b,399,telemetry_sample,telemetry,949.4472571000006,176,1341,2135,223,740,,117.861,187.646,19.6,65.039,,-50.62532812500001,7.821781249999987,23.730859375000023,65.03899999999999,89.22475946210315,108.72195363581345,-22.49495169327568,89.22475946210315,-108.72195363581345,-22.49495169327568,,,,,"{""elapsed_s"":949.4472571000006,""sample_index"":176,""id11_raw"":1341,""id12_raw"":2135,""id13_raw"":223,""id14_raw"":740,""id11_deg"":117.861,""id12_deg"":187.646,""id13_deg"":19.6,""id14_deg"":65.039,""q1_deg"":-50.62532812500001,""q2_deg"":7.821781249999987,""q3_deg"":23.730859375000023,""q4_deg"":65.03899999999999,""physical_x_mm"":89.22475946210315,""physical_y_mm"":108.72195363581345,""physical_z_mm"":-22.49495169327568,""internal_x_mm"":89.22475946210315,""internal_y_mm"":-108.72195363581345,""internal_z_mm"":-22.49495169327568,""position_error_mm"":null,""robot_timestamp_utc"":""2026-09-10T11:19:13.451+00:00"",""extra"":null}"
2026-09-10T11:19:14.586Z,20260910T110324.000Z-1a3fdf2b,401,telemetry_sample,telemetry,950.5739285999998,177,1247,2043,332,643,,109.6,179.561,29.18,56.514,,-58.886328125000006,-0.26321874999999295,33.31085937500001,56.51400000000001,72.63514558319473,120.34372110936972,-21.708137049317173,72.63514558319473,-120.34372110936972,-21.708137049317173,,,,,"{""elapsed_s"":950.5739285999998,""sample_index"":177,""id11_raw"":1247,""id12_raw"":2043,""id13_raw"":332,""id14_raw"":643,""id11_deg"":109.6,""id12_deg"":179.561,""id13_deg"":29.18,""id14_deg"":56.514,""q1_deg"":-58.886328125000006,""q2_deg"":-0.26321874999999295,""q3_deg"":33.31085937500001,""q4_deg"":56.51400000000001,""physical_x_mm"":72.63514558319473,""physical_y_mm"":120.34372110936972,""physical_z_mm"":-21.708137049317173,""internal_x_mm"":72.63514558319473,""internal_y_mm"":-120.34372110936972,""internal_z_mm"":-21.708137049317173,""position_error_mm"":null,""robot_timestamp_utc"":""2026-09-10T11:19:14.582+00:00"",""extra"":null}"
2026-09-10T11:19:15.214Z,20260910T110324.000Z-1a3fdf2b,403,telemetry_sample,telemetry,951.2016750000003,178,1204,2024,348,633,,105.82,177.891,30.586,55.635,,-62.66632812500001,-1.9332187500000089,34.71685937500001,55.63499999999999,64.4205470299571,124.63275511135775,-20.544836713075682,64.4205470299571,-124.63275511135775,-20.544836713075682,,,,,"{""elapsed_s"":951.2016750000003,""sample_index"":178,""id11_raw"":1204,""id12_raw"":2024,""id13_raw"":348,""id14_raw"":633,""id11_deg"":105.82,""id12_deg"":177.891,""id13_deg"":30.586,""id14_deg"":55.635,""q1_deg"":-62.66632812500001,""q2_deg"":-1.9332187500000089,""q3_deg"":34.71685937500001,""q4_deg"":55.63499999999999,""physical_x_mm"":64.4205470299571,""physical_y_mm"":124.63275511135775,""physical_z_mm"":-20.544836713075682,""internal_x_mm"":64.4205470299571,""internal_y_mm"":-124.63275511135775,""internal_z_mm"":-20.544836713075682,""position_error_mm"":null,""robot_timestamp_utc"":""2026-09-10T11:19:15.207+00:00"",""extra"":null}"
2026-09-10T11:19:15.803Z,20260910T110324.000Z-1a3fdf2b,405,telemetry_sample,telemetry,951.7906727999998,179,1169,2023,358,634,,102.744,177.803,31.465,55.723,,-65.742328125,-2.0212187500000027,35.595859374999975,55.72300000000001,56.17367549318268,124.65636032714997,-21.996075108488412,56.17367549318268,-124.65636032714997,-21.996075108488412,,,,,"{""elapsed_s"":951.7906727999998,""sample_index"":179,""id11_raw"":1169,""id12_raw"":2023,""id13_raw"":358,""id14_raw"":634,""id11_deg"":102.744,""id12_deg"":177.803,""id13_deg"":31.465,""id14_deg"":55.723,""q1_deg"":-65.742328125,""q2_deg"":-2.0212187500000027,""q3_deg"":35.595859374999975,""q4_deg"":55.72300000000001,""physical_x_mm"":56.17367549318268,""physical_y_mm"":124.65636032714997,""physical_z_mm"":-21.996075108488412,""internal_x_mm"":56.17367549318268,""internal_y_mm"":-124.65636032714997,""internal_z_mm"":-21.996075108488412,""position_error_mm"":null,""robot_timestamp_utc"":""2026-09-10T11:19:15.792+00:00"",""extra"":null}"
2026-09-10T11:19:16.416Z,20260910T110324.000Z-1a3fdf2b,407,telemetry_sample,telemetry,952.4038492,180,1122,2023,368,634,,98.613,177.803,32.344,55.723,,-69.873328125,-2.0212187500000027,36.474859374999994,55.72300000000001,45.84392796890542,125.09395161269572,-23.584077238417564,45.84392796890542,-125.09395161269572,-23.584077238417564,,,,,"{""elapsed_s"":952.4038492,""sample_index"":180,""id11_raw"":1122,""id12_raw"":2023,""id13_raw"":368,""id14_raw"":634,""id11_deg"":98.613,""id12_deg"":177.803,""id13_deg"":32.344,""id14_deg"":55.723,""q1_deg"":-69.873328125,""q2_deg"":-2.0212187500000027,""q3_deg"":36.474859374999994,""q4_deg"":55.72300000000001,""physical_x_mm"":45.84392796890542,""physical_y_mm"":125.09395161269572,""physical_z_mm"":-23.584077238417564,""internal_x_mm"":45.84392796890542,""internal_y_mm"":-125.09395161269572,""internal_z_mm"":-23.584077238417564,""position_error_mm"":null,""robot_timestamp_utc"":""2026-09-10T11:19:16.407+00:00"",""extra"":null}"
2026-09-10T11:19:17.136Z,20260910T110324.000Z-1a3fdf2b,409,telemetry_sample,telemetry,953.1241792000001,181,1027,2017,368,635,,90.264,177.275,32.344,55.811,,-78.222328125,-2.5492187499999943,36.474859374999994,55.81100000000001,27.331582477974745,131.08407956203416,-22.463977894257965,27.331582477974745,-131.08407956203416,-22.463977894257965,,,,,"{""elapsed_s"":953.1241792000001,""sample_index"":181,""id11_raw"":1027,""id12_raw"":2017,""id13_raw"":368,""id14_raw"":635,""id11_deg"":90.264,""id12_deg"":177.275,""id13_deg"":32.344,""id14_deg"":55.811,""q1_deg"":-78.222328125,""q2_deg"":-2.5492187499999943,""q3_deg"":36.474859374999994,""q4_deg"":55.81100000000001,""physical_x_mm"":27.331582477974745,""physical_y_mm"":131.08407956203416,""physical_z_mm"":-22.463977894257965,""internal_x_mm"":27.331582477974745,""internal_y_mm"":-131.08407956203416,""internal_z_mm"":-22.463977894257965,""position_error_mm"":null,""robot_timestamp_utc"":""2026-09-10T11:19:17.129+00:00"",""extra"":null}"
2026-09-10T11:19:17.755Z,20260910T110324.000Z-1a3fdf2b,411,telemetry_sample,telemetry,953.7435435000007,182,944,2003,397,635,,82.969,176.045,34.893,55.811,,-85.517328125,-3.7792187500000125,39.02385937500003,55.81100000000001,9.836721787353,125.47253847284644,-24.426051731775317,9.836721787353,-125.47253847284644,-24.426051731775317,,,,,"{""elapsed_s"":953.7435435000007,""sample_index"":182,""id11_raw"":944,""id12_raw"":2003,""id13_raw"":397,""id14_raw"":635,""id11_deg"":82.969,""id12_deg"":176.045,""id13_deg"":34.893,""id14_deg"":55.811,""q1_deg"":-85.517328125,""q2_deg"":-3.7792187500000125,""q3_deg"":39.02385937500003,""q4_deg"":55.81100000000001,""physical_x_mm"":9.836721787353,""physical_y_mm"":125.47253847284644,""physical_z_mm"":-24.426051731775317,""internal_x_mm"":9.836721787353,""internal_y_mm"":-125.47253847284644,""internal_z_mm"":-24.426051731775317,""position_error_mm"":null,""robot_timestamp_utc"":""2026-09-10T11:19:17.750+00:00"",""extra"":null}"
2026-09-10T11:19:18.373Z,20260910T110324.000Z-1a3fdf2b,413,telemetry_sample,telemetry,954.3608934000004,183,874,1997,397,639,,76.816,175.518,34.893,56.162,,-91.670328125,-4.306218749999999,39.02385937500003,56.162000000000006,-3.6671520452166355,125.75541594817506,-23.36260101170157,-3.6671520452166355,-125.75541594817506,-23.36260101170157,,,,,"{""elapsed_s"":954.3608934000004,""sample_index"":183,""id11_raw"":874,""id12_raw"":1997,""id13_raw"":397,""id14_raw"":639,""id11_deg"":76.816,""id12_deg"":175.518,""id13_deg"":34.893,""id14_deg"":56.162,""q1_deg"":-91.670328125,""q2_deg"":-4.306218749999999,""q3_deg"":39.02385937500003,""q4_deg"":56.162000000000006,""physical_x_mm"":-3.6671520452166355,""physical_y_mm"":125.75541594817506,""physical_z_mm"":-23.36260101170157,""internal_x_mm"":-3.6671520452166355,""internal_y_mm"":-125.75541594817506,""internal_z_mm"":-23.36260101170157,""position_error_mm"":null,""robot_timestamp_utc"":""2026-09-10T11:19:18.368+00:00"",""extra"":null}"
2026-09-10T11:19:19.764Z,20260910T110324.000Z-1a3fdf2b,415,telemetry_sample,telemetry,955.7517994999998,184,1251,1909,469,693,,109.951,167.783,41.221,60.908,,-58.53532812500001,-12.041218750000013,45.351859375000004,60.908000000000015,52.57427317694772,85.91227708410102,-19.677610526455453,52.57427317694772,-85.91227708410102,-19.677610526455453,,,,,"{""elapsed_s"":955.7517994999998,""sample_index"":184,""id11_raw"":1251,""id12_raw"":1909,""id13_raw"":469,""id14_raw"":693,""id11_deg"":109.951,""id12_deg"":167.783,""id13_deg"":41.221,""id14_deg"":60.908,""q1_deg"":-58.53532812500001,""q2_deg"":-12.041218750000013,""q3_deg"":45.351859375000004,""q4_deg"":60.908000000000015,""physical_x_mm"":52.57427317694772,""physical_y_mm"":85.91227708410102,""physical_z_mm"":-19.677610526455453,""internal_x_mm"":52.57427317694772,""internal_y_mm"":-85.91227708410102,""internal_z_mm"":-19.677610526455453,""position_error_mm"":null,""robot_timestamp_utc"":""2026-09-10T11:19:19.758+00:00"",""extra"":null}"
2026-09-10T11:19:20.516Z,20260910T110324.000Z-1a3fdf2b,417,telemetry_sample,telemetry,956.5036957000002,185,1413,1909,473,704,,124.189,167.783,41.572,61.875,,-44.29732812500001,-12.041218750000013,45.702859375,61.875,69.18615641868044,67.50964358036681,-20.0007609160277,69.18615641868044,-67.50964358036681,-20.0007609160277,,,,,"{""elapsed_s"":956.5036957000002,""sample_index"":185,""id11_raw"":1413,""id12_raw"":1909,""id13_raw"":473,""id14_raw"":704,""id11_deg"":124.189,""id12_deg"":167.783,""id13_deg"":41.572,""id14_deg"":61.875,""q1_deg"":-44.29732812500001,""q2_deg"":-12.041218750000013,""q3_deg"":45.702859375,""q4_deg"":61.875,""physical_x_mm"":69.18615641868044,""physical_y_mm"":67.50964358036681,""physical_z_mm"":-20.0007609160277,""internal_x_mm"":69.18615641868044,""internal_y_mm"":-67.50964358036681,""internal_z_mm"":-20.0007609160277,""position_error_mm"":null,""robot_timestamp_utc"":""2026-09-10T11:19:20.509+00:00"",""extra"":null}"
2026-09-10T11:19:21.069Z,20260910T110324.000Z-1a3fdf2b,419,telemetry_sample,telemetry,957.0570189999999,186,1530,1885,479,704,,134.473,165.674,42.1,61.875,,-34.01332812499999,-14.150218749999993,46.23085937500002,61.875,81.31405909211227,54.874550679759714,-17.69646678749723,81.31405909211227,-54.874550679759714,-17.69646678749723,,,,,"{""elapsed_s"":957.0570189999999,""sample_index"":186,""id11_raw"":1530,""id12_raw"":1885,""id13_raw"":479,""id14_raw"":704,""id11_deg"":134.473,""id12_deg"":165.674,""id13_deg"":42.1,""id14_deg"":61.875,""q1_deg"":-34.01332812499999,""q2_deg"":-14.150218749999993,""q3_deg"":46.23085937500002,""q4_deg"":61.875,""physical_x_mm"":81.31405909211227,""physical_y_mm"":54.874550679759714,""physical_z_mm"":-17.69646678749723,""internal_x_mm"":81.31405909211227,""internal_y_mm"":-54.874550679759714,""internal_z_mm"":-17.69646678749723,""position_error_mm"":null,""robot_timestamp_utc"":""2026-09-10T11:19:21.063+00:00"",""extra"":null}"
2026-09-10T11:19:21.828Z,20260910T110324.000Z-1a3fdf2b,421,telemetry_sample,telemetry,957.8157902000003,187,1720,1874,493,718,,151.172,164.707,43.33,63.105,,-17.314328125000003,-15.117218750000006,47.460859374999984,63.10499999999999,87.33528964840345,27.225874376470035,-17.99291103772555,87.33528964840345,-27.225874376470035,-17.99291103772555,,,,,"{""elapsed_s"":957.8157902000003,""sample_index"":187,""id11_raw"":1720,""id12_raw"":1874,""id13_raw"":493,""id14_raw"":718,""id11_deg"":151.172,""id12_deg"":164.707,""id13_deg"":43.33,""id14_deg"":63.105,""q1_deg"":-17.314328125000003,""q2_deg"":-15.117218750000006,""q3_deg"":47.460859374999984,""q4_deg"":63.10499999999999,""physical_x_mm"":87.33528964840345,""physical_y_mm"":27.225874376470035,""physical_z_mm"":-17.99291103772555,""internal_x_mm"":87.33528964840345,""internal_y_mm"":-27.225874376470035,""internal_z_mm"":-17.99291103772555,""position_error_mm"":null,""robot_timestamp_utc"":""2026-09-10T11:19:21.822+00:00"",""extra"":null}"
2026-09-10T11:19:22.468Z,20260910T110324.000Z-1a3fdf2b,423,telemetry_sample,telemetry,958.4559586000005,188,1889,1874,489,737,,166.025,164.707,42.979,64.775,,-2.4613281249999943,-15.117218750000006,47.109859374999985,64.775,88.17102620563347,3.790007273982467,-16.96115295281558,88.17102620563347,-3.790007273982467,-16.96115295281558,,,,,"{""elapsed_s"":958.4559586000005,""sample_index"":188,""id11_raw"":1889,""id12_raw"":1874,""id13_raw"":489,""id14_raw"":737,""id11_deg"":166.025,""id12_deg"":164.707,""id13_deg"":42.979,""id14_deg"":64.775,""q1_deg"":-2.4613281249999943,""q2_deg"":-15.117218750000006,""q3_deg"":47.109859374999985,""q4_deg"":64.775,""physical_x_mm"":88.17102620563347,""physical_y_mm"":3.790007273982467,""physical_z_mm"":-16.96115295281558,""internal_x_mm"":88.17102620563347,""internal_y_mm"":-3.790007273982467,""internal_z_mm"":-16.96115295281558,""position_error_mm"":null,""robot_timestamp_utc"":""2026-09-10T11:19:22.463+00:00"",""extra"":null}"
2026-09-10T11:19:24.793Z,20260910T110324.000Z-1a3fdf2b,425,telemetry_sample,telemetry,960.7812019000003,189,2192,1875,492,713,,192.656,164.795,43.242,62.666,,24.169671875000006,-15.029218750000013,47.37285937500002,62.666,84.74781669984684,-38.03327212842439,-18.0882003607301,84.74781669984684,38.03327212842439,-18.0882003607301,,,,,"{""elapsed_s"":960.7812019000003,""sample_index"":189,""id11_raw"":2192,""id12_raw"":1875,""id13_raw"":492,""id14_raw"":713,""id11_deg"":192.656,""id12_deg"":164.795,""id13_deg"":43.242,""id14_deg"":62.666,""q1_deg"":24.169671875000006,""q2_deg"":-15.029218750000013,""q3_deg"":47.37285937500002,""q4_deg"":62.666,""physical_x_mm"":84.74781669984684,""physical_y_mm"":-38.03327212842439,""physical_z_mm"":-18.0882003607301,""internal_x_mm"":84.74781669984684,""internal_y_mm"":38.03327212842439,""internal_z_mm"":-18.0882003607301,""position_error_mm"":null,""robot_timestamp_utc"":""2026-09-10T11:19:24.786+00:00"",""extra"":null}"
2026-09-10T11:19:25.431Z,20260910T110324.000Z-1a3fdf2b,427,telemetry_sample,telemetry,961.4188703,190,2306,1864,518,713,,202.676,163.828,45.527,62.666,,34.18967187499999,-15.996218749999997,49.65785937499999,62.666,70.73618979626778,-48.05362727196685,-20.30721147811306,70.73618979626778,48.05362727196685,-20.30721147811306,,,,,"{""elapsed_s"":961.4188703,""sample_index"":190,""id11_raw"":2306,""id12_raw"":1864,""id13_raw"":518,""id14_raw"":713,""id11_deg"":202.676,""id12_deg"":163.828,""id13_deg"":45.527,""id14_deg"":62.666,""q1_deg"":34.18967187499999,""q2_deg"":-15.996218749999997,""q3_deg"":49.65785937499999,""q4_deg"":62.666,""physical_x_mm"":70.73618979626778,""physical_y_mm"":-48.05362727196685,""physical_z_mm"":-20.30721147811306,""internal_x_mm"":70.73618979626778,""internal_y_mm"":48.05362727196685,""internal_z_mm"":-20.30721147811306,""position_error_mm"":null,""robot_timestamp_utc"":""2026-09-10T11:19:25.424+00:00"",""extra"":null}"
2026-09-10T11:19:26.212Z,20260910T110324.000Z-1a3fdf2b,429,telemetry_sample,telemetry,962.2002886,191,2451,1777,569,692,,215.42,156.182,50.01,60.82,,46.93367187499999,-23.642218750000012,54.14085937499999,60.81999999999999,58.61943183889252,-62.71592710200306,-18.208977203263828,58.61943183889252,62.71592710200306,-18.208977203263828,,,,,"{""elapsed_s"":962.2002886,""sample_index"":191,""id11_raw"":2451,""id12_raw"":1777,""id13_raw"":569,""id14_raw"":692,""id11_deg"":215.42,""id12_deg"":156.182,""id13_deg"":50.01,""id14_deg"":60.82,""q1_deg"":46.93367187499999,""q2_deg"":-23.642218750000012,""q3_deg"":54.14085937499999,""q4_deg"":60.81999999999999,""physical_x_mm"":58.61943183889252,""physical_y_mm"":-62.71592710200306,""physical_z_mm"":-18.208977203263828,""internal_x_mm"":58.61943183889252,""internal_y_mm"":62.71592710200306,""internal_z_mm"":-18.208977203263828,""position_error_mm"":null,""robot_timestamp_utc"":""2026-09-10T11:19:26.207+00:00"",""extra"":null}"
2026-09-10T11:19:27.026Z,20260910T110324.000Z-1a3fdf2b,431,telemetry_sample,telemetry,963.0145115000005,192,2578,1737,596,684,,226.582,152.666,52.383,60.117,,58.095671874999994,-27.158218750000003,56.51385937499998,60.11699999999999,44.64089814562354,-71.70652756127944,-18.138973404760435,44.64089814562354,71.70652756127944,-18.138973404760435,,,,,"{""elapsed_s"":963.0145115000005,""sample_index"":192,""id11_raw"":2578,""id12_raw"":1737,""id13_raw"":596,""id14_raw"":684,""id11_deg"":226.582,""id12_deg"":152.666,""id13_deg"":52.383,""id14_deg"":60.117,""q1_deg"":58.095671874999994,""q2_deg"":-27.158218750000003,""q3_deg"":56.51385937499998,""q4_deg"":60.11699999999999,""physical_x_mm"":44.64089814562354,""physical_y_mm"":-71.70652756127944,""physical_z_mm"":-18.138973404760435,""internal_x_mm"":44.64089814562354,""internal_y_mm"":71.70652756127944,""internal_z_mm"":-18.138973404760435,""position_error_mm"":null,""robot_timestamp_utc"":""2026-09-10T11:19:27.019+00:00"",""extra"":null}"
2026-09-10T11:19:27.571Z,20260910T110324.000Z-1a3fdf2b,433,telemetry_sample,telemetry,963.5591507999998,193,2665,1683,632,658,,234.229,147.92,55.547,57.832,,65.74267187500001,-31.904218750000013,59.677859375000025,57.831999999999994,35.578616577040975,-78.95463219386578,-18.16752851233238,35.578616577040975,78.95463219386578,-18.16752851233238,,,,,"{""elapsed_s"":963.5591507999998,""sample_index"":193,""id11_raw"":2665,""id12_raw"":1683,""id13_raw"":632,""id14_raw"":658,""id11_deg"":234.229,""id12_deg"":147.92,""id13_deg"":55.547,""id14_deg"":57.832,""q1_deg"":65.74267187500001,""q2_deg"":-31.904218750000013,""q3_deg"":59.677859375000025,""q4_deg"":57.831999999999994,""physical_x_mm"":35.578616577040975,""physical_y_mm"":-78.95463219386578,""physical_z_mm"":-18.16752851233238,""internal_x_mm"":35.578616577040975,""internal_y_mm"":78.95463219386578,""internal_z_mm"":-18.16752851233238,""position_error_mm"":null,""robot_timestamp_utc"":""2026-09-10T11:19:27.566+00:00"",""extra"":null}"
2026-09-10T11:19:28.764Z,20260910T110324.000Z-1a3fdf2b,435,telemetry_sample,telemetry,964.7523715000007,194,2770,1681,631,664,,243.457,147.744,55.459,58.359,,74.970671875,-32.08021875,59.589859375,58.35900000000001,22.240468078377543,-82.83293402043493,-17.861323517610003,22.240468078377543,82.83293402043493,-17.861323517610003,,,,,"{""elapsed_s"":964.7523715000007,""sample_index"":194,""id11_raw"":2770,""id12_raw"":1681,""id13_raw"":631,""id14_raw"":664,""id11_deg"":243.457,""id12_deg"":147.744,""id13_deg"":55.459,""id14_deg"":58.359,""q1_deg"":74.970671875,""q2_deg"":-32.08021875,""q3_deg"":59.589859375,""q4_deg"":58.35900000000001,""physical_x_mm"":22.240468078377543,""physical_y_mm"":-82.83293402043493,""physical_z_mm"":-17.861323517610003,""internal_x_mm"":22.240468078377543,""internal_y_mm"":82.83293402043493,""internal_z_mm"":-17.861323517610003,""position_error_mm"":null,""robot_timestamp_utc"":""2026-09-10T11:19:28.758+00:00"",""extra"":null}"
2026-09-10T11:19:30.443Z,20260910T110324.000Z-1a3fdf2b,437,telemetry_sample,telemetry,966.4310192000003,195,2921,1923,443,823,,256.729,169.014,38.936,72.334,,88.24267187499998,-10.81021874999999,43.06685937499998,72.334,2.344477037563742,-76.41516287069115,-13.032487547750947,2.344477037563742,76.41516287069115,-13.032487547750947,,,,,"{""elapsed_s"":966.4310192000003,""sample_index"":195,""id11_raw"":2921,""id12_raw"":1923,""id13_raw"":443,""id14_raw"":823,""id11_deg"":256.729,""id12_deg"":169.014,""id13_deg"":38.936,""id14_deg"":72.334,""q1_deg"":88.24267187499998,""q2_deg"":-10.81021874999999,""q3_deg"":43.06685937499998,""q4_deg"":72.334,""physical_x_mm"":2.344477037563742,""physical_y_mm"":-76.41516287069115,""physical_z_mm"":-13.032487547750947,""internal_x_mm"":2.344477037563742,""internal_y_mm"":76.41516287069115,""internal_z_mm"":-13.032487547750947,""position_error_mm"":null,""robot_timestamp_utc"":""2026-09-10T11:19:30.438+00:00"",""extra"":null}"
2026-09-10T11:19:31.129Z,20260910T110324.000Z-1a3fdf2b,439,telemetry_sample,telemetry,967.1171865000006,196,2959,1893,471,798,,260.068,166.377,41.396,70.137,,91.58167187499998,-13.44721874999999,45.526859375000015,70.137,-2.1269984410240843,-77.03056319960376,-14.390237562696996,-2.1269984410240843,77.03056319960376,-14.390237562696996,,,,,"{""elapsed_s"":967.1171865000006,""sample_index"":196,""id11_raw"":2959,""id12_raw"":1893,""id13_raw"":471,""id14_raw"":798,""id11_deg"":260.068,""id12_deg"":166.377,""id13_deg"":41.396,""id14_deg"":70.137,""q1_deg"":91.58167187499998,""q2_deg"":-13.44721874999999,""q3_deg"":45.526859375000015,""q4_deg"":70.137,""physical_x_mm"":-2.1269984410240843,""physical_y_mm"":-77.03056319960376,""physical_z_mm"":-14.390237562696996,""internal_x_mm"":-2.1269984410240843,""internal_y_mm"":77.03056319960376,""internal_z_mm"":-14.390237562696996,""position_error_mm"":null,""robot_timestamp_utc"":""2026-09-10T11:19:31.122+00:00"",""extra"":null}"
2026-09-10T11:19:31.831Z,20260910T110324.000Z-1a3fdf2b,441,telemetry_sample,telemetry,967.8194969000006,197,2958,1698,628,644,,259.98,149.238,55.195,56.602,,91.49367187500002,-30.58621875,59.32585937499999,56.602000000000004,-2.323663466220904,-89.11324495037891,-18.89603913776355,-2.323663466220904,89.11324495037891,-18.89603913776355,,,,,"{""elapsed_s"":967.8194969000006,""sample_index"":197,""id11_raw"":2958,""id12_raw"":1698,""id13_raw"":628,""id14_raw"":644,""id11_deg"":259.98,""id12_deg"":149.238,""id13_deg"":55.195,""id14_deg"":56.602,""q1_deg"":91.49367187500002,""q2_deg"":-30.58621875,""q3_deg"":59.32585937499999,""q4_deg"":56.602000000000004,""physical_x_mm"":-2.323663466220904,""physical_y_mm"":-89.11324495037891,""physical_z_mm"":-18.89603913776355,""internal_x_mm"":-2.323663466220904,""internal_y_mm"":89.11324495037891,""internal_z_mm"":-18.89603913776355,""position_error_mm"":null,""robot_timestamp_utc"":""2026-09-10T11:19:31.825+00:00"",""extra"":null}"
2026-09-10T11:19:33.414Z,20260910T110324.000Z-1a3fdf2b,443,telemetry_sample,telemetry,969.4023095000002,198,2958,1717,607,822,,259.98,150.908,53.35,72.246,,91.49367187500002,-28.916218750000013,57.48085937500002,72.24599999999998,-1.3100035607709266,-50.23905995591797,-15.027384192085492,-1.3100035607709266,50.23905995591797,-15.027384192085492,,,,,"{""elapsed_s"":969.4023095000002,""sample_index"":198,""id11_raw"":2958,""id12_raw"":1717,""id13_raw"":607,""id14_raw"":822,""id11_deg"":259.98,""id12_deg"":150.908,""id13_deg"":53.35,""id14_deg"":72.246,""q1_deg"":91.49367187500002,""q2_deg"":-28.916218750000013,""q3_deg"":57.48085937500002,""q4_deg"":72.24599999999998,""physical_x_mm"":-1.3100035607709266,""physical_y_mm"":-50.23905995591797,""physical_z_mm"":-15.027384192085492,""internal_x_mm"":-1.3100035607709266,""internal_y_mm"":50.23905995591797,""internal_z_mm"":-15.027384192085492,""position_error_mm"":null,""robot_timestamp_utc"":""2026-09-10T11:19:33.409+00:00"",""extra"":null}"
2026-09-10T11:19:34.112Z,20260910T110324.000Z-1a3fdf2b,445,telemetry_sample,telemetry,970.1002336000001,199,2979,1724,601,800,,261.826,151.523,52.822,70.313,,93.33967187500002,-28.301218750000004,56.952859375,70.31299999999999,-3.293313773933894,-56.43645312597281,-15.638944604309245,-3.293313773933894,56.43645312597281,-15.638944604309245,,,,,"{""elapsed_s"":970.1002336000001,""sample_index"":199,""id11_raw"":2979,""id12_raw"":1724,""id13_raw"":601,""id14_raw"":800,""id11_deg"":261.826,""id12_deg"":151.523,""id13_deg"":52.822,""id14_deg"":70.313,""q1_deg"":93.33967187500002,""q2_deg"":-28.301218750000004,""q3_deg"":56.952859375,""q4_deg"":70.31299999999999,""physical_x_mm"":-3.293313773933894,""physical_y_mm"":-56.43645312597281,""physical_z_mm"":-15.638944604309245,""internal_x_mm"":-3.293313773933894,""internal_y_mm"":56.43645312597281,""internal_z_mm"":-15.638944604309245,""position_error_mm"":null,""robot_timestamp_utc"":""2026-09-10T11:19:34.104+00:00"",""extra"":null}"
2026-09-10T11:19:34.636Z,20260910T110324.000Z-1a3fdf2b,447,telemetry_sample,telemetry,970.6237418999999,200,2986,1784,555,797,,262.441,156.797,48.779,70.049,,93.95467187499997,-23.027218750000003,52.909859374999996,70.049,-4.424976836818186,-64.00777714313676,-14.412776958595373,-4.424976836818186,64.00777714313676,-14.412776958595373,,,,,"{""elapsed_s"":970.6237418999999,""sample_index"":200,""id11_raw"":2986,""id12_raw"":1784,""id13_raw"":555,""id14_raw"":797,""id11_deg"":262.441,""id12_deg"":156.797,""id13_deg"":48.779,""id14_deg"":70.049,""q1_deg"":93.95467187499997,""q2_deg"":-23.027218750000003,""q3_deg"":52.909859374999996,""q4_deg"":70.049,""physical_x_mm"":-4.424976836818186,""physical_y_mm"":-64.00777714313676,""physical_z_mm"":-14.412776958595373,""internal_x_mm"":-4.424976836818186,""internal_y_mm"":64.00777714313676,""internal_z_mm"":-14.412776958595373,""position_error_mm"":null,""robot_timestamp_utc"":""2026-09-10T11:19:34.631+00:00"",""extra"":null}"
2026-09-10T11:19:35.236Z,20260910T110324.000Z-1a3fdf2b,449,telemetry_sample,telemetry,971.2244201000003,201,2993,1854,496,772,,263.057,162.949,43.594,67.852,,94.57067187500002,-16.875218749999988,47.724859374999994,67.852,-6.395497768848447,-80.0007978458932,-14.50372309305223,-6.395497768848447,80.0007978458932,-14.50372309305223,,,,,"{""elapsed_s"":971.2244201000003,""sample_index"":201,""id11_raw"":2993,""id12_raw"":1854,""id13_raw"":496,""id14_raw"":772,""id11_deg"":263.057,""id12_deg"":162.949,""id13_deg"":43.594,""id14_deg"":67.852,""q1_deg"":94.57067187500002,""q2_deg"":-16.875218749999988,""q3_deg"":47.724859374999994,""q4_deg"":67.852,""physical_x_mm"":-6.395497768848447,""physical_y_mm"":-80.0007978458932,""physical_z_mm"":-14.50372309305223,""internal_x_mm"":-6.395497768848447,""internal_y_mm"":80.0007978458932,""internal_z_mm"":-14.50372309305223,""position_error_mm"":null,""robot_timestamp_utc"":""2026-09-10T11:19:35.230+00:00"",""extra"":null}"
2026-09-10T11:19:35.905Z,20260910T110324.000Z-1a3fdf2b,451,telemetry_sample,telemetry,971.8926255000006,202,2994,1934,418,734,,263.145,169.98,36.738,64.512,,94.65867187499998,-9.84421875000001,40.868859375,64.512,-8.504667425824424,-104.3660626416491,-15.151405074358564,-8.504667425824424,104.3660626416491,-15.151405074358564,,,,,"{""elapsed_s"":971.8926255000006,""sample_index"":202,""id11_raw"":2994,""id12_raw"":1934,""id13_raw"":418,""id14_raw"":734,""id11_deg"":263.145,""id12_deg"":169.98,""id13_deg"":36.738,""id14_deg"":64.512,""q1_deg"":94.65867187499998,""q2_deg"":-9.84421875000001,""q3_deg"":40.868859375,""q4_deg"":64.512,""physical_x_mm"":-8.504667425824424,""physical_y_mm"":-104.3660626416491,""physical_z_mm"":-15.151405074358564,""internal_x_mm"":-8.504667425824424,""internal_y_mm"":104.3660626416491,""internal_z_mm"":-15.151405074358564,""position_error_mm"":null,""robot_timestamp_utc"":""2026-09-10T11:19:35.901+00:00"",""extra"":null}"
2026-09-10T11:19:36.695Z,20260910T110324.000Z-1a3fdf2b,453,telemetry_sample,telemetry,972.6828482999999,203,2995,2005,343,731,,263.232,176.221,30.146,64.248,,94.74567187500003,-3.6032187499999964,34.276859375000015,64.24799999999999,-10.006018196814251,-120.52897817397746,-15.617842629531623,-10.006018196814251,120.52897817397746,-15.617842629531623,,,,,"{""elapsed_s"":972.6828482999999,""sample_index"":203,""id11_raw"":2995,""id12_raw"":2005,""id13_raw"":343,""id14_raw"":731,""id11_deg"":263.232,""id12_deg"":176.221,""id13_deg"":30.146,""id14_deg"":64.248,""q1_deg"":94.74567187500003,""q2_deg"":-3.6032187499999964,""q3_deg"":34.276859375000015,""q4_deg"":64.24799999999999,""physical_x_mm"":-10.006018196814251,""physical_y_mm"":-120.52897817397746,""physical_z_mm"":-15.617842629531623,""internal_x_mm"":-10.006018196814251,""internal_y_mm"":120.52897817397746,""internal_z_mm"":-15.617842629531623,""position_error_mm"":null,""robot_timestamp_utc"":""2026-09-10T11:19:36.689+00:00"",""extra"":null}"
2026-09-10T11:19:37.567Z,20260910T110324.000Z-1a3fdf2b,455,telemetry_sample,telemetry,973.5556015000002,204,2995,2035,306,732,,263.232,178.857,26.895,64.336,,94.74567187500003,-0.9672187500000007,31.025859374999982,64.33600000000001,-10.67246690370949,-128.55678504654804,-15.456394654061597,-10.67246690370949,128.55678504654804,-15.456394654061597,,,,,"{""elapsed_s"":973.5556015000002,""sample_index"":204,""id11_raw"":2995,""id12_raw"":2035,""id13_raw"":306,""id14_raw"":732,""id11_deg"":263.232,""id12_deg"":178.857,""id13_deg"":26.895,""id14_deg"":64.336,""q1_deg"":94.74567187500003,""q2_deg"":-0.9672187500000007,""q3_deg"":31.025859374999982,""q4_deg"":64.33600000000001,""physical_x_mm"":-10.67246690370949,""physical_y_mm"":-128.55678504654804,""physical_z_mm"":-15.456394654061597,""internal_x_mm"":-10.67246690370949,""internal_y_mm"":128.55678504654804,""internal_z_mm"":-15.456394654061597,""position_error_mm"":null,""robot_timestamp_utc"":""2026-09-10T11:19:37.561+00:00"",""extra"":null}"
2026-09-10T11:19:43.871Z,20260910T110324.000Z-1a3fdf2b,457,telemetry_sample,telemetry,979.8593535999998,205,2092,1892,489,709,,183.867,166.289,42.979,62.314,,15.38067187499999,-13.535218750000013,47.109859374999985,62.31399999999999,89.09709042247167,-24.509094127304984,-19.875408988785637,89.09709042247167,24.509094127304984,-19.875408988785637,,,,,"{""elapsed_s"":979.8593535999998,""sample_index"":205,""id11_raw"":2092,""id12_raw"":1892,""id13_raw"":489,""id14_raw"":709,""id11_deg"":183.867,""id12_deg"":166.289,""id13_deg"":42.979,""id14_deg"":62.314,""q1_deg"":15.38067187499999,""q2_deg"":-13.535218750000013,""q3_deg"":47.109859374999985,""q4_deg"":62.31399999999999,""physical_x_mm"":89.09709042247167,""physical_y_mm"":-24.509094127304984,""physical_z_mm"":-19.875408988785637,""internal_x_mm"":89.09709042247167,""internal_y_mm"":24.509094127304984,""internal_z_mm"":-19.875408988785637,""position_error_mm"":null,""robot_timestamp_utc"":""2026-09-10T11:19:43.865+00:00"",""extra"":null}"
2026-09-10T11:19:46.834Z,20260910T110324.000Z-1a3fdf2b,459,telemetry_sample,telemetry,982.8217934000004,206,2110,2355,2,1117,,185.449,206.982,0.176,98.174,,16.962671875000012,27.15778125,4.306859374999988,98.17399999999998,92.11469509383802,-28.096679506644367,-7.503003906346692,92.11469509383802,28.096679506644367,-7.503003906346692,,,,,"{""elapsed_s"":982.8217934000004,""sample_index"":206,""id11_raw"":2110,""id12_raw"":2355,""id13_raw"":2,""id14_raw"":1117,""id11_deg"":185.449,""id12_deg"":206.982,""id13_deg"":0.176,""id14_deg"":98.174,""q1_deg"":16.962671875000012,""q2_deg"":27.15778125,""q3_deg"":4.306859374999988,""q4_deg"":98.17399999999998,""physical_x_mm"":92.11469509383802,""physical_y_mm"":-28.096679506644367,""physical_z_mm"":-7.503003906346692,""internal_x_mm"":92.11469509383802,""internal_y_mm"":28.096679506644367,""internal_z_mm"":-7.503003906346692,""position_error_mm"":null,""robot_timestamp_utc"":""2026-09-10T11:19:46.827+00:00"",""extra"":null}"
2026-09-10T11:19:51.262Z,20260910T110324.000Z-1a3fdf2b,461,telemetry_sample,telemetry,987.2504582000001,207,2171,1751,803,64,,190.811,153.896,70.576,5.625,,22.324671875000007,-25.928218750000013,74.70685937500002,5.625,140.33309782475888,-57.625402986009796,-20.204234329697883,140.33309782475888,57.625402986009796,-20.204234329697883,,,,,"{""elapsed_s"":987.2504582000001,""sample_index"":207,""id11_raw"":2171,""id12_raw"":1751,""id13_raw"":803,""id14_raw"":64,""id11_deg"":190.811,""id12_deg"":153.896,""id13_deg"":70.576,""id14_deg"":5.625,""q1_deg"":22.324671875000007,""q2_deg"":-25.928218750000013,""q3_deg"":74.70685937500002,""q4_deg"":5.625,""physical_x_mm"":140.33309782475888,""physical_y_mm"":-57.625402986009796,""physical_z_mm"":-20.204234329697883,""internal_x_mm"":140.33309782475888,""internal_y_mm"":57.625402986009796,""internal_z_mm"":-20.204234329697883,""position_error_mm"":null,""robot_timestamp_utc"":""2026-09-10T11:19:51.256+00:00"",""extra"":null}"
