timestamp_utc,session_id,sequence,event,category,elapsed_s,sample_index,id11_raw,id12_raw,id13_raw,id14_raw,id15_raw,id11_deg,id12_deg,id13_deg,id14_deg,id15_deg,q1_deg,q2_deg,q3_deg,q4_deg,physical_x_mm,physical_y_mm,physical_z_mm,internal_x_mm,internal_y_mm,internal_z_mm,target_x_mm,target_y_mm,target_z_mm,position_error_mm,values_json
2026-09-10T15:49:00.009Z,20260910T154752.561Z-3e1ee303,6,repeatability_phase_measured,telemetry,67.44210229999953,1,1400,2072,4028,852,,123.047,182.109,354.023,74.883,,-45.439328125,2.284781250000009,-1.8461406249999754,74.88299999999998,144.04715091597592,146.27329106470995,48.971556876173054,144.04715091597592,-146.27329106470995,48.971556876173054,146.0,145.0,50.0,2.548055128797417,"{""elapsed_s"":67.44210229999953,""sample_index"":1,""id11_raw"":1400,""id12_raw"":2072,""id13_raw"":4028,""id14_raw"":852,""id11_deg"":123.047,""id12_deg"":182.109,""id13_deg"":354.023,""id14_deg"":74.883,""q1_deg"":-45.439328125,""q2_deg"":2.284781250000009,""q3_deg"":-1.8461406249999754,""q4_deg"":74.88299999999998,""physical_x_mm"":144.04715091597592,""physical_y_mm"":146.27329106470995,""physical_z_mm"":48.971556876173054,""internal_x_mm"":144.04715091597592,""internal_y_mm"":-146.27329106470995,""internal_z_mm"":48.971556876173054,""position_error_mm"":2.548055128797417,""robot_timestamp_utc"":""2026-09-10T15:49:00.009+00:00"",""extra"":{""cycle"":1,""point"":""P02"",""phase"":""APPROACH""},""target_x_mm"":146.0,""target_y_mm"":145.0,""target_z_mm"":50.0}"
2026-09-10T15:49:01.921Z,20260910T154752.561Z-3e1ee303,8,repeatability_touch_sample,telemetry,69.35421140000108,2,1404,2207,4082,738,,123.3984375,193.974609375,358.76953125,64.86328125,,-45.087890625,14.150390625,2.900390625,64.86328125,146.45404462075578,146.9040506558502,1.2675014872470456,146.45404462075578,-146.9040506558502,1.2675014872470456,146.0,145.0,0.0,2.3319788673687216,"{""elapsed_s"":69.35421140000108,""sample_index"":2,""id11_raw"":1404,""id12_raw"":2207,""id13_raw"":4082,""id14_raw"":738,""id11_deg"":123.3984375,""id12_deg"":193.974609375,""id13_deg"":358.76953125,""id14_deg"":64.86328125,""q1_deg"":-45.087890625,""q2_deg"":14.150390625,""q3_deg"":2.900390625,""q4_deg"":64.86328125,""physical_x_mm"":146.45404462075578,""physical_y_mm"":146.9040506558502,""physical_z_mm"":1.2675014872470456,""internal_x_mm"":146.45404462075578,""internal_y_mm"":-146.9040506558502,""internal_z_mm"":1.2675014872470456,""position_error_mm"":2.3319788673687216,""robot_timestamp_utc"":""2026-09-10T15:49:01.921+00:00"",""extra"":{""cycle"":1,""point"":""P02"",""touch_index"":1,""touch_sample_index"":1,""id11_velocity_raw"":0,""id11_velocity_rpm"":0.0,""id11_current_raw"":0,""id11_current_ma"":0.0,""id11_pwm_raw"":3,""id11_pwm_percent"":0.3389830508474576,""id11_voltage_raw"":122,""id11_voltage_v"":12.200000000000001,""id11_temperature_c"":32,""id11_hardware_error"":0,""id11_moving"":0,""id11_moving_status"":49,""id12_velocity_raw"":0,""id12_velocity_rpm"":0.0,""id12_current_raw"":-27,""id12_current_ma"":-72.63,""id12_pwm_raw"":-18,""id12_pwm_percent"":-2.0338983050847457,""id12_voltage_raw"":121,""id12_voltage_v"":12.100000000000001,""id12_temperature_c"":34,""id12_hardware_error"":0,""id12_moving"":0,""id12_moving_status"":49,""id13_velocity_raw"":0,""id13_velocity_rpm"":0.0,""id13_current_raw"":-13,""id13_current_ma"":-34.97,""id13_pwm_raw"":-11,""id13_pwm_percent"":-1.2429378531073447,""id13_voltage_raw"":119,""id13_voltage_v"":11.9,""id13_temperature_c"":33,""id13_hardware_error"":0,""id13_moving"":0,""id13_moving_status"":49,""id14_velocity_raw"":0,""id14_velocity_rpm"":0.0,""id14_current_raw"":-2,""id14_current_ma"":-5.38,""id14_pwm_raw"":-7,""id14_pwm_percent"":-0.7909604519774012,""id14_voltage_raw"":120,""id14_voltage_v"":12.0,""id14_temperature_c"":33,""id14_hardware_error"":0,""id14_moving"":0,""id14_moving_status"":1},""target_x_mm"":146.0,""target_y_mm"":145.0,""target_z_mm"":0.0}"
2026-09-10T15:49:02.001Z,20260910T154752.561Z-3e1ee303,9,repeatability_touch_sample,telemetry,69.43417509999927,3,1404,2207,4082,738,,123.3984375,193.974609375,358.76953125,64.86328125,,-45.087890625,14.150390625,2.900390625,64.86328125,146.45404462075578,146.9040506558502,1.2675014872470456,146.45404462075578,-146.9040506558502,1.2675014872470456,146.0,145.0,0.0,2.3319788673687216,"{""elapsed_s"":69.43417509999927,""sample_index"":3,""id11_raw"":1404,""id12_raw"":2207,""id13_raw"":4082,""id14_raw"":738,""id11_deg"":123.3984375,""id12_deg"":193.974609375,""id13_deg"":358.76953125,""id14_deg"":64.86328125,""q1_deg"":-45.087890625,""q2_deg"":14.150390625,""q3_deg"":2.900390625,""q4_deg"":64.86328125,""physical_x_mm"":146.45404462075578,""physical_y_mm"":146.9040506558502,""physical_z_mm"":1.2675014872470456,""internal_x_mm"":146.45404462075578,""internal_y_mm"":-146.9040506558502,""internal_z_mm"":1.2675014872470456,""position_error_mm"":2.3319788673687216,""robot_timestamp_utc"":""2026-09-10T15:49:02.001+00:00"",""extra"":{""cycle"":1,""point"":""P02"",""touch_index"":1,""touch_sample_index"":2,""id11_velocity_raw"":0,""id11_velocity_rpm"":0.0,""id11_current_raw"":0,""id11_current_ma"":0.0,""id11_pwm_raw"":4,""id11_pwm_percent"":0.4519774011299435,""id11_voltage_raw"":122,""id11_voltage_v"":12.200000000000001,""id11_temperature_c"":32,""id11_hardware_error"":0,""id11_moving"":0,""id11_moving_status"":49,""id12_velocity_raw"":0,""id12_velocity_rpm"":0.0,""id12_current_raw"":-30,""id12_current_ma"":-80.7,""id12_pwm_raw"":-18,""id12_pwm_percent"":-2.0338983050847457,""id12_voltage_raw"":120,""id12_voltage_v"":12.0,""id12_temperature_c"":34,""id12_hardware_error"":0,""id12_moving"":0,""id12_moving_status"":49,""id13_velocity_raw"":0,""id13_velocity_rpm"":0.0,""id13_current_raw"":-12,""id13_current_ma"":-32.28,""id13_pwm_raw"":-10,""id13_pwm_percent"":-1.1299435028248588,""id13_voltage_raw"":120,""id13_voltage_v"":12.0,""id13_temperature_c"":33,""id13_hardware_error"":0,""id13_moving"":0,""id13_moving_status"":49,""id14_velocity_raw"":0,""id14_velocity_rpm"":0.0,""id14_current_raw"":-4,""id14_current_ma"":-10.76,""id14_pwm_raw"":-7,""id14_pwm_percent"":-0.7909604519774012,""id14_voltage_raw"":121,""id14_voltage_v"":12.100000000000001,""id14_temperature_c"":33,""id14_hardware_error"":0,""id14_moving"":0,""id14_moving_status"":1},""target_x_mm"":146.0,""target_y_mm"":145.0,""target_z_mm"":0.0}"
2026-09-10T15:49:02.085Z,20260910T154752.561Z-3e1ee303,10,repeatability_touch_sample,telemetry,69.51760830000057,4,1404,2207,4082,738,,123.3984375,193.974609375,358.76953125,64.86328125,,-45.087890625,14.150390625,2.900390625,64.86328125,146.45404462075578,146.9040506558502,1.2675014872470456,146.45404462075578,-146.9040506558502,1.2675014872470456,146.0,145.0,0.0,2.3319788673687216,"{""elapsed_s"":69.51760830000057,""sample_index"":4,""id11_raw"":1404,""id12_raw"":2207,""id13_raw"":4082,""id14_raw"":738,""id11_deg"":123.3984375,""id12_deg"":193.974609375,""id13_deg"":358.76953125,""id14_deg"":64.86328125,""q1_deg"":-45.087890625,""q2_deg"":14.150390625,""q3_deg"":2.900390625,""q4_deg"":64.86328125,""physical_x_mm"":146.45404462075578,""physical_y_mm"":146.9040506558502,""physical_z_mm"":1.2675014872470456,""internal_x_mm"":146.45404462075578,""internal_y_mm"":-146.9040506558502,""internal_z_mm"":1.2675014872470456,""position_error_mm"":2.3319788673687216,""robot_timestamp_utc"":""2026-09-10T15:49:02.084+00:00"",""extra"":{""cycle"":1,""point"":""P02"",""touch_index"":1,""touch_sample_index"":3,""id11_velocity_raw"":0,""id11_velocity_rpm"":0.0,""id11_current_raw"":0,""id11_current_ma"":0.0,""id11_pwm_raw"":5,""id11_pwm_percent"":0.5649717514124294,""id11_voltage_raw"":121,""id11_voltage_v"":12.100000000000001,""id11_temperature_c"":32,""id11_hardware_error"":0,""id11_moving"":0,""id11_moving_status"":49,""id12_velocity_raw"":0,""id12_velocity_rpm"":0.0,""id12_current_raw"":-30,""id12_current_ma"":-80.7,""id12_pwm_raw"":-18,""id12_pwm_percent"":-2.0338983050847457,""id12_voltage_raw"":121,""id12_voltage_v"":12.100000000000001,""id12_temperature_c"":34,""id12_hardware_error"":0,""id12_moving"":0,""id12_moving_status"":49,""id13_velocity_raw"":0,""id13_velocity_rpm"":0.0,""id13_current_raw"":-14,""id13_current_ma"":-37.66,""id13_pwm_raw"":-9,""id13_pwm_percent"":-1.0169491525423728,""id13_voltage_raw"":120,""id13_voltage_v"":12.0,""id13_temperature_c"":32,""id13_hardware_error"":0,""id13_moving"":0,""id13_moving_status"":49,""id14_velocity_raw"":0,""id14_velocity_rpm"":0.0,""id14_current_raw"":-2,""id14_current_ma"":-5.38,""id14_pwm_raw"":-6,""id14_pwm_percent"":-0.6779661016949152,""id14_voltage_raw"":120,""id14_voltage_v"":12.0,""id14_temperature_c"":32,""id14_hardware_error"":0,""id14_moving"":0,""id14_moving_status"":1},""target_x_mm"":146.0,""target_y_mm"":145.0,""target_z_mm"":0.0}"
2026-09-10T15:49:02.168Z,20260910T154752.561Z-3e1ee303,11,repeatability_touch_sample,telemetry,69.6006836000015,5,1404,2207,4082,739,,123.3984375,193.974609375,358.76953125,64.951171875,,-45.087890625,14.150390625,2.900390625,64.951171875,146.28385913940514,146.73334224941482,1.2334441338386455,146.28385913940514,-146.73334224941482,1.2334441338386455,146.0,145.0,0.0,2.1462608872015565,"{""elapsed_s"":69.6006836000015,""sample_index"":5,""id11_raw"":1404,""id12_raw"":2207,""id13_raw"":4082,""id14_raw"":739,""id11_deg"":123.3984375,""id12_deg"":193.974609375,""id13_deg"":358.76953125,""id14_deg"":64.951171875,""q1_deg"":-45.087890625,""q2_deg"":14.150390625,""q3_deg"":2.900390625,""q4_deg"":64.951171875,""physical_x_mm"":146.28385913940514,""physical_y_mm"":146.73334224941482,""physical_z_mm"":1.2334441338386455,""internal_x_mm"":146.28385913940514,""internal_y_mm"":-146.73334224941482,""internal_z_mm"":1.2334441338386455,""position_error_mm"":2.1462608872015565,""robot_timestamp_utc"":""2026-09-10T15:49:02.168+00:00"",""extra"":{""cycle"":1,""point"":""P02"",""touch_index"":1,""touch_sample_index"":4,""id11_velocity_raw"":0,""id11_velocity_rpm"":0.0,""id11_current_raw"":0,""id11_current_ma"":0.0,""id11_pwm_raw"":6,""id11_pwm_percent"":0.6779661016949152,""id11_voltage_raw"":121,""id11_voltage_v"":12.100000000000001,""id11_temperature_c"":32,""id11_hardware_error"":0,""id11_moving"":0,""id11_moving_status"":49,""id12_velocity_raw"":0,""id12_velocity_rpm"":0.0,""id12_current_raw"":-30,""id12_current_ma"":-80.7,""id12_pwm_raw"":-18,""id12_pwm_percent"":-2.0338983050847457,""id12_voltage_raw"":121,""id12_voltage_v"":12.100000000000001,""id12_temperature_c"":33,""id12_hardware_error"":0,""id12_moving"":0,""id12_moving_status"":49,""id13_velocity_raw"":0,""id13_velocity_rpm"":0.0,""id13_current_raw"":-11,""id13_current_ma"":-29.59,""id13_pwm_raw"":-8,""id13_pwm_percent"":-0.903954802259887,""id13_voltage_raw"":120,""id13_voltage_v"":12.0,""id13_temperature_c"":33,""id13_hardware_error"":0,""id13_moving"":0,""id13_moving_status"":49,""id14_velocity_raw"":0,""id14_velocity_rpm"":0.0,""id14_current_raw"":-5,""id14_current_ma"":-13.45,""id14_pwm_raw"":-12,""id14_pwm_percent"":-1.3559322033898304,""id14_voltage_raw"":120,""id14_voltage_v"":12.0,""id14_temperature_c"":32,""id14_hardware_error"":0,""id14_moving"":0,""id14_moving_status"":1},""target_x_mm"":146.0,""target_y_mm"":145.0,""target_z_mm"":0.0}"
2026-09-10T15:49:02.245Z,20260910T154752.561Z-3e1ee303,12,repeatability_touch_sample,telemetry,69.67830429999958,6,1404,2207,4082,738,,123.3984375,193.974609375,358.76953125,64.86328125,,-45.087890625,14.150390625,2.900390625,64.86328125,146.45404462075578,146.9040506558502,1.2675014872470456,146.45404462075578,-146.9040506558502,1.2675014872470456,146.0,145.0,0.0,2.3319788673687216,"{""elapsed_s"":69.67830429999958,""sample_index"":6,""id11_raw"":1404,""id12_raw"":2207,""id13_raw"":4082,""id14_raw"":738,""id11_deg"":123.3984375,""id12_deg"":193.974609375,""id13_deg"":358.76953125,""id14_deg"":64.86328125,""q1_deg"":-45.087890625,""q2_deg"":14.150390625,""q3_deg"":2.900390625,""q4_deg"":64.86328125,""physical_x_mm"":146.45404462075578,""physical_y_mm"":146.9040506558502,""physical_z_mm"":1.2675014872470456,""internal_x_mm"":146.45404462075578,""internal_y_mm"":-146.9040506558502,""internal_z_mm"":1.2675014872470456,""position_error_mm"":2.3319788673687216,""robot_timestamp_utc"":""2026-09-10T15:49:02.245+00:00"",""extra"":{""cycle"":1,""point"":""P02"",""touch_index"":1,""touch_sample_index"":5,""id11_velocity_raw"":0,""id11_velocity_rpm"":0.0,""id11_current_raw"":0,""id11_current_ma"":0.0,""id11_pwm_raw"":6,""id11_pwm_percent"":0.6779661016949152,""id11_voltage_raw"":122,""id11_voltage_v"":12.200000000000001,""id11_temperature_c"":32,""id11_hardware_error"":0,""id11_moving"":0,""id11_moving_status"":49,""id12_velocity_raw"":0,""id12_velocity_rpm"":0.0,""id12_current_raw"":-22,""id12_current_ma"":-59.18,""id12_pwm_raw"":-17,""id12_pwm_percent"":-1.92090395480226,""id12_voltage_raw"":121,""id12_voltage_v"":12.100000000000001,""id12_temperature_c"":34,""id12_hardware_error"":0,""id12_moving"":0,""id12_moving_status"":49,""id13_velocity_raw"":0,""id13_velocity_rpm"":0.0,""id13_current_raw"":-10,""id13_current_ma"":-26.9,""id13_pwm_raw"":-14,""id13_pwm_percent"":-1.5819209039548023,""id13_voltage_raw"":119,""id13_voltage_v"":11.9,""id13_temperature_c"":33,""id13_hardware_error"":0,""id13_moving"":0,""id13_moving_status"":49,""id14_velocity_raw"":0,""id14_velocity_rpm"":0.0,""id14_current_raw"":-4,""id14_current_ma"":-10.76,""id14_pwm_raw"":-5,""id14_pwm_percent"":-0.5649717514124294,""id14_voltage_raw"":121,""id14_voltage_v"":12.100000000000001,""id14_temperature_c"":33,""id14_hardware_error"":0,""id14_moving"":0,""id14_moving_status"":1},""target_x_mm"":146.0,""target_y_mm"":145.0,""target_z_mm"":0.0}"
2026-09-10T15:49:02.324Z,20260910T154752.561Z-3e1ee303,13,repeatability_touch_sample,telemetry,69.7567354999992,7,1404,2207,4083,739,,123.3984375,193.974609375,358.857421875,64.951171875,,-45.087890625,14.150390625,2.98828125,64.951171875,146.0741606875547,146.5229994618676,1.0179466080781765,146.0741606875547,-146.5229994618676,1.0179466080781765,146.0,145.0,0.0,1.833369156859984,"{""elapsed_s"":69.7567354999992,""sample_index"":7,""id11_raw"":1404,""id12_raw"":2207,""id13_raw"":4083,""id14_raw"":739,""id11_deg"":123.3984375,""id12_deg"":193.974609375,""id13_deg"":358.857421875,""id14_deg"":64.951171875,""q1_deg"":-45.087890625,""q2_deg"":14.150390625,""q3_deg"":2.98828125,""q4_deg"":64.951171875,""physical_x_mm"":146.0741606875547,""physical_y_mm"":146.5229994618676,""physical_z_mm"":1.0179466080781765,""internal_x_mm"":146.0741606875547,""internal_y_mm"":-146.5229994618676,""internal_z_mm"":1.0179466080781765,""position_error_mm"":1.833369156859984,""robot_timestamp_utc"":""2026-09-10T15:49:02.324+00:00"",""extra"":{""cycle"":1,""point"":""P02"",""touch_index"":1,""touch_sample_index"":6,""id11_velocity_raw"":0,""id11_velocity_rpm"":0.0,""id11_current_raw"":0,""id11_current_ma"":0.0,""id11_pwm_raw"":7,""id11_pwm_percent"":0.7909604519774012,""id11_voltage_raw"":121,""id11_voltage_v"":12.100000000000001,""id11_temperature_c"":32,""id11_hardware_error"":0,""id11_moving"":0,""id11_moving_status"":49,""id12_velocity_raw"":0,""id12_velocity_rpm"":0.0,""id12_current_raw"":-22,""id12_current_ma"":-59.18,""id12_pwm_raw"":-17,""id12_pwm_percent"":-1.92090395480226,""id12_voltage_raw"":121,""id12_voltage_v"":12.100000000000001,""id12_temperature_c"":34,""id12_hardware_error"":0,""id12_moving"":0,""id12_moving_status"":49,""id13_velocity_raw"":0,""id13_velocity_rpm"":0.0,""id13_current_raw"":-10,""id13_current_ma"":-26.9,""id13_pwm_raw"":-13,""id13_pwm_percent"":-1.4689265536723164,""id13_voltage_raw"":119,""id13_voltage_v"":11.9,""id13_temperature_c"":33,""id13_hardware_error"":0,""id13_moving"":0,""id13_moving_status"":49,""id14_velocity_raw"":0,""id14_velocity_rpm"":0.0,""id14_current_raw"":-4,""id14_current_ma"":-10.76,""id14_pwm_raw"":-5,""id14_pwm_percent"":-0.5649717514124294,""id14_voltage_raw"":120,""id14_voltage_v"":12.0,""id14_temperature_c"":33,""id14_hardware_error"":0,""id14_moving"":0,""id14_moving_status"":1},""target_x_mm"":146.0,""target_y_mm"":145.0,""target_z_mm"":0.0}"
2026-09-10T15:49:02.402Z,20260910T154752.561Z-3e1ee303,14,repeatability_touch_sample,telemetry,69.83533840000018,8,1405,2207,4083,738,,123.486328125,193.974609375,358.857421875,64.86328125,,-45.0,14.150390625,2.98828125,64.86328125,146.46923608774756,146.46923608774756,1.0516341575429635,146.46923608774756,-146.46923608774756,1.0516341575429635,146.0,145.0,0.0,1.8667542925879381,"{""elapsed_s"":69.83533840000018,""sample_index"":8,""id11_raw"":1405,""id12_raw"":2207,""id13_raw"":4083,""id14_raw"":738,""id11_deg"":123.486328125,""id12_deg"":193.974609375,""id13_deg"":358.857421875,""id14_deg"":64.86328125,""q1_deg"":-45.0,""q2_deg"":14.150390625,""q3_deg"":2.98828125,""q4_deg"":64.86328125,""physical_x_mm"":146.46923608774756,""physical_y_mm"":146.46923608774756,""physical_z_mm"":1.0516341575429635,""internal_x_mm"":146.46923608774756,""internal_y_mm"":-146.46923608774756,""internal_z_mm"":1.0516341575429635,""position_error_mm"":1.8667542925879381,""robot_timestamp_utc"":""2026-09-10T15:49:02.402+00:00"",""extra"":{""cycle"":1,""point"":""P02"",""touch_index"":1,""touch_sample_index"":7,""id11_velocity_raw"":0,""id11_velocity_rpm"":0.0,""id11_current_raw"":-4,""id11_current_ma"":-10.76,""id11_pwm_raw"":2,""id11_pwm_percent"":0.22598870056497175,""id11_voltage_raw"":121,""id11_voltage_v"":12.100000000000001,""id11_temperature_c"":32,""id11_hardware_error"":0,""id11_moving"":0,""id11_moving_status"":49,""id12_velocity_raw"":0,""id12_velocity_rpm"":0.0,""id12_current_raw"":-22,""id12_current_ma"":-59.18,""id12_pwm_raw"":-17,""id12_pwm_percent"":-1.92090395480226,""id12_voltage_raw"":121,""id12_voltage_v"":12.100000000000001,""id12_temperature_c"":34,""id12_hardware_error"":0,""id12_moving"":0,""id12_moving_status"":49,""id13_velocity_raw"":0,""id13_velocity_rpm"":0.0,""id13_current_raw"":-9,""id13_current_ma"":-24.21,""id13_pwm_raw"":-12,""id13_pwm_percent"":-1.3559322033898304,""id13_voltage_raw"":120,""id13_voltage_v"":12.0,""id13_temperature_c"":33,""id13_hardware_error"":0,""id13_moving"":0,""id13_moving_status"":49,""id14_velocity_raw"":0,""id14_velocity_rpm"":0.0,""id14_current_raw"":-6,""id14_current_ma"":-16.14,""id14_pwm_raw"":-5,""id14_pwm_percent"":-0.5649717514124294,""id14_voltage_raw"":120,""id14_voltage_v"":12.0,""id14_temperature_c"":33,""id14_hardware_error"":0,""id14_moving"":0,""id14_moving_status"":1},""target_x_mm"":146.0,""target_y_mm"":145.0,""target_z_mm"":0.0}"
2026-09-10T15:49:02.481Z,20260910T154752.561Z-3e1ee303,15,repeatability_touch_sample,telemetry,69.91401340000084,9,1404,2207,4083,738,,123.3984375,193.974609375,358.857421875,64.86328125,,-45.087890625,14.150390625,2.98828125,64.86328125,146.24438285355822,146.693744665676,1.0516341575429635,146.24438285355822,-146.693744665676,1.0516341575429635,146.0,145.0,0.0,2.0085886519967913,"{""elapsed_s"":69.91401340000084,""sample_index"":9,""id11_raw"":1404,""id12_raw"":2207,""id13_raw"":4083,""id14_raw"":738,""id11_deg"":123.3984375,""id12_deg"":193.974609375,""id13_deg"":358.857421875,""id14_deg"":64.86328125,""q1_deg"":-45.087890625,""q2_deg"":14.150390625,""q3_deg"":2.98828125,""q4_deg"":64.86328125,""physical_x_mm"":146.24438285355822,""physical_y_mm"":146.693744665676,""physical_z_mm"":1.0516341575429635,""internal_x_mm"":146.24438285355822,""internal_y_mm"":-146.693744665676,""internal_z_mm"":1.0516341575429635,""position_error_mm"":2.0085886519967913,""robot_timestamp_utc"":""2026-09-10T15:49:02.481+00:00"",""extra"":{""cycle"":1,""point"":""P02"",""touch_index"":1,""touch_sample_index"":8,""id11_velocity_raw"":0,""id11_velocity_rpm"":0.0,""id11_current_raw"":3,""id11_current_ma"":8.07,""id11_pwm_raw"":2,""id11_pwm_percent"":0.22598870056497175,""id11_voltage_raw"":121,""id11_voltage_v"":12.100000000000001,""id11_temperature_c"":32,""id11_hardware_error"":0,""id11_moving"":0,""id11_moving_status"":49,""id12_velocity_raw"":0,""id12_velocity_rpm"":0.0,""id12_current_raw"":-23,""id12_current_ma"":-61.87,""id12_pwm_raw"":-17,""id12_pwm_percent"":-1.92090395480226,""id12_voltage_raw"":121,""id12_voltage_v"":12.100000000000001,""id12_temperature_c"":33,""id12_hardware_error"":0,""id12_moving"":0,""id12_moving_status"":49,""id13_velocity_raw"":0,""id13_velocity_rpm"":0.0,""id13_current_raw"":-11,""id13_current_ma"":-29.59,""id13_pwm_raw"":-12,""id13_pwm_percent"":-1.3559322033898304,""id13_voltage_raw"":120,""id13_voltage_v"":12.0,""id13_temperature_c"":33,""id13_hardware_error"":0,""id13_moving"":0,""id13_moving_status"":49,""id14_velocity_raw"":0,""id14_velocity_rpm"":0.0,""id14_current_raw"":-2,""id14_current_ma"":-5.38,""id14_pwm_raw"":-4,""id14_pwm_percent"":-0.4519774011299435,""id14_voltage_raw"":120,""id14_voltage_v"":12.0,""id14_temperature_c"":33,""id14_hardware_error"":0,""id14_moving"":0,""id14_moving_status"":1},""target_x_mm"":146.0,""target_y_mm"":145.0,""target_z_mm"":0.0}"
2026-09-10T15:49:02.563Z,20260910T154752.561Z-3e1ee303,16,repeatability_touch_sample,telemetry,69.99581970000145,10,1405,2209,4083,738,,123.486328125,194.150390625,358.857421875,64.86328125,,-45.0,14.326171875,2.98828125,64.86328125,146.30491105885335,146.30491105885335,0.45331189165480623,146.30491105885335,-146.30491105885335,0.45331189165480623,146.0,145.0,0.0,1.4146573070692772,"{""elapsed_s"":69.99581970000145,""sample_index"":10,""id11_raw"":1405,""id12_raw"":2209,""id13_raw"":4083,""id14_raw"":738,""id11_deg"":123.486328125,""id12_deg"":194.150390625,""id13_deg"":358.857421875,""id14_deg"":64.86328125,""q1_deg"":-45.0,""q2_deg"":14.326171875,""q3_deg"":2.98828125,""q4_deg"":64.86328125,""physical_x_mm"":146.30491105885335,""physical_y_mm"":146.30491105885335,""physical_z_mm"":0.45331189165480623,""internal_x_mm"":146.30491105885335,""internal_y_mm"":-146.30491105885335,""internal_z_mm"":0.45331189165480623,""position_error_mm"":1.4146573070692772,""robot_timestamp_utc"":""2026-09-10T15:49:02.563+00:00"",""extra"":{""cycle"":1,""point"":""P02"",""touch_index"":1,""touch_sample_index"":9,""id11_velocity_raw"":0,""id11_velocity_rpm"":0.0,""id11_current_raw"":0,""id11_current_ma"":0.0,""id11_pwm_raw"":3,""id11_pwm_percent"":0.3389830508474576,""id11_voltage_raw"":122,""id11_voltage_v"":12.200000000000001,""id11_temperature_c"":32,""id11_hardware_error"":0,""id11_moving"":0,""id11_moving_status"":49,""id12_velocity_raw"":0,""id12_velocity_rpm"":0.0,""id12_current_raw"":-30,""id12_current_ma"":-80.7,""id12_pwm_raw"":-22,""id12_pwm_percent"":-2.4858757062146895,""id12_voltage_raw"":121,""id12_voltage_v"":12.100000000000001,""id12_temperature_c"":33,""id12_hardware_error"":0,""id12_moving"":0,""id12_moving_status"":49,""id13_velocity_raw"":0,""id13_velocity_rpm"":0.0,""id13_current_raw"":-13,""id13_current_ma"":-34.97,""id13_pwm_raw"":-11,""id13_pwm_percent"":-1.2429378531073447,""id13_voltage_raw"":120,""id13_voltage_v"":12.0,""id13_temperature_c"":33,""id13_hardware_error"":0,""id13_moving"":0,""id13_moving_status"":49,""id14_velocity_raw"":0,""id14_velocity_rpm"":0.0,""id14_current_raw"":-5,""id14_current_ma"":-13.45,""id14_pwm_raw"":-4,""id14_pwm_percent"":-0.4519774011299435,""id14_voltage_raw"":121,""id14_voltage_v"":12.100000000000001,""id14_temperature_c"":32,""id14_hardware_error"":0,""id14_moving"":0,""id14_moving_status"":1},""target_x_mm"":146.0,""target_y_mm"":145.0,""target_z_mm"":0.0}"
2026-09-10T15:49:02.638Z,20260910T154752.561Z-3e1ee303,17,repeatability_touch_sample,telemetry,70.07050630000231,11,1405,2209,4082,738,,123.486328125,194.150390625,358.76953125,64.86328125,,-45.0,14.326171875,2.900390625,64.86328125,146.51536249313386,146.51536249313386,0.6682671376472911,146.51536249313386,-146.51536249313386,0.6682671376472911,146.0,145.0,0.0,1.734503661623502,"{""elapsed_s"":70.07050630000231,""sample_index"":11,""id11_raw"":1405,""id12_raw"":2209,""id13_raw"":4082,""id14_raw"":738,""id11_deg"":123.486328125,""id12_deg"":194.150390625,""id13_deg"":358.76953125,""id14_deg"":64.86328125,""q1_deg"":-45.0,""q2_deg"":14.326171875,""q3_deg"":2.900390625,""q4_deg"":64.86328125,""physical_x_mm"":146.51536249313386,""physical_y_mm"":146.51536249313386,""physical_z_mm"":0.6682671376472911,""internal_x_mm"":146.51536249313386,""internal_y_mm"":-146.51536249313386,""internal_z_mm"":0.6682671376472911,""position_error_mm"":1.734503661623502,""robot_timestamp_utc"":""2026-09-10T15:49:02.637+00:00"",""extra"":{""cycle"":1,""point"":""P02"",""touch_index"":1,""touch_sample_index"":10,""id11_velocity_raw"":0,""id11_velocity_rpm"":0.0,""id11_current_raw"":0,""id11_current_ma"":0.0,""id11_pwm_raw"":3,""id11_pwm_percent"":0.3389830508474576,""id11_voltage_raw"":122,""id11_voltage_v"":12.200000000000001,""id11_temperature_c"":32,""id11_hardware_error"":0,""id11_moving"":0,""id11_moving_status"":49,""id12_velocity_raw"":0,""id12_velocity_rpm"":0.0,""id12_current_raw"":-27,""id12_current_ma"":-72.63,""id12_pwm_raw"":-22,""id12_pwm_percent"":-2.4858757062146895,""id12_voltage_raw"":121,""id12_voltage_v"":12.100000000000001,""id12_temperature_c"":33,""id12_hardware_error"":0,""id12_moving"":0,""id12_moving_status"":49,""id13_velocity_raw"":0,""id13_velocity_rpm"":0.0,""id13_current_raw"":-10,""id13_current_ma"":-26.9,""id13_pwm_raw"":-3,""id13_pwm_percent"":-0.3389830508474576,""id13_voltage_raw"":120,""id13_voltage_v"":12.0,""id13_temperature_c"":34,""id13_hardware_error"":0,""id13_moving"":0,""id13_moving_status"":49,""id14_velocity_raw"":0,""id14_velocity_rpm"":0.0,""id14_current_raw"":-5,""id14_current_ma"":-13.45,""id14_pwm_raw"":-3,""id14_pwm_percent"":-0.3389830508474576,""id14_voltage_raw"":120,""id14_voltage_v"":12.0,""id14_temperature_c"":32,""id14_hardware_error"":0,""id14_moving"":0,""id14_moving_status"":1},""target_x_mm"":146.0,""target_y_mm"":145.0,""target_z_mm"":0.0}"
2026-09-10T15:49:47.670Z,20260910T154752.561Z-3e1ee303,24,repeatability_phase_measured,telemetry,115.10297569999966,12,1408,2078,4031,854,,123.75,182.637,354.287,75.059,,-44.736328125,2.8127812500000005,-1.5821406250000223,75.059,144.79690884250752,143.47031034959556,46.326840828773896,144.79690884250752,-143.47031034959556,46.326840828773896,146.0,145.0,50.0,4.15685903741677,"{""elapsed_s"":115.10297569999966,""sample_index"":12,""id11_raw"":1408,""id12_raw"":2078,""id13_raw"":4031,""id14_raw"":854,""id11_deg"":123.75,""id12_deg"":182.637,""id13_deg"":354.287,""id14_deg"":75.059,""q1_deg"":-44.736328125,""q2_deg"":2.8127812500000005,""q3_deg"":-1.5821406250000223,""q4_deg"":75.059,""physical_x_mm"":144.79690884250752,""physical_y_mm"":143.47031034959556,""physical_z_mm"":46.326840828773896,""internal_x_mm"":144.79690884250752,""internal_y_mm"":-143.47031034959556,""internal_z_mm"":46.326840828773896,""position_error_mm"":4.15685903741677,""robot_timestamp_utc"":""2026-09-10T15:49:47.670+00:00"",""extra"":{""cycle"":1,""point"":""P02"",""phase"":""APPROACH""},""target_x_mm"":146.0,""target_y_mm"":145.0,""target_z_mm"":50.0}"
2026-09-10T15:49:49.560Z,20260910T154752.561Z-3e1ee303,26,repeatability_touch_sample,telemetry,116.99339370000234,13,1407,2204,4083,740,,123.662109375,193.7109375,358.857421875,65.0390625,,-44.82421875,13.88671875,2.98828125,65.0390625,146.820881180584,145.92275214414386,1.8812235263559955,146.820881180584,-145.92275214414386,1.8812235263559955,146.0,145.0,0.0,2.2504042721862993,"{""elapsed_s"":116.99339370000234,""sample_index"":13,""id11_raw"":1407,""id12_raw"":2204,""id13_raw"":4083,""id14_raw"":740,""id11_deg"":123.662109375,""id12_deg"":193.7109375,""id13_deg"":358.857421875,""id14_deg"":65.0390625,""q1_deg"":-44.82421875,""q2_deg"":13.88671875,""q3_deg"":2.98828125,""q4_deg"":65.0390625,""physical_x_mm"":146.820881180584,""physical_y_mm"":145.92275214414386,""physical_z_mm"":1.8812235263559955,""internal_x_mm"":146.820881180584,""internal_y_mm"":-145.92275214414386,""internal_z_mm"":1.8812235263559955,""position_error_mm"":2.2504042721862993,""robot_timestamp_utc"":""2026-09-10T15:49:49.560+00:00"",""extra"":{""cycle"":1,""point"":""P02"",""touch_index"":1,""touch_sample_index"":1,""id11_velocity_raw"":0,""id11_velocity_rpm"":0.0,""id11_current_raw"":-3,""id11_current_ma"":-8.07,""id11_pwm_raw"":-1,""id11_pwm_percent"":-0.11299435028248588,""id11_voltage_raw"":122,""id11_voltage_v"":12.200000000000001,""id11_temperature_c"":33,""id11_hardware_error"":0,""id11_moving"":0,""id11_moving_status"":1,""id12_velocity_raw"":0,""id12_velocity_rpm"":0.0,""id12_current_raw"":-30,""id12_current_ma"":-80.7,""id12_pwm_raw"":-21,""id12_pwm_percent"":-2.3728813559322033,""id12_voltage_raw"":121,""id12_voltage_v"":12.100000000000001,""id12_temperature_c"":35,""id12_hardware_error"":0,""id12_moving"":0,""id12_moving_status"":49,""id13_velocity_raw"":0,""id13_velocity_rpm"":0.0,""id13_current_raw"":-12,""id13_current_ma"":-32.28,""id13_pwm_raw"":-12,""id13_pwm_percent"":-1.3559322033898304,""id13_voltage_raw"":119,""id13_voltage_v"":11.9,""id13_temperature_c"":33,""id13_hardware_error"":0,""id13_moving"":0,""id13_moving_status"":49,""id14_velocity_raw"":0,""id14_velocity_rpm"":0.0,""id14_current_raw"":-8,""id14_current_ma"":-21.52,""id14_pwm_raw"":-8,""id14_pwm_percent"":-0.903954802259887,""id14_voltage_raw"":120,""id14_voltage_v"":12.0,""id14_temperature_c"":32,""id14_hardware_error"":0,""id14_moving"":0,""id14_moving_status"":1},""target_x_mm"":146.0,""target_y_mm"":145.0,""target_z_mm"":0.0}"
2026-09-10T15:49:49.637Z,20260910T154752.561Z-3e1ee303,27,repeatability_touch_sample,telemetry,117.06962879999992,14,1407,2204,4083,740,,123.662109375,193.7109375,358.857421875,65.0390625,,-44.82421875,13.88671875,2.98828125,65.0390625,146.820881180584,145.92275214414386,1.8812235263559955,146.820881180584,-145.92275214414386,1.8812235263559955,146.0,145.0,0.0,2.2504042721862993,"{""elapsed_s"":117.06962879999992,""sample_index"":14,""id11_raw"":1407,""id12_raw"":2204,""id13_raw"":4083,""id14_raw"":740,""id11_deg"":123.662109375,""id12_deg"":193.7109375,""id13_deg"":358.857421875,""id14_deg"":65.0390625,""q1_deg"":-44.82421875,""q2_deg"":13.88671875,""q3_deg"":2.98828125,""q4_deg"":65.0390625,""physical_x_mm"":146.820881180584,""physical_y_mm"":145.92275214414386,""physical_z_mm"":1.8812235263559955,""internal_x_mm"":146.820881180584,""internal_y_mm"":-145.92275214414386,""internal_z_mm"":1.8812235263559955,""position_error_mm"":2.2504042721862993,""robot_timestamp_utc"":""2026-09-10T15:49:49.636+00:00"",""extra"":{""cycle"":1,""point"":""P02"",""touch_index"":1,""touch_sample_index"":2,""id11_velocity_raw"":0,""id11_velocity_rpm"":0.0,""id11_current_raw"":-5,""id11_current_ma"":-13.45,""id11_pwm_raw"":-1,""id11_pwm_percent"":-0.11299435028248588,""id11_voltage_raw"":120,""id11_voltage_v"":12.0,""id11_temperature_c"":33,""id11_hardware_error"":0,""id11_moving"":0,""id11_moving_status"":1,""id12_velocity_raw"":0,""id12_velocity_rpm"":0.0,""id12_current_raw"":-45,""id12_current_ma"":-121.05,""id12_pwm_raw"":-20,""id12_pwm_percent"":-2.2598870056497176,""id12_voltage_raw"":121,""id12_voltage_v"":12.100000000000001,""id12_temperature_c"":35,""id12_hardware_error"":0,""id12_moving"":0,""id12_moving_status"":49,""id13_velocity_raw"":0,""id13_velocity_rpm"":0.0,""id13_current_raw"":-13,""id13_current_ma"":-34.97,""id13_pwm_raw"":-12,""id13_pwm_percent"":-1.3559322033898304,""id13_voltage_raw"":119,""id13_voltage_v"":11.9,""id13_temperature_c"":34,""id13_hardware_error"":0,""id13_moving"":0,""id13_moving_status"":49,""id14_velocity_raw"":0,""id14_velocity_rpm"":0.0,""id14_current_raw"":-9,""id14_current_ma"":-24.21,""id14_pwm_raw"":-8,""id14_pwm_percent"":-0.903954802259887,""id14_voltage_raw"":120,""id14_voltage_v"":12.0,""id14_temperature_c"":32,""id14_hardware_error"":0,""id14_moving"":0,""id14_moving_status"":1},""target_x_mm"":146.0,""target_y_mm"":145.0,""target_z_mm"":0.0}"
2026-09-10T15:49:49.716Z,20260910T154752.561Z-3e1ee303,28,repeatability_touch_sample,telemetry,117.1484956000022,15,1407,2204,4083,740,,123.662109375,193.7109375,358.857421875,65.0390625,,-44.82421875,13.88671875,2.98828125,65.0390625,146.820881180584,145.92275214414386,1.8812235263559955,146.820881180584,-145.92275214414386,1.8812235263559955,146.0,145.0,0.0,2.2504042721862993,"{""elapsed_s"":117.1484956000022,""sample_index"":15,""id11_raw"":1407,""id12_raw"":2204,""id13_raw"":4083,""id14_raw"":740,""id11_deg"":123.662109375,""id12_deg"":193.7109375,""id13_deg"":358.857421875,""id14_deg"":65.0390625,""q1_deg"":-44.82421875,""q2_deg"":13.88671875,""q3_deg"":2.98828125,""q4_deg"":65.0390625,""physical_x_mm"":146.820881180584,""physical_y_mm"":145.92275214414386,""physical_z_mm"":1.8812235263559955,""internal_x_mm"":146.820881180584,""internal_y_mm"":-145.92275214414386,""internal_z_mm"":1.8812235263559955,""position_error_mm"":2.2504042721862993,""robot_timestamp_utc"":""2026-09-10T15:49:49.715+00:00"",""extra"":{""cycle"":1,""point"":""P02"",""touch_index"":1,""touch_sample_index"":3,""id11_velocity_raw"":0,""id11_velocity_rpm"":0.0,""id11_current_raw"":-5,""id11_current_ma"":-13.45,""id11_pwm_raw"":-1,""id11_pwm_percent"":-0.11299435028248588,""id11_voltage_raw"":121,""id11_voltage_v"":12.100000000000001,""id11_temperature_c"":33,""id11_hardware_error"":0,""id11_moving"":0,""id11_moving_status"":1,""id12_velocity_raw"":0,""id12_velocity_rpm"":0.0,""id12_current_raw"":-39,""id12_current_ma"":-104.91,""id12_pwm_raw"":-19,""id12_pwm_percent"":-2.146892655367232,""id12_voltage_raw"":121,""id12_voltage_v"":12.100000000000001,""id12_temperature_c"":34,""id12_hardware_error"":0,""id12_moving"":0,""id12_moving_status"":49,""id13_velocity_raw"":0,""id13_velocity_rpm"":0.0,""id13_current_raw"":-13,""id13_current_ma"":-34.97,""id13_pwm_raw"":-11,""id13_pwm_percent"":-1.2429378531073447,""id13_voltage_raw"":120,""id13_voltage_v"":12.0,""id13_temperature_c"":34,""id13_hardware_error"":0,""id13_moving"":0,""id13_moving_status"":49,""id14_velocity_raw"":0,""id14_velocity_rpm"":0.0,""id14_current_raw"":-8,""id14_current_ma"":-21.52,""id14_pwm_raw"":-8,""id14_pwm_percent"":-0.903954802259887,""id14_voltage_raw"":120,""id14_voltage_v"":12.0,""id14_temperature_c"":33,""id14_hardware_error"":0,""id14_moving"":0,""id14_moving_status"":1},""target_x_mm"":146.0,""target_y_mm"":145.0,""target_z_mm"":0.0}"
2026-09-10T15:49:49.793Z,20260910T154752.561Z-3e1ee303,29,repeatability_touch_sample,telemetry,117.22615020000012,16,1408,2204,4083,740,,123.75,193.7109375,358.857421875,65.0390625,,-44.736328125,13.88671875,2.98828125,65.0390625,147.04455104924335,145.69736013631433,1.8812235263559955,147.04455104924335,-145.69736013631433,1.8812235263559955,146.0,145.0,0.0,2.2619460670650433,"{""elapsed_s"":117.22615020000012,""sample_index"":16,""id11_raw"":1408,""id12_raw"":2204,""id13_raw"":4083,""id14_raw"":740,""id11_deg"":123.75,""id12_deg"":193.7109375,""id13_deg"":358.857421875,""id14_deg"":65.0390625,""q1_deg"":-44.736328125,""q2_deg"":13.88671875,""q3_deg"":2.98828125,""q4_deg"":65.0390625,""physical_x_mm"":147.04455104924335,""physical_y_mm"":145.69736013631433,""physical_z_mm"":1.8812235263559955,""internal_x_mm"":147.04455104924335,""internal_y_mm"":-145.69736013631433,""internal_z_mm"":1.8812235263559955,""position_error_mm"":2.2619460670650433,""robot_timestamp_utc"":""2026-09-10T15:49:49.793+00:00"",""extra"":{""cycle"":1,""point"":""P02"",""touch_index"":1,""touch_sample_index"":4,""id11_velocity_raw"":0,""id11_velocity_rpm"":0.0,""id11_current_raw"":-6,""id11_current_ma"":-16.14,""id11_pwm_raw"":-8,""id11_pwm_percent"":-0.903954802259887,""id11_voltage_raw"":121,""id11_voltage_v"":12.100000000000001,""id11_temperature_c"":32,""id11_hardware_error"":0,""id11_moving"":0,""id11_moving_status"":1,""id12_velocity_raw"":0,""id12_velocity_rpm"":0.0,""id12_current_raw"":-35,""id12_current_ma"":-94.14999999999999,""id12_pwm_raw"":-18,""id12_pwm_percent"":-2.0338983050847457,""id12_voltage_raw"":121,""id12_voltage_v"":12.100000000000001,""id12_temperature_c"":35,""id12_hardware_error"":0,""id12_moving"":0,""id12_moving_status"":49,""id13_velocity_raw"":0,""id13_velocity_rpm"":0.0,""id13_current_raw"":-14,""id13_current_ma"":-37.66,""id13_pwm_raw"":-10,""id13_pwm_percent"":-1.1299435028248588,""id13_voltage_raw"":119,""id13_voltage_v"":11.9,""id13_temperature_c"":34,""id13_hardware_error"":0,""id13_moving"":0,""id13_moving_status"":49,""id14_velocity_raw"":0,""id14_velocity_rpm"":0.0,""id14_current_raw"":-8,""id14_current_ma"":-21.52,""id14_pwm_raw"":-8,""id14_pwm_percent"":-0.903954802259887,""id14_voltage_raw"":120,""id14_voltage_v"":12.0,""id14_temperature_c"":33,""id14_hardware_error"":0,""id14_moving"":0,""id14_moving_status"":1},""target_x_mm"":146.0,""target_y_mm"":145.0,""target_z_mm"":0.0}"
2026-09-10T15:49:49.869Z,20260910T154752.561Z-3e1ee303,30,repeatability_touch_sample,telemetry,117.3021899000014,17,1407,2204,4083,740,,123.662109375,193.7109375,358.857421875,65.0390625,,-44.82421875,13.88671875,2.98828125,65.0390625,146.820881180584,145.92275214414386,1.8812235263559955,146.820881180584,-145.92275214414386,1.8812235263559955,146.0,145.0,0.0,2.2504042721862993,"{""elapsed_s"":117.3021899000014,""sample_index"":17,""id11_raw"":1407,""id12_raw"":2204,""id13_raw"":4083,""id14_raw"":740,""id11_deg"":123.662109375,""id12_deg"":193.7109375,""id13_deg"":358.857421875,""id14_deg"":65.0390625,""q1_deg"":-44.82421875,""q2_deg"":13.88671875,""q3_deg"":2.98828125,""q4_deg"":65.0390625,""physical_x_mm"":146.820881180584,""physical_y_mm"":145.92275214414386,""physical_z_mm"":1.8812235263559955,""internal_x_mm"":146.820881180584,""internal_y_mm"":-145.92275214414386,""internal_z_mm"":1.8812235263559955,""position_error_mm"":2.2504042721862993,""robot_timestamp_utc"":""2026-09-10T15:49:49.869+00:00"",""extra"":{""cycle"":1,""point"":""P02"",""touch_index"":1,""touch_sample_index"":5,""id11_velocity_raw"":0,""id11_velocity_rpm"":0.0,""id11_current_raw"":-1,""id11_current_ma"":-2.69,""id11_pwm_raw"":-1,""id11_pwm_percent"":-0.11299435028248588,""id11_voltage_raw"":122,""id11_voltage_v"":12.200000000000001,""id11_temperature_c"":32,""id11_hardware_error"":0,""id11_moving"":0,""id11_moving_status"":1,""id12_velocity_raw"":0,""id12_velocity_rpm"":0.0,""id12_current_raw"":-26,""id12_current_ma"":-69.94,""id12_pwm_raw"":-17,""id12_pwm_percent"":-1.92090395480226,""id12_voltage_raw"":121,""id12_voltage_v"":12.100000000000001,""id12_temperature_c"":34,""id12_hardware_error"":0,""id12_moving"":0,""id12_moving_status"":49,""id13_velocity_raw"":0,""id13_velocity_rpm"":0.0,""id13_current_raw"":-13,""id13_current_ma"":-34.97,""id13_pwm_raw"":-9,""id13_pwm_percent"":-1.0169491525423728,""id13_voltage_raw"":119,""id13_voltage_v"":11.9,""id13_temperature_c"":33,""id13_hardware_error"":0,""id13_moving"":0,""id13_moving_status"":49,""id14_velocity_raw"":0,""id14_velocity_rpm"":0.0,""id14_current_raw"":-8,""id14_current_ma"":-21.52,""id14_pwm_raw"":-8,""id14_pwm_percent"":-0.903954802259887,""id14_voltage_raw"":120,""id14_voltage_v"":12.0,""id14_temperature_c"":32,""id14_hardware_error"":0,""id14_moving"":0,""id14_moving_status"":1},""target_x_mm"":146.0,""target_y_mm"":145.0,""target_z_mm"":0.0}"
2026-09-10T15:49:51.768Z,20260910T154752.561Z-3e1ee303,33,repeatability_phase_measured,telemetry,119.2010302000017,18,1406,2075,4030,853,,123.574,182.373,354.199,74.971,,-44.91232812499999,2.5487812499999905,-1.6701406249999877,74.971,144.78959377642744,144.34716709236093,47.51995857841345,144.78959377642744,-144.34716709236093,47.51995857841345,146.0,145.0,50.0,2.8358207778603886,"{""elapsed_s"":119.2010302000017,""sample_index"":18,""id11_raw"":1406,""id12_raw"":2075,""id13_raw"":4030,""id14_raw"":853,""id11_deg"":123.574,""id12_deg"":182.373,""id13_deg"":354.199,""id14_deg"":74.971,""q1_deg"":-44.91232812499999,""q2_deg"":2.5487812499999905,""q3_deg"":-1.6701406249999877,""q4_deg"":74.971,""physical_x_mm"":144.78959377642744,""physical_y_mm"":144.34716709236093,""physical_z_mm"":47.51995857841345,""internal_x_mm"":144.78959377642744,""internal_y_mm"":-144.34716709236093,""internal_z_mm"":47.51995857841345,""position_error_mm"":2.8358207778603886,""robot_timestamp_utc"":""2026-09-10T15:49:51.768+00:00"",""extra"":{""cycle"":1,""point"":""P02"",""phase"":""RETRACT""},""target_x_mm"":146.0,""target_y_mm"":145.0,""target_z_mm"":50.0}"
2026-09-10T15:49:54.121Z,20260910T154752.561Z-3e1ee303,34,repeatability_return_work,telemetry,121.55355620000046,19,1924,2047,4046,944,,169.102,179.912,355.605,82.969,,0.6156718750000039,0.08778125000000614,-0.2641406249999818,82.969,180.0956991309362,-1.9352930619538704,47.398710909428644,180.0956991309362,1.9352930619538704,47.398710909428644,179.66816315130788,0.0,47.02348315303158,2.017161896996448,"{""elapsed_s"":121.55355620000046,""sample_index"":19,""id11_raw"":1924,""id12_raw"":2047,""id13_raw"":4046,""id14_raw"":944,""id11_deg"":169.102,""id12_deg"":179.912,""id13_deg"":355.605,""id14_deg"":82.969,""q1_deg"":0.6156718750000039,""q2_deg"":0.08778125000000614,""q3_deg"":-0.2641406249999818,""q4_deg"":82.969,""physical_x_mm"":180.0956991309362,""physical_y_mm"":-1.9352930619538704,""physical_z_mm"":47.398710909428644,""internal_x_mm"":180.0956991309362,""internal_y_mm"":1.9352930619538704,""internal_z_mm"":47.398710909428644,""position_error_mm"":2.017161896996448,""robot_timestamp_utc"":""2026-09-10T15:49:54.120+00:00"",""extra"":{""cycle"":1,""point"":""P02""},""target_x_mm"":179.66816315130788,""target_y_mm"":0.0,""target_z_mm"":47.02348315303158}"
2026-09-10T15:49:56.256Z,20260910T154752.561Z-3e1ee303,37,repeatability_phase_measured,telemetry,123.6889728999995,20,1580,2277,3870,566,,138.867,200.127,340.137,49.746,,-29.61932812500001,20.30278125000001,-15.732140625,49.74600000000001,256.5376701958646,145.84816977918453,49.43420262936803,256.5376701958646,-145.84816977918453,49.43420262936803,257.0,145.0,50.0,1.1194942995512946,"{""elapsed_s"":123.6889728999995,""sample_index"":20,""id11_raw"":1580,""id12_raw"":2277,""id13_raw"":3870,""id14_raw"":566,""id11_deg"":138.867,""id12_deg"":200.127,""id13_deg"":340.137,""id14_deg"":49.746,""q1_deg"":-29.61932812500001,""q2_deg"":20.30278125000001,""q3_deg"":-15.732140625,""q4_deg"":49.74600000000001,""physical_x_mm"":256.5376701958646,""physical_y_mm"":145.84816977918453,""physical_z_mm"":49.43420262936803,""internal_x_mm"":256.5376701958646,""internal_y_mm"":-145.84816977918453,""internal_z_mm"":49.43420262936803,""position_error_mm"":1.1194942995512946,""robot_timestamp_utc"":""2026-09-10T15:49:56.256+00:00"",""extra"":{""cycle"":1,""point"":""P03"",""phase"":""APPROACH""},""target_x_mm"":257.0,""target_y_mm"":145.0,""target_z_mm"":50.0}"
2026-09-10T15:49:58.884Z,20260910T154752.561Z-3e1ee303,39,repeatability_touch_sample,telemetry,126.31731410000066,21,1580,2399,3868,509,,138.8671875,210.849609375,339.9609375,44.736328125,,-29.619140625,31.025390625,-15.908203125,44.736328125,259.01688232606114,147.25654313249893,4.2447757471821035,259.01688232606114,-147.25654313249893,4.2447757471821035,257.0,145.0,0.0,5.213244898321127,"{""elapsed_s"":126.31731410000066,""sample_index"":21,""id11_raw"":1580,""id12_raw"":2399,""id13_raw"":3868,""id14_raw"":509,""id11_deg"":138.8671875,""id12_deg"":210.849609375,""id13_deg"":339.9609375,""id14_deg"":44.736328125,""q1_deg"":-29.619140625,""q2_deg"":31.025390625,""q3_deg"":-15.908203125,""q4_deg"":44.736328125,""physical_x_mm"":259.01688232606114,""physical_y_mm"":147.25654313249893,""physical_z_mm"":4.2447757471821035,""internal_x_mm"":259.01688232606114,""internal_y_mm"":-147.25654313249893,""internal_z_mm"":4.2447757471821035,""position_error_mm"":5.213244898321127,""robot_timestamp_utc"":""2026-09-10T15:49:58.884+00:00"",""extra"":{""cycle"":1,""point"":""P03"",""touch_index"":2,""touch_sample_index"":1,""id11_velocity_raw"":0,""id11_velocity_rpm"":0.0,""id11_current_raw"":15,""id11_current_ma"":40.35,""id11_pwm_raw"":14,""id11_pwm_percent"":1.5819209039548023,""id11_voltage_raw"":122,""id11_voltage_v"":12.200000000000001,""id11_temperature_c"":33,""id11_hardware_error"":0,""id11_moving"":0,""id11_moving_status"":49,""id12_velocity_raw"":0,""id12_velocity_rpm"":0.0,""id12_current_raw"":-20,""id12_current_ma"":-53.8,""id12_pwm_raw"":-13,""id12_pwm_percent"":-1.4689265536723164,""id12_voltage_raw"":121,""id12_voltage_v"":12.100000000000001,""id12_temperature_c"":34,""id12_hardware_error"":0,""id12_moving"":0,""id12_moving_status"":49,""id13_velocity_raw"":0,""id13_velocity_rpm"":0.0,""id13_current_raw"":-9,""id13_current_ma"":-24.21,""id13_pwm_raw"":-8,""id13_pwm_percent"":-0.903954802259887,""id13_voltage_raw"":119,""id13_voltage_v"":11.9,""id13_temperature_c"":34,""id13_hardware_error"":0,""id13_moving"":0,""id13_moving_status"":49,""id14_velocity_raw"":0,""id14_velocity_rpm"":0.0,""id14_current_raw"":3,""id14_current_ma"":8.07,""id14_pwm_raw"":4,""id14_pwm_percent"":0.4519774011299435,""id14_voltage_raw"":120,""id14_voltage_v"":12.0,""id14_temperature_c"":33,""id14_hardware_error"":0,""id14_moving"":0,""id14_moving_status"":1},""target_x_mm"":257.0,""target_y_mm"":145.0,""target_z_mm"":0.0}"
2026-09-10T15:49:58.964Z,20260910T154752.561Z-3e1ee303,40,repeatability_touch_sample,telemetry,126.39743340000132,22,1580,2399,3869,508,,138.8671875,210.849609375,340.048828125,44.6484375,,-29.619140625,31.025390625,-15.8203125,44.6484375,258.9736354108724,147.2319563519978,4.061182697711018,258.9736354108724,-147.2319563519978,4.061182697711018,257.0,145.0,0.0,5.036871131611394,"{""elapsed_s"":126.39743340000132,""sample_index"":22,""id11_raw"":1580,""id12_raw"":2399,""id13_raw"":3869,""id14_raw"":508,""id11_deg"":138.8671875,""id12_deg"":210.849609375,""id13_deg"":340.048828125,""id14_deg"":44.6484375,""q1_deg"":-29.619140625,""q2_deg"":31.025390625,""q3_deg"":-15.8203125,""q4_deg"":44.6484375,""physical_x_mm"":258.9736354108724,""physical_y_mm"":147.2319563519978,""physical_z_mm"":4.061182697711018,""internal_x_mm"":258.9736354108724,""internal_y_mm"":-147.2319563519978,""internal_z_mm"":4.061182697711018,""position_error_mm"":5.036871131611394,""robot_timestamp_utc"":""2026-09-10T15:49:58.964+00:00"",""extra"":{""cycle"":1,""point"":""P03"",""touch_index"":2,""touch_sample_index"":2,""id11_velocity_raw"":0,""id11_velocity_rpm"":0.0,""id11_current_raw"":15,""id11_current_ma"":40.35,""id11_pwm_raw"":14,""id11_pwm_percent"":1.5819209039548023,""id11_voltage_raw"":122,""id11_voltage_v"":12.200000000000001,""id11_temperature_c"":33,""id11_hardware_error"":0,""id11_moving"":0,""id11_moving_status"":49,""id12_velocity_raw"":0,""id12_velocity_rpm"":0.0,""id12_current_raw"":-21,""id12_current_ma"":-56.49,""id12_pwm_raw"":-12,""id12_pwm_percent"":-1.3559322033898304,""id12_voltage_raw"":121,""id12_voltage_v"":12.100000000000001,""id12_temperature_c"":35,""id12_hardware_error"":0,""id12_moving"":0,""id12_moving_status"":49,""id13_velocity_raw"":0,""id13_velocity_rpm"":0.0,""id13_current_raw"":-5,""id13_current_ma"":-13.45,""id13_pwm_raw"":-7,""id13_pwm_percent"":-0.7909604519774012,""id13_voltage_raw"":119,""id13_voltage_v"":11.9,""id13_temperature_c"":34,""id13_hardware_error"":0,""id13_moving"":0,""id13_moving_status"":49,""id14_velocity_raw"":0,""id14_velocity_rpm"":0.0,""id14_current_raw"":7,""id14_current_ma"":18.83,""id14_pwm_raw"":5,""id14_pwm_percent"":0.5649717514124294,""id14_voltage_raw"":120,""id14_voltage_v"":12.0,""id14_temperature_c"":32,""id14_hardware_error"":0,""id14_moving"":0,""id14_moving_status"":1},""target_x_mm"":257.0,""target_y_mm"":145.0,""target_z_mm"":0.0}"
2026-09-10T15:49:59.042Z,20260910T154752.561Z-3e1ee303,41,repeatability_touch_sample,telemetry,126.47450390000085,23,1580,2399,3870,508,,138.8671875,210.849609375,340.13671875,44.6484375,,-29.619140625,31.025390625,-15.732421875,44.6484375,258.74705466698003,147.10314043549712,3.7555677009625867,258.74705466698003,-147.10314043549712,3.7555677009625867,257.0,145.0,0.0,4.645394327433696,"{""elapsed_s"":126.47450390000085,""sample_index"":23,""id11_raw"":1580,""id12_raw"":2399,""id13_raw"":3870,""id14_raw"":508,""id11_deg"":138.8671875,""id12_deg"":210.849609375,""id13_deg"":340.13671875,""id14_deg"":44.6484375,""q1_deg"":-29.619140625,""q2_deg"":31.025390625,""q3_deg"":-15.732421875,""q4_deg"":44.6484375,""physical_x_mm"":258.74705466698003,""physical_y_mm"":147.10314043549712,""physical_z_mm"":3.7555677009625867,""internal_x_mm"":258.74705466698003,""internal_y_mm"":-147.10314043549712,""internal_z_mm"":3.7555677009625867,""position_error_mm"":4.645394327433696,""robot_timestamp_utc"":""2026-09-10T15:49:59.041+00:00"",""extra"":{""cycle"":1,""point"":""P03"",""touch_index"":2,""touch_sample_index"":3,""id11_velocity_raw"":0,""id11_velocity_rpm"":0.0,""id11_current_raw"":17,""id11_current_ma"":45.73,""id11_pwm_raw"":15,""id11_pwm_percent"":1.694915254237288,""id11_voltage_raw"":122,""id11_voltage_v"":12.200000000000001,""id11_temperature_c"":32,""id11_hardware_error"":0,""id11_moving"":0,""id11_moving_status"":49,""id12_velocity_raw"":0,""id12_velocity_rpm"":0.0,""id12_current_raw"":-17,""id12_current_ma"":-45.73,""id12_pwm_raw"":-17,""id12_pwm_percent"":-1.92090395480226,""id12_voltage_raw"":121,""id12_voltage_v"":12.100000000000001,""id12_temperature_c"":35,""id12_hardware_error"":0,""id12_moving"":0,""id12_moving_status"":49,""id13_velocity_raw"":0,""id13_velocity_rpm"":0.0,""id13_current_raw"":-7,""id13_current_ma"":-18.83,""id13_pwm_raw"":-11,""id13_pwm_percent"":-1.2429378531073447,""id13_voltage_raw"":119,""id13_voltage_v"":11.9,""id13_temperature_c"":34,""id13_hardware_error"":0,""id13_moving"":0,""id13_moving_status"":49,""id14_velocity_raw"":0,""id14_velocity_rpm"":0.0,""id14_current_raw"":3,""id14_current_ma"":8.07,""id14_pwm_raw"":5,""id14_pwm_percent"":0.5649717514124294,""id14_voltage_raw"":120,""id14_voltage_v"":12.0,""id14_temperature_c"":32,""id14_hardware_error"":0,""id14_moving"":0,""id14_moving_status"":1},""target_x_mm"":257.0,""target_y_mm"":145.0,""target_z_mm"":0.0}"
2026-09-10T15:49:59.120Z,20260910T154752.561Z-3e1ee303,42,repeatability_touch_sample,telemetry,126.55333389999942,24,1580,2399,3870,508,,138.8671875,210.849609375,340.13671875,44.6484375,,-29.619140625,31.025390625,-15.732421875,44.6484375,258.74705466698003,147.10314043549712,3.7555677009625867,258.74705466698003,-147.10314043549712,3.7555677009625867,257.0,145.0,0.0,4.645394327433696,"{""elapsed_s"":126.55333389999942,""sample_index"":24,""id11_raw"":1580,""id12_raw"":2399,""id13_raw"":3870,""id14_raw"":508,""id11_deg"":138.8671875,""id12_deg"":210.849609375,""id13_deg"":340.13671875,""id14_deg"":44.6484375,""q1_deg"":-29.619140625,""q2_deg"":31.025390625,""q3_deg"":-15.732421875,""q4_deg"":44.6484375,""physical_x_mm"":258.74705466698003,""physical_y_mm"":147.10314043549712,""physical_z_mm"":3.7555677009625867,""internal_x_mm"":258.74705466698003,""internal_y_mm"":-147.10314043549712,""internal_z_mm"":3.7555677009625867,""position_error_mm"":4.645394327433696,""robot_timestamp_utc"":""2026-09-10T15:49:59.120+00:00"",""extra"":{""cycle"":1,""point"":""P03"",""touch_index"":2,""touch_sample_index"":4,""id11_velocity_raw"":0,""id11_velocity_rpm"":0.0,""id11_current_raw"":17,""id11_current_ma"":45.73,""id11_pwm_raw"":15,""id11_pwm_percent"":1.694915254237288,""id11_voltage_raw"":121,""id11_voltage_v"":12.100000000000001,""id11_temperature_c"":32,""id11_hardware_error"":0,""id11_moving"":0,""id11_moving_status"":49,""id12_velocity_raw"":0,""id12_velocity_rpm"":0.0,""id12_current_raw"":-18,""id12_current_ma"":-48.42,""id12_pwm_raw"":-11,""id12_pwm_percent"":-1.2429378531073447,""id12_voltage_raw"":121,""id12_voltage_v"":12.100000000000001,""id12_temperature_c"":35,""id12_hardware_error"":0,""id12_moving"":0,""id12_moving_status"":49,""id13_velocity_raw"":0,""id13_velocity_rpm"":0.0,""id13_current_raw"":-9,""id13_current_ma"":-24.21,""id13_pwm_raw"":-10,""id13_pwm_percent"":-1.1299435028248588,""id13_voltage_raw"":120,""id13_voltage_v"":12.0,""id13_temperature_c"":33,""id13_hardware_error"":0,""id13_moving"":0,""id13_moving_status"":49,""id14_velocity_raw"":0,""id14_velocity_rpm"":0.0,""id14_current_raw"":8,""id14_current_ma"":21.52,""id14_pwm_raw"":6,""id14_pwm_percent"":0.6779661016949152,""id14_voltage_raw"":120,""id14_voltage_v"":12.0,""id14_temperature_c"":33,""id14_hardware_error"":0,""id14_moving"":0,""id14_moving_status"":1},""target_x_mm"":257.0,""target_y_mm"":145.0,""target_z_mm"":0.0}"
2026-09-10T15:49:59.199Z,20260910T154752.561Z-3e1ee303,43,repeatability_touch_sample,telemetry,126.63216000000102,25,1580,2399,3870,508,,138.8671875,210.849609375,340.13671875,44.6484375,,-29.619140625,31.025390625,-15.732421875,44.6484375,258.74705466698003,147.10314043549712,3.7555677009625867,258.74705466698003,-147.10314043549712,3.7555677009625867,257.0,145.0,0.0,4.645394327433696,"{""elapsed_s"":126.63216000000102,""sample_index"":25,""id11_raw"":1580,""id12_raw"":2399,""id13_raw"":3870,""id14_raw"":508,""id11_deg"":138.8671875,""id12_deg"":210.849609375,""id13_deg"":340.13671875,""id14_deg"":44.6484375,""q1_deg"":-29.619140625,""q2_deg"":31.025390625,""q3_deg"":-15.732421875,""q4_deg"":44.6484375,""physical_x_mm"":258.74705466698003,""physical_y_mm"":147.10314043549712,""physical_z_mm"":3.7555677009625867,""internal_x_mm"":258.74705466698003,""internal_y_mm"":-147.10314043549712,""internal_z_mm"":3.7555677009625867,""position_error_mm"":4.645394327433696,""robot_timestamp_utc"":""2026-09-10T15:49:59.199+00:00"",""extra"":{""cycle"":1,""point"":""P03"",""touch_index"":2,""touch_sample_index"":5,""id11_velocity_raw"":0,""id11_velocity_rpm"":0.0,""id11_current_raw"":19,""id11_current_ma"":51.11,""id11_pwm_raw"":10,""id11_pwm_percent"":1.1299435028248588,""id11_voltage_raw"":121,""id11_voltage_v"":12.100000000000001,""id11_temperature_c"":33,""id11_hardware_error"":0,""id11_moving"":0,""id11_moving_status"":49,""id12_velocity_raw"":0,""id12_velocity_rpm"":0.0,""id12_current_raw"":-15,""id12_current_ma"":-40.35,""id12_pwm_raw"":-10,""id12_pwm_percent"":-1.1299435028248588,""id12_voltage_raw"":121,""id12_voltage_v"":12.100000000000001,""id12_temperature_c"":34,""id12_hardware_error"":0,""id12_moving"":0,""id12_moving_status"":49,""id13_velocity_raw"":0,""id13_velocity_rpm"":0.0,""id13_current_raw"":-9,""id13_current_ma"":-24.21,""id13_pwm_raw"":-9,""id13_pwm_percent"":-1.0169491525423728,""id13_voltage_raw"":120,""id13_voltage_v"":12.0,""id13_temperature_c"":34,""id13_hardware_error"":0,""id13_moving"":0,""id13_moving_status"":49,""id14_velocity_raw"":0,""id14_velocity_rpm"":0.0,""id14_current_raw"":7,""id14_current_ma"":18.83,""id14_pwm_raw"":14,""id14_pwm_percent"":1.5819209039548023,""id14_voltage_raw"":120,""id14_voltage_v"":12.0,""id14_temperature_c"":33,""id14_hardware_error"":0,""id14_moving"":0,""id14_moving_status"":1},""target_x_mm"":257.0,""target_y_mm"":145.0,""target_z_mm"":0.0}"
2026-09-10T15:50:03.810Z,20260910T154752.561Z-3e1ee303,46,repeatability_phase_measured,telemetry,131.24254930000097,26,1582,2267,3869,570,,139.043,199.248,340.049,50.098,,-29.443328124999994,19.42378124999999,-15.820140625000022,50.09800000000001,256.81524751631395,144.96393366818089,53.53618392707024,256.81524751631395,-144.96393366818089,53.53618392707024,257.0,145.0,50.0,3.541190622741024,"{""elapsed_s"":131.24254930000097,""sample_index"":26,""id11_raw"":1582,""id12_raw"":2267,""id13_raw"":3869,""id14_raw"":570,""id11_deg"":139.043,""id12_deg"":199.248,""id13_deg"":340.049,""id14_deg"":50.098,""q1_deg"":-29.443328124999994,""q2_deg"":19.42378124999999,""q3_deg"":-15.820140625000022,""q4_deg"":50.09800000000001,""physical_x_mm"":256.81524751631395,""physical_y_mm"":144.96393366818089,""physical_z_mm"":53.53618392707024,""internal_x_mm"":256.81524751631395,""internal_y_mm"":-144.96393366818089,""internal_z_mm"":53.53618392707024,""position_error_mm"":3.541190622741024,""robot_timestamp_utc"":""2026-09-10T15:50:03.809+00:00"",""extra"":{""cycle"":1,""point"":""P03"",""phase"":""RETRACT""},""target_x_mm"":257.0,""target_y_mm"":145.0,""target_z_mm"":50.0}"
2026-09-10T15:50:05.887Z,20260910T154752.561Z-3e1ee303,47,repeatability_return_work,telemetry,133.32019670000227,27,1922,2040,4048,946,,168.926,179.297,355.781,83.145,,0.4396718749999877,-0.527218750000003,-0.08814062499999409,83.14499999999998,179.44185419398468,-1.3770139058807576,48.694164468535234,179.44185419398468,1.3770139058807576,48.694164468535234,179.66816315130788,0.0,47.02348315303158,2.1768231667103146,"{""elapsed_s"":133.32019670000227,""sample_index"":27,""id11_raw"":1922,""id12_raw"":2040,""id13_raw"":4048,""id14_raw"":946,""id11_deg"":168.926,""id12_deg"":179.297,""id13_deg"":355.781,""id14_deg"":83.145,""q1_deg"":0.4396718749999877,""q2_deg"":-0.527218750000003,""q3_deg"":-0.08814062499999409,""q4_deg"":83.14499999999998,""physical_x_mm"":179.44185419398468,""physical_y_mm"":-1.3770139058807576,""physical_z_mm"":48.694164468535234,""internal_x_mm"":179.44185419398468,""internal_y_mm"":1.3770139058807576,""internal_z_mm"":48.694164468535234,""position_error_mm"":2.1768231667103146,""robot_timestamp_utc"":""2026-09-10T15:50:05.887+00:00"",""extra"":{""cycle"":1,""point"":""P03""},""target_x_mm"":179.66816315130788,""target_y_mm"":0.0,""target_z_mm"":47.02348315303158}"
2026-09-10T15:50:07.842Z,20260910T154752.561Z-3e1ee303,50,repeatability_phase_measured,telemetry,135.27525640000022,28,1919,2168,3957,682,,168.662,190.547,347.783,59.941,,0.17567187500000614,10.722781249999997,-8.086140624999985,59.941,256.352474806816,-0.7859926404688062,51.22758809036225,256.352474806816,0.7859926404688062,51.22758809036225,257.0,0.0,50.0,1.5950065286005273,"{""elapsed_s"":135.27525640000022,""sample_index"":28,""id11_raw"":1919,""id12_raw"":2168,""id13_raw"":3957,""id14_raw"":682,""id11_deg"":168.662,""id12_deg"":190.547,""id13_deg"":347.783,""id14_deg"":59.941,""q1_deg"":0.17567187500000614,""q2_deg"":10.722781249999997,""q3_deg"":-8.086140624999985,""q4_deg"":59.941,""physical_x_mm"":256.352474806816,""physical_y_mm"":-0.7859926404688062,""physical_z_mm"":51.22758809036225,""internal_x_mm"":256.352474806816,""internal_y_mm"":0.7859926404688062,""internal_z_mm"":51.22758809036225,""position_error_mm"":1.5950065286005273,""robot_timestamp_utc"":""2026-09-10T15:50:07.842+00:00"",""extra"":{""cycle"":1,""point"":""P04"",""phase"":""APPROACH""},""target_x_mm"":257.0,""target_y_mm"":0.0,""target_z_mm"":50.0}"
2026-09-10T15:50:09.769Z,20260910T154752.561Z-3e1ee303,52,repeatability_touch_sample,telemetry,137.20231050000075,29,1918,2311,3950,624,,168.57421875,203.115234375,347.16796875,54.84375,,0.087890625,23.291015625,-8.701171875,54.84375,260.4069205778163,-0.3994595265212269,4.758748147833529,260.4069205778163,0.3994595265212269,4.758748147833529,257.0,0.0,0.0,5.866204878060935,"{""elapsed_s"":137.20231050000075,""sample_index"":29,""id11_raw"":1918,""id12_raw"":2311,""id13_raw"":3950,""id14_raw"":624,""id11_deg"":168.57421875,""id12_deg"":203.115234375,""id13_deg"":347.16796875,""id14_deg"":54.84375,""q1_deg"":0.087890625,""q2_deg"":23.291015625,""q3_deg"":-8.701171875,""q4_deg"":54.84375,""physical_x_mm"":260.4069205778163,""physical_y_mm"":-0.3994595265212269,""physical_z_mm"":4.758748147833529,""internal_x_mm"":260.4069205778163,""internal_y_mm"":0.3994595265212269,""internal_z_mm"":4.758748147833529,""position_error_mm"":5.866204878060935,""robot_timestamp_utc"":""2026-09-10T15:50:09.769+00:00"",""extra"":{""cycle"":1,""point"":""P04"",""touch_index"":3,""touch_sample_index"":1,""id11_velocity_raw"":0,""id11_velocity_rpm"":0.0,""id11_current_raw"":-4,""id11_current_ma"":-10.76,""id11_pwm_raw"":-6,""id11_pwm_percent"":-0.6779661016949152,""id11_voltage_raw"":122,""id11_voltage_v"":12.200000000000001,""id11_temperature_c"":32,""id11_hardware_error"":0,""id11_moving"":0,""id11_moving_status"":1,""id12_velocity_raw"":0,""id12_velocity_rpm"":0.0,""id12_current_raw"":-27,""id12_current_ma"":-72.63,""id12_pwm_raw"":-12,""id12_pwm_percent"":-1.3559322033898304,""id12_voltage_raw"":121,""id12_voltage_v"":12.100000000000001,""id12_temperature_c"":35,""id12_hardware_error"":0,""id12_moving"":0,""id12_moving_status"":49,""id13_velocity_raw"":0,""id13_velocity_rpm"":0.0,""id13_current_raw"":-13,""id13_current_ma"":-34.97,""id13_pwm_raw"":-12,""id13_pwm_percent"":-1.3559322033898304,""id13_voltage_raw"":119,""id13_voltage_v"":11.9,""id13_temperature_c"":34,""id13_hardware_error"":0,""id13_moving"":0,""id13_moving_status"":49,""id14_velocity_raw"":0,""id14_velocity_rpm"":0.0,""id14_current_raw"":-1,""id14_current_ma"":-2.69,""id14_pwm_raw"":-5,""id14_pwm_percent"":-0.5649717514124294,""id14_voltage_raw"":120,""id14_voltage_v"":12.0,""id14_temperature_c"":33,""id14_hardware_error"":0,""id14_moving"":0,""id14_moving_status"":1},""target_x_mm"":257.0,""target_y_mm"":0.0,""target_z_mm"":0.0}"
2026-09-10T15:50:09.848Z,20260910T154752.561Z-3e1ee303,53,repeatability_touch_sample,telemetry,137.28066050000052,30,1918,2312,3950,624,,168.57421875,203.203125,347.16796875,54.84375,,0.087890625,23.37890625,-8.701171875,54.84375,260.29657878565837,-0.3992902641991921,4.377780790595494,260.29657878565837,0.3992902641991921,4.377780790595494,257.0,0.0,0.0,5.494709187540682,"{""elapsed_s"":137.28066050000052,""sample_index"":30,""id11_raw"":1918,""id12_raw"":2312,""id13_raw"":3950,""id14_raw"":624,""id11_deg"":168.57421875,""id12_deg"":203.203125,""id13_deg"":347.16796875,""id14_deg"":54.84375,""q1_deg"":0.087890625,""q2_deg"":23.37890625,""q3_deg"":-8.701171875,""q4_deg"":54.84375,""physical_x_mm"":260.29657878565837,""physical_y_mm"":-0.3992902641991921,""physical_z_mm"":4.377780790595494,""internal_x_mm"":260.29657878565837,""internal_y_mm"":0.3992902641991921,""internal_z_mm"":4.377780790595494,""position_error_mm"":5.494709187540682,""robot_timestamp_utc"":""2026-09-10T15:50:09.848+00:00"",""extra"":{""cycle"":1,""point"":""P04"",""touch_index"":3,""touch_sample_index"":2,""id11_velocity_raw"":0,""id11_velocity_rpm"":0.0,""id11_current_raw"":-2,""id11_current_ma"":-5.38,""id11_pwm_raw"":-6,""id11_pwm_percent"":-0.6779661016949152,""id11_voltage_raw"":122,""id11_voltage_v"":12.200000000000001,""id11_temperature_c"":32,""id11_hardware_error"":0,""id11_moving"":0,""id11_moving_status"":1,""id12_velocity_raw"":0,""id12_velocity_rpm"":0.0,""id12_current_raw"":-19,""id12_current_ma"":-51.11,""id12_pwm_raw"":-16,""id12_pwm_percent"":-1.807909604519774,""id12_voltage_raw"":121,""id12_voltage_v"":12.100000000000001,""id12_temperature_c"":34,""id12_hardware_error"":0,""id12_moving"":0,""id12_moving_status"":49,""id13_velocity_raw"":0,""id13_velocity_rpm"":0.0,""id13_current_raw"":-11,""id13_current_ma"":-29.59,""id13_pwm_raw"":-10,""id13_pwm_percent"":-1.1299435028248588,""id13_voltage_raw"":119,""id13_voltage_v"":11.9,""id13_temperature_c"":33,""id13_hardware_error"":0,""id13_moving"":0,""id13_moving_status"":49,""id14_velocity_raw"":0,""id14_velocity_rpm"":0.0,""id14_current_raw"":-1,""id14_current_ma"":-2.69,""id14_pwm_raw"":-4,""id14_pwm_percent"":-0.4519774011299435,""id14_voltage_raw"":120,""id14_voltage_v"":12.0,""id14_temperature_c"":33,""id14_hardware_error"":0,""id14_moving"":0,""id14_moving_status"":1},""target_x_mm"":257.0,""target_y_mm"":0.0,""target_z_mm"":0.0}"
2026-09-10T15:50:09.928Z,20260910T154752.561Z-3e1ee303,54,repeatability_touch_sample,telemetry,137.36104360000172,31,1918,2313,3950,624,,168.57421875,203.291015625,347.16796875,54.84375,,0.087890625,23.466796875,-8.701171875,54.84375,260.1856527276327,-0.3991201056238384,3.9969831439059647,260.1856527276327,0.3991201056238384,3.9969831439059647,257.0,0.0,0.0,5.12674891256197,"{""elapsed_s"":137.36104360000172,""sample_index"":31,""id11_raw"":1918,""id12_raw"":2313,""id13_raw"":3950,""id14_raw"":624,""id11_deg"":168.57421875,""id12_deg"":203.291015625,""id13_deg"":347.16796875,""id14_deg"":54.84375,""q1_deg"":0.087890625,""q2_deg"":23.466796875,""q3_deg"":-8.701171875,""q4_deg"":54.84375,""physical_x_mm"":260.1856527276327,""physical_y_mm"":-0.3991201056238384,""physical_z_mm"":3.9969831439059647,""internal_x_mm"":260.1856527276327,""internal_y_mm"":0.3991201056238384,""internal_z_mm"":3.9969831439059647,""position_error_mm"":5.12674891256197,""robot_timestamp_utc"":""2026-09-10T15:50:09.928+00:00"",""extra"":{""cycle"":1,""point"":""P04"",""touch_index"":3,""touch_sample_index"":3,""id11_velocity_raw"":0,""id11_velocity_rpm"":0.0,""id11_current_raw"":-5,""id11_current_ma"":-13.45,""id11_pwm_raw"":-13,""id11_pwm_percent"":-1.4689265536723164,""id11_voltage_raw"":122,""id11_voltage_v"":12.200000000000001,""id11_temperature_c"":32,""id11_hardware_error"":0,""id11_moving"":0,""id11_moving_status"":1,""id12_velocity_raw"":0,""id12_velocity_rpm"":0.0,""id12_current_raw"":-24,""id12_current_ma"":-64.56,""id12_pwm_raw"":-21,""id12_pwm_percent"":-2.3728813559322033,""id12_voltage_raw"":121,""id12_voltage_v"":12.100000000000001,""id12_temperature_c"":35,""id12_hardware_error"":0,""id12_moving"":0,""id12_moving_status"":49,""id13_velocity_raw"":0,""id13_velocity_rpm"":0.0,""id13_current_raw"":-14,""id13_current_ma"":-37.66,""id13_pwm_raw"":-8,""id13_pwm_percent"":-0.903954802259887,""id13_voltage_raw"":118,""id13_voltage_v"":11.8,""id13_temperature_c"":33,""id13_hardware_error"":0,""id13_moving"":0,""id13_moving_status"":49,""id14_velocity_raw"":0,""id14_velocity_rpm"":0.0,""id14_current_raw"":-1,""id14_current_ma"":-2.69,""id14_pwm_raw"":-4,""id14_pwm_percent"":-0.4519774011299435,""id14_voltage_raw"":120,""id14_voltage_v"":12.0,""id14_temperature_c"":33,""id14_hardware_error"":0,""id14_moving"":0,""id14_moving_status"":1},""target_x_mm"":257.0,""target_y_mm"":0.0,""target_z_mm"":0.0}"
2026-09-10T15:50:10.003Z,20260910T154752.561Z-3e1ee303,55,repeatability_touch_sample,telemetry,137.43611130000136,32,1918,2313,3951,624,,168.57421875,203.291015625,347.255859375,54.84375,,0.087890625,23.466796875,-8.61328125,54.84375,259.90877972480206,-0.3986953874236775,3.7284433556121144,259.90877972480206,0.3986953874236775,3.7284433556121144,257.0,0.0,0.0,4.745655629665999,"{""elapsed_s"":137.43611130000136,""sample_index"":32,""id11_raw"":1918,""id12_raw"":2313,""id13_raw"":3951,""id14_raw"":624,""id11_deg"":168.57421875,""id12_deg"":203.291015625,""id13_deg"":347.255859375,""id14_deg"":54.84375,""q1_deg"":0.087890625,""q2_deg"":23.466796875,""q3_deg"":-8.61328125,""q4_deg"":54.84375,""physical_x_mm"":259.90877972480206,""physical_y_mm"":-0.3986953874236775,""physical_z_mm"":3.7284433556121144,""internal_x_mm"":259.90877972480206,""internal_y_mm"":0.3986953874236775,""internal_z_mm"":3.7284433556121144,""position_error_mm"":4.745655629665999,""robot_timestamp_utc"":""2026-09-10T15:50:10.003+00:00"",""extra"":{""cycle"":1,""point"":""P04"",""touch_index"":3,""touch_sample_index"":4,""id11_velocity_raw"":0,""id11_velocity_rpm"":0.0,""id11_current_raw"":-4,""id11_current_ma"":-10.76,""id11_pwm_raw"":-7,""id11_pwm_percent"":-0.7909604519774012,""id11_voltage_raw"":122,""id11_voltage_v"":12.200000000000001,""id11_temperature_c"":33,""id11_hardware_error"":0,""id11_moving"":0,""id11_moving_status"":1,""id12_velocity_raw"":0,""id12_velocity_rpm"":0.0,""id12_current_raw"":-23,""id12_current_ma"":-61.87,""id12_pwm_raw"":-20,""id12_pwm_percent"":-2.2598870056497176,""id12_voltage_raw"":121,""id12_voltage_v"":12.100000000000001,""id12_temperature_c"":35,""id12_hardware_error"":0,""id12_moving"":0,""id12_moving_status"":49,""id13_velocity_raw"":0,""id13_velocity_rpm"":0.0,""id13_current_raw"":-10,""id13_current_ma"":-26.9,""id13_pwm_raw"":-13,""id13_pwm_percent"":-1.4689265536723164,""id13_voltage_raw"":119,""id13_voltage_v"":11.9,""id13_temperature_c"":33,""id13_hardware_error"":0,""id13_moving"":0,""id13_moving_status"":49,""id14_velocity_raw"":0,""id14_velocity_rpm"":0.0,""id14_current_raw"":-1,""id14_current_ma"":-2.69,""id14_pwm_raw"":-3,""id14_pwm_percent"":-0.3389830508474576,""id14_voltage_raw"":120,""id14_voltage_v"":12.0,""id14_temperature_c"":33,""id14_hardware_error"":0,""id14_moving"":0,""id14_moving_status"":1},""target_x_mm"":257.0,""target_y_mm"":0.0,""target_z_mm"":0.0}"
2026-09-10T15:50:10.078Z,20260910T154752.561Z-3e1ee303,56,repeatability_touch_sample,telemetry,137.51086530000248,33,1918,2313,3951,624,,168.57421875,203.291015625,347.255859375,54.84375,,0.087890625,23.466796875,-8.61328125,54.84375,259.90877972480206,-0.3986953874236775,3.7284433556121144,259.90877972480206,0.3986953874236775,3.7284433556121144,257.0,0.0,0.0,4.745655629665999,"{""elapsed_s"":137.51086530000248,""sample_index"":33,""id11_raw"":1918,""id12_raw"":2313,""id13_raw"":3951,""id14_raw"":624,""id11_deg"":168.57421875,""id12_deg"":203.291015625,""id13_deg"":347.255859375,""id14_deg"":54.84375,""q1_deg"":0.087890625,""q2_deg"":23.466796875,""q3_deg"":-8.61328125,""q4_deg"":54.84375,""physical_x_mm"":259.90877972480206,""physical_y_mm"":-0.3986953874236775,""physical_z_mm"":3.7284433556121144,""internal_x_mm"":259.90877972480206,""internal_y_mm"":0.3986953874236775,""internal_z_mm"":3.7284433556121144,""position_error_mm"":4.745655629665999,""robot_timestamp_utc"":""2026-09-10T15:50:10.078+00:00"",""extra"":{""cycle"":1,""point"":""P04"",""touch_index"":3,""touch_sample_index"":5,""id11_velocity_raw"":0,""id11_velocity_rpm"":0.0,""id11_current_raw"":-4,""id11_current_ma"":-10.76,""id11_pwm_raw"":-7,""id11_pwm_percent"":-0.7909604519774012,""id11_voltage_raw"":122,""id11_voltage_v"":12.200000000000001,""id11_temperature_c"":33,""id11_hardware_error"":0,""id11_moving"":0,""id11_moving_status"":1,""id12_velocity_raw"":0,""id12_velocity_rpm"":0.0,""id12_current_raw"":-30,""id12_current_ma"":-80.7,""id12_pwm_raw"":-19,""id12_pwm_percent"":-2.146892655367232,""id12_voltage_raw"":121,""id12_voltage_v"":12.100000000000001,""id12_temperature_c"":34,""id12_hardware_error"":0,""id12_moving"":0,""id12_moving_status"":49,""id13_velocity_raw"":0,""id13_velocity_rpm"":0.0,""id13_current_raw"":-12,""id13_current_ma"":-32.28,""id13_pwm_raw"":-11,""id13_pwm_percent"":-1.2429378531073447,""id13_voltage_raw"":119,""id13_voltage_v"":11.9,""id13_temperature_c"":33,""id13_hardware_error"":0,""id13_moving"":0,""id13_moving_status"":49,""id14_velocity_raw"":0,""id14_velocity_rpm"":0.0,""id14_current_raw"":-1,""id14_current_ma"":-2.69,""id14_pwm_raw"":-3,""id14_pwm_percent"":-0.3389830508474576,""id14_voltage_raw"":120,""id14_voltage_v"":12.0,""id14_temperature_c"":33,""id14_hardware_error"":0,""id14_moving"":0,""id14_moving_status"":1},""target_x_mm"":257.0,""target_y_mm"":0.0,""target_z_mm"":0.0}"
2026-09-10T15:50:13.380Z,20260910T154752.561Z-3e1ee303,60,repeatability_phase_measured,telemetry,140.81302330000108,34,1917,2174,3951,683,,168.486,191.074,347.256,60.029,,-0.00032812500001000444,11.249781250000012,-8.613140625000028,60.028999999999996,257.250915454813,0.0014732403914294173,50.674427844594106,257.250915454813,-0.0014732403914294173,50.674427844594106,257.0,0.0,50.0,0.7195926997024986,"{""elapsed_s"":140.81302330000108,""sample_index"":34,""id11_raw"":1917,""id12_raw"":2174,""id13_raw"":3951,""id14_raw"":683,""id11_deg"":168.486,""id12_deg"":191.074,""id13_deg"":347.256,""id14_deg"":60.029,""q1_deg"":-0.00032812500001000444,""q2_deg"":11.249781250000012,""q3_deg"":-8.613140625000028,""q4_deg"":60.028999999999996,""physical_x_mm"":257.250915454813,""physical_y_mm"":0.0014732403914294173,""physical_z_mm"":50.674427844594106,""internal_x_mm"":257.250915454813,""internal_y_mm"":-0.0014732403914294173,""internal_z_mm"":50.674427844594106,""position_error_mm"":0.7195926997024986,""robot_timestamp_utc"":""2026-09-10T15:50:13.380+00:00"",""extra"":{""cycle"":1,""point"":""P04"",""phase"":""RETRACT""},""target_x_mm"":257.0,""target_y_mm"":0.0,""target_z_mm"":50.0}"
2026-09-10T15:50:15.249Z,20260910T154752.561Z-3e1ee303,61,repeatability_return_work,telemetry,142.68234200000006,35,1917,2045,4049,946,,168.486,179.736,355.869,83.145,,-0.00032812500001000444,-0.08821875000001,-0.00014062499997180566,83.14499999999998,178.98768103940827,0.001025037678911039,47.19191245211877,178.98768103940827,-0.001025037678911039,47.19191245211877,179.66816315130788,0.0,47.02348315303158,0.7010173921584231,"{""elapsed_s"":142.68234200000006,""sample_index"":35,""id11_raw"":1917,""id12_raw"":2045,""id13_raw"":4049,""id14_raw"":946,""id11_deg"":168.486,""id12_deg"":179.736,""id13_deg"":355.869,""id14_deg"":83.145,""q1_deg"":-0.00032812500001000444,""q2_deg"":-0.08821875000001,""q3_deg"":-0.00014062499997180566,""q4_deg"":83.14499999999998,""physical_x_mm"":178.98768103940827,""physical_y_mm"":0.001025037678911039,""physical_z_mm"":47.19191245211877,""internal_x_mm"":178.98768103940827,""internal_y_mm"":-0.001025037678911039,""internal_z_mm"":47.19191245211877,""position_error_mm"":0.7010173921584231,""robot_timestamp_utc"":""2026-09-10T15:50:15.249+00:00"",""extra"":{""cycle"":1,""point"":""P04""},""target_x_mm"":179.66816315130788,""target_y_mm"":0.0,""target_z_mm"":47.02348315303158}"
2026-09-10T15:50:17.758Z,20260910T154752.561Z-3e1ee303,64,repeatability_phase_measured,telemetry,145.19082379999963,36,1401,2063,4028,854,,123.135,181.318,354.023,75.059,,-45.35132812500001,1.493781250000012,-1.8461406249999754,75.059,144.19544989067228,145.97474724669743,51.51331722036733,144.19544989067228,-145.97474724669743,51.51331722036733,146.0,145.0,50.0,2.5488550962106906,"{""elapsed_s"":145.19082379999963,""sample_index"":36,""id11_raw"":1401,""id12_raw"":2063,""id13_raw"":4028,""id14_raw"":854,""id11_deg"":123.135,""id12_deg"":181.318,""id13_deg"":354.023,""id14_deg"":75.059,""q1_deg"":-45.35132812500001,""q2_deg"":1.493781250000012,""q3_deg"":-1.8461406249999754,""q4_deg"":75.059,""physical_x_mm"":144.19544989067228,""physical_y_mm"":145.97474724669743,""physical_z_mm"":51.51331722036733,""internal_x_mm"":144.19544989067228,""internal_y_mm"":-145.97474724669743,""internal_z_mm"":51.51331722036733,""position_error_mm"":2.5488550962106906,""robot_timestamp_utc"":""2026-09-10T15:50:17.758+00:00"",""extra"":{""cycle"":2,""point"":""P02"",""phase"":""APPROACH""},""target_x_mm"":146.0,""target_y_mm"":145.0,""target_z_mm"":50.0}"
2026-09-10T15:50:19.676Z,20260910T154752.561Z-3e1ee303,66,repeatability_touch_sample,telemetry,147.10919130000184,37,1405,2204,4082,738,,123.486328125,193.7109375,358.76953125,64.86328125,,-45.0,13.88671875,2.900390625,64.86328125,146.9225674391868,146.9225674391868,2.1676789664936678,146.9225674391868,-146.9225674391868,2.1676789664936678,146.0,145.0,0.0,3.0407611448201575,"{""elapsed_s"":147.10919130000184,""sample_index"":37,""id11_raw"":1405,""id12_raw"":2204,""id13_raw"":4082,""id14_raw"":738,""id11_deg"":123.486328125,""id12_deg"":193.7109375,""id13_deg"":358.76953125,""id14_deg"":64.86328125,""q1_deg"":-45.0,""q2_deg"":13.88671875,""q3_deg"":2.900390625,""q4_deg"":64.86328125,""physical_x_mm"":146.9225674391868,""physical_y_mm"":146.9225674391868,""physical_z_mm"":2.1676789664936678,""internal_x_mm"":146.9225674391868,""internal_y_mm"":-146.9225674391868,""internal_z_mm"":2.1676789664936678,""position_error_mm"":3.0407611448201575,""robot_timestamp_utc"":""2026-09-10T15:50:19.676+00:00"",""extra"":{""cycle"":2,""point"":""P02"",""touch_index"":4,""touch_sample_index"":1,""id11_velocity_raw"":0,""id11_velocity_rpm"":0.0,""id11_current_raw"":0,""id11_current_ma"":0.0,""id11_pwm_raw"":-1,""id11_pwm_percent"":-0.11299435028248588,""id11_voltage_raw"":122,""id11_voltage_v"":12.200000000000001,""id11_temperature_c"":32,""id11_hardware_error"":0,""id11_moving"":0,""id11_moving_status"":49,""id12_velocity_raw"":0,""id12_velocity_rpm"":0.0,""id12_current_raw"":-36,""id12_current_ma"":-96.84,""id12_pwm_raw"":-23,""id12_pwm_percent"":-2.598870056497175,""id12_voltage_raw"":121,""id12_voltage_v"":12.100000000000001,""id12_temperature_c"":35,""id12_hardware_error"":0,""id12_moving"":0,""id12_moving_status"":49,""id13_velocity_raw"":0,""id13_velocity_rpm"":0.0,""id13_current_raw"":-14,""id13_current_ma"":-37.66,""id13_pwm_raw"":-12,""id13_pwm_percent"":-1.3559322033898304,""id13_voltage_raw"":119,""id13_voltage_v"":11.9,""id13_temperature_c"":34,""id13_hardware_error"":0,""id13_moving"":0,""id13_moving_status"":49,""id14_velocity_raw"":0,""id14_velocity_rpm"":0.0,""id14_current_raw"":-5,""id14_current_ma"":-13.45,""id14_pwm_raw"":-2,""id14_pwm_percent"":-0.22598870056497175,""id14_voltage_raw"":120,""id14_voltage_v"":12.0,""id14_temperature_c"":34,""id14_hardware_error"":0,""id14_moving"":0,""id14_moving_status"":1},""target_x_mm"":146.0,""target_y_mm"":145.0,""target_z_mm"":0.0}"
2026-09-10T15:50:19.755Z,20260910T154752.561Z-3e1ee303,67,repeatability_touch_sample,telemetry,147.1884198000007,38,1405,2204,4082,738,,123.486328125,193.7109375,358.76953125,64.86328125,,-45.0,13.88671875,2.900390625,64.86328125,146.9225674391868,146.9225674391868,2.1676789664936678,146.9225674391868,-146.9225674391868,2.1676789664936678,146.0,145.0,0.0,3.0407611448201575,"{""elapsed_s"":147.1884198000007,""sample_index"":38,""id11_raw"":1405,""id12_raw"":2204,""id13_raw"":4082,""id14_raw"":738,""id11_deg"":123.486328125,""id12_deg"":193.7109375,""id13_deg"":358.76953125,""id14_deg"":64.86328125,""q1_deg"":-45.0,""q2_deg"":13.88671875,""q3_deg"":2.900390625,""q4_deg"":64.86328125,""physical_x_mm"":146.9225674391868,""physical_y_mm"":146.9225674391868,""physical_z_mm"":2.1676789664936678,""internal_x_mm"":146.9225674391868,""internal_y_mm"":-146.9225674391868,""internal_z_mm"":2.1676789664936678,""position_error_mm"":3.0407611448201575,""robot_timestamp_utc"":""2026-09-10T15:50:19.755+00:00"",""extra"":{""cycle"":2,""point"":""P02"",""touch_index"":4,""touch_sample_index"":2,""id11_velocity_raw"":0,""id11_velocity_rpm"":0.0,""id11_current_raw"":0,""id11_current_ma"":0.0,""id11_pwm_raw"":-1,""id11_pwm_percent"":-0.11299435028248588,""id11_voltage_raw"":122,""id11_voltage_v"":12.200000000000001,""id11_temperature_c"":32,""id11_hardware_error"":0,""id11_moving"":0,""id11_moving_status"":49,""id12_velocity_raw"":0,""id12_velocity_rpm"":0.0,""id12_current_raw"":-36,""id12_current_ma"":-96.84,""id12_pwm_raw"":-22,""id12_pwm_percent"":-2.4858757062146895,""id12_voltage_raw"":121,""id12_voltage_v"":12.100000000000001,""id12_temperature_c"":34,""id12_hardware_error"":0,""id12_moving"":0,""id12_moving_status"":49,""id13_velocity_raw"":0,""id13_velocity_rpm"":0.0,""id13_current_raw"":-13,""id13_current_ma"":-34.97,""id13_pwm_raw"":-11,""id13_pwm_percent"":-1.2429378531073447,""id13_voltage_raw"":119,""id13_voltage_v"":11.9,""id13_temperature_c"":34,""id13_hardware_error"":0,""id13_moving"":0,""id13_moving_status"":49,""id14_velocity_raw"":0,""id14_velocity_rpm"":0.0,""id14_current_raw"":-1,""id14_current_ma"":-2.69,""id14_pwm_raw"":-2,""id14_pwm_percent"":-0.22598870056497175,""id14_voltage_raw"":120,""id14_voltage_v"":12.0,""id14_temperature_c"":34,""id14_hardware_error"":0,""id14_moving"":0,""id14_moving_status"":1},""target_x_mm"":146.0,""target_y_mm"":145.0,""target_z_mm"":0.0}"
2026-09-10T15:50:19.833Z,20260910T154752.561Z-3e1ee303,68,repeatability_touch_sample,telemetry,147.26626570000008,39,1405,2204,4082,739,,123.486328125,193.7109375,358.76953125,64.951171875,,-45.0,13.88671875,2.900390625,64.951171875,146.75223292404402,146.75223292404402,2.1325126855757617,146.75223292404402,-146.75223292404402,2.1325126855757617,146.0,145.0,0.0,2.860731540403824,"{""elapsed_s"":147.26626570000008,""sample_index"":39,""id11_raw"":1405,""id12_raw"":2204,""id13_raw"":4082,""id14_raw"":739,""id11_deg"":123.486328125,""id12_deg"":193.7109375,""id13_deg"":358.76953125,""id14_deg"":64.951171875,""q1_deg"":-45.0,""q2_deg"":13.88671875,""q3_deg"":2.900390625,""q4_deg"":64.951171875,""physical_x_mm"":146.75223292404402,""physical_y_mm"":146.75223292404402,""physical_z_mm"":2.1325126855757617,""internal_x_mm"":146.75223292404402,""internal_y_mm"":-146.75223292404402,""internal_z_mm"":2.1325126855757617,""position_error_mm"":2.860731540403824,""robot_timestamp_utc"":""2026-09-10T15:50:19.833+00:00"",""extra"":{""cycle"":2,""point"":""P02"",""touch_index"":4,""touch_sample_index"":3,""id11_velocity_raw"":0,""id11_velocity_rpm"":0.0,""id11_current_raw"":0,""id11_current_ma"":0.0,""id11_pwm_raw"":0,""id11_pwm_percent"":0.0,""id11_voltage_raw"":122,""id11_voltage_v"":12.200000000000001,""id11_temperature_c"":32,""id11_hardware_error"":0,""id11_moving"":0,""id11_moving_status"":49,""id12_velocity_raw"":0,""id12_velocity_rpm"":0.0,""id12_current_raw"":-32,""id12_current_ma"":-86.08,""id12_pwm_raw"":-21,""id12_pwm_percent"":-2.3728813559322033,""id12_voltage_raw"":121,""id12_voltage_v"":12.100000000000001,""id12_temperature_c"":35,""id12_hardware_error"":0,""id12_moving"":0,""id12_moving_status"":49,""id13_velocity_raw"":0,""id13_velocity_rpm"":0.0,""id13_current_raw"":-16,""id13_current_ma"":-43.04,""id13_pwm_raw"":-10,""id13_pwm_percent"":-1.1299435028248588,""id13_voltage_raw"":120,""id13_voltage_v"":12.0,""id13_temperature_c"":34,""id13_hardware_error"":0,""id13_moving"":0,""id13_moving_status"":49,""id14_velocity_raw"":0,""id14_velocity_rpm"":0.0,""id14_current_raw"":-3,""id14_current_ma"":-8.07,""id14_pwm_raw"":-8,""id14_pwm_percent"":-0.903954802259887,""id14_voltage_raw"":120,""id14_voltage_v"":12.0,""id14_temperature_c"":34,""id14_hardware_error"":0,""id14_moving"":0,""id14_moving_status"":1},""target_x_mm"":146.0,""target_y_mm"":145.0,""target_z_mm"":0.0}"
2026-09-10T15:50:19.911Z,20260910T154752.561Z-3e1ee303,69,repeatability_touch_sample,telemetry,147.34420890000183,40,1405,2205,4082,738,,123.486328125,193.798828125,358.76953125,64.86328125,,-45.0,13.974609375,2.900390625,64.86328125,146.84177719986275,146.84177719986275,1.8674439537749663,146.84177719986275,-146.84177719986275,1.8674439537749663,146.0,145.0,0.0,2.754646806513261,"{""elapsed_s"":147.34420890000183,""sample_index"":40,""id11_raw"":1405,""id12_raw"":2205,""id13_raw"":4082,""id14_raw"":738,""id11_deg"":123.486328125,""id12_deg"":193.798828125,""id13_deg"":358.76953125,""id14_deg"":64.86328125,""q1_deg"":-45.0,""q2_deg"":13.974609375,""q3_deg"":2.900390625,""q4_deg"":64.86328125,""physical_x_mm"":146.84177719986275,""physical_y_mm"":146.84177719986275,""physical_z_mm"":1.8674439537749663,""internal_x_mm"":146.84177719986275,""internal_y_mm"":-146.84177719986275,""internal_z_mm"":1.8674439537749663,""position_error_mm"":2.754646806513261,""robot_timestamp_utc"":""2026-09-10T15:50:19.911+00:00"",""extra"":{""cycle"":2,""point"":""P02"",""touch_index"":4,""touch_sample_index"":4,""id11_velocity_raw"":0,""id11_velocity_rpm"":0.0,""id11_current_raw"":0,""id11_current_ma"":0.0,""id11_pwm_raw"":0,""id11_pwm_percent"":0.0,""id11_voltage_raw"":122,""id11_voltage_v"":12.200000000000001,""id11_temperature_c"":32,""id11_hardware_error"":0,""id11_moving"":0,""id11_moving_status"":49,""id12_velocity_raw"":0,""id12_velocity_rpm"":0.0,""id12_current_raw"":-30,""id12_current_ma"":-80.7,""id12_pwm_raw"":-20,""id12_pwm_percent"":-2.2598870056497176,""id12_voltage_raw"":121,""id12_voltage_v"":12.100000000000001,""id12_temperature_c"":35,""id12_hardware_error"":0,""id12_moving"":0,""id12_moving_status"":49,""id13_velocity_raw"":0,""id13_velocity_rpm"":0.0,""id13_current_raw"":-15,""id13_current_ma"":-40.35,""id13_pwm_raw"":-9,""id13_pwm_percent"":-1.0169491525423728,""id13_voltage_raw"":119,""id13_voltage_v"":11.9,""id13_temperature_c"":34,""id13_hardware_error"":0,""id13_moving"":0,""id13_moving_status"":49,""id14_velocity_raw"":0,""id14_velocity_rpm"":0.0,""id14_current_raw"":-1,""id14_current_ma"":-2.69,""id14_pwm_raw"":-7,""id14_pwm_percent"":-0.7909604519774012,""id14_voltage_raw"":120,""id14_voltage_v"":12.0,""id14_temperature_c"":34,""id14_hardware_error"":0,""id14_moving"":0,""id14_moving_status"":1},""target_x_mm"":146.0,""target_y_mm"":145.0,""target_z_mm"":0.0}"
2026-09-10T15:50:19.990Z,20260910T154752.561Z-3e1ee303,70,repeatability_touch_sample,telemetry,147.42292520000046,41,1405,2204,4082,739,,123.486328125,193.7109375,358.76953125,64.951171875,,-45.0,13.88671875,2.900390625,64.951171875,146.75223292404402,146.75223292404402,2.1325126855757617,146.75223292404402,-146.75223292404402,2.1325126855757617,146.0,145.0,0.0,2.860731540403824,"{""elapsed_s"":147.42292520000046,""sample_index"":41,""id11_raw"":1405,""id12_raw"":2204,""id13_raw"":4082,""id14_raw"":739,""id11_deg"":123.486328125,""id12_deg"":193.7109375,""id13_deg"":358.76953125,""id14_deg"":64.951171875,""q1_deg"":-45.0,""q2_deg"":13.88671875,""q3_deg"":2.900390625,""q4_deg"":64.951171875,""physical_x_mm"":146.75223292404402,""physical_y_mm"":146.75223292404402,""physical_z_mm"":2.1325126855757617,""internal_x_mm"":146.75223292404402,""internal_y_mm"":-146.75223292404402,""internal_z_mm"":2.1325126855757617,""position_error_mm"":2.860731540403824,""robot_timestamp_utc"":""2026-09-10T15:50:19.990+00:00"",""extra"":{""cycle"":2,""point"":""P02"",""touch_index"":4,""touch_sample_index"":5,""id11_velocity_raw"":0,""id11_velocity_rpm"":0.0,""id11_current_raw"":0,""id11_current_ma"":0.0,""id11_pwm_raw"":1,""id11_pwm_percent"":0.11299435028248588,""id11_voltage_raw"":122,""id11_voltage_v"":12.200000000000001,""id11_temperature_c"":32,""id11_hardware_error"":0,""id11_moving"":0,""id11_moving_status"":49,""id12_velocity_raw"":0,""id12_velocity_rpm"":0.0,""id12_current_raw"":-29,""id12_current_ma"":-78.01,""id12_pwm_raw"":-27,""id12_pwm_percent"":-3.0508474576271185,""id12_voltage_raw"":121,""id12_voltage_v"":12.100000000000001,""id12_temperature_c"":35,""id12_hardware_error"":0,""id12_moving"":0,""id12_moving_status"":49,""id13_velocity_raw"":0,""id13_velocity_rpm"":0.0,""id13_current_raw"":-14,""id13_current_ma"":-37.66,""id13_pwm_raw"":-8,""id13_pwm_percent"":-0.903954802259887,""id13_voltage_raw"":119,""id13_voltage_v"":11.9,""id13_temperature_c"":34,""id13_hardware_error"":0,""id13_moving"":0,""id13_moving_status"":49,""id14_velocity_raw"":0,""id14_velocity_rpm"":0.0,""id14_current_raw"":-1,""id14_current_ma"":-2.69,""id14_pwm_raw"":-7,""id14_pwm_percent"":-0.7909604519774012,""id14_voltage_raw"":120,""id14_voltage_v"":12.0,""id14_temperature_c"":34,""id14_hardware_error"":0,""id14_moving"":0,""id14_moving_status"":1},""target_x_mm"":146.0,""target_y_mm"":145.0,""target_z_mm"":0.0}"
2026-09-10T15:50:21.773Z,20260910T154752.561Z-3e1ee303,73,repeatability_phase_measured,telemetry,149.2061833000007,42,1405,2075,4029,853,,123.486,182.373,354.111,74.971,,-45.00032812500001,2.5487812499999905,-1.75814062500001,74.971,144.73677462668903,144.73843241113877,47.77015803272147,144.73677462668903,-144.73843241113877,47.77015803272147,146.0,145.0,50.0,2.576111633131591,"{""elapsed_s"":149.2061833000007,""sample_index"":42,""id11_raw"":1405,""id12_raw"":2075,""id13_raw"":4029,""id14_raw"":853,""id11_deg"":123.486,""id12_deg"":182.373,""id13_deg"":354.111,""id14_deg"":74.971,""q1_deg"":-45.00032812500001,""q2_deg"":2.5487812499999905,""q3_deg"":-1.75814062500001,""q4_deg"":74.971,""physical_x_mm"":144.73677462668903,""physical_y_mm"":144.73843241113877,""physical_z_mm"":47.77015803272147,""internal_x_mm"":144.73677462668903,""internal_y_mm"":-144.73843241113877,""internal_z_mm"":47.77015803272147,""position_error_mm"":2.576111633131591,""robot_timestamp_utc"":""2026-09-10T15:50:21.773+00:00"",""extra"":{""cycle"":2,""point"":""P02"",""phase"":""RETRACT""},""target_x_mm"":146.0,""target_y_mm"":145.0,""target_z_mm"":50.0}"
2026-09-10T15:50:24.146Z,20260910T154752.561Z-3e1ee303,74,repeatability_return_work,telemetry,151.57878189999974,43,1922,2049,4046,945,,168.926,180.088,355.605,83.057,,0.4396718749999877,0.26378124999999386,-0.2641406249999818,83.05700000000002,179.76868292405962,-1.3795219478767347,46.85281240819248,179.76868292405962,1.3795219478767347,46.85281240819248,179.66816315130788,0.0,47.02348315303158,1.393669090039531,"{""elapsed_s"":151.57878189999974,""sample_index"":43,""id11_raw"":1922,""id12_raw"":2049,""id13_raw"":4046,""id14_raw"":945,""id11_deg"":168.926,""id12_deg"":180.088,""id13_deg"":355.605,""id14_deg"":83.057,""q1_deg"":0.4396718749999877,""q2_deg"":0.26378124999999386,""q3_deg"":-0.2641406249999818,""q4_deg"":83.05700000000002,""physical_x_mm"":179.76868292405962,""physical_y_mm"":-1.3795219478767347,""physical_z_mm"":46.85281240819248,""internal_x_mm"":179.76868292405962,""internal_y_mm"":1.3795219478767347,""internal_z_mm"":46.85281240819248,""position_error_mm"":1.393669090039531,""robot_timestamp_utc"":""2026-09-10T15:50:24.146+00:00"",""extra"":{""cycle"":2,""point"":""P02""},""target_x_mm"":179.66816315130788,""target_y_mm"":0.0,""target_z_mm"":47.02348315303158}"
2026-09-10T15:50:26.267Z,20260910T154752.561Z-3e1ee303,77,repeatability_phase_measured,telemetry,153.69992529999945,44,1580,2277,3870,565,,138.867,200.127,340.137,49.658,,-29.61932812500001,20.30278125000001,-15.732140625,49.658000000000015,256.70968757501,145.94596602056853,49.576532780830945,256.70968757501,-145.94596602056853,49.576532780830945,257.0,145.0,50.0,1.0763166364433034,"{""elapsed_s"":153.69992529999945,""sample_index"":44,""id11_raw"":1580,""id12_raw"":2277,""id13_raw"":3870,""id14_raw"":565,""id11_deg"":138.867,""id12_deg"":200.127,""id13_deg"":340.137,""id14_deg"":49.658,""q1_deg"":-29.61932812500001,""q2_deg"":20.30278125000001,""q3_deg"":-15.732140625,""q4_deg"":49.658000000000015,""physical_x_mm"":256.70968757501,""physical_y_mm"":145.94596602056853,""physical_z_mm"":49.576532780830945,""internal_x_mm"":256.70968757501,""internal_y_mm"":-145.94596602056853,""internal_z_mm"":49.576532780830945,""position_error_mm"":1.0763166364433034,""robot_timestamp_utc"":""2026-09-10T15:50:26.267+00:00"",""extra"":{""cycle"":2,""point"":""P03"",""phase"":""APPROACH""},""target_x_mm"":257.0,""target_y_mm"":145.0,""target_z_mm"":50.0}"
2026-09-10T15:50:28.719Z,20260910T154752.561Z-3e1ee303,79,repeatability_touch_sample,telemetry,156.15214320000086,45,1580,2398,3868,508,,138.8671875,210.76171875,339.9609375,44.6484375,,-29.619140625,30.9375,-15.908203125,44.6484375,259.29570725523683,147.4150609667067,4.806246517205494,259.29570725523683,-147.4150609667067,4.806246517205494,257.0,145.0,0.0,5.8483157283791805,"{""elapsed_s"":156.15214320000086,""sample_index"":45,""id11_raw"":1580,""id12_raw"":2398,""id13_raw"":3868,""id14_raw"":508,""id11_deg"":138.8671875,""id12_deg"":210.76171875,""id13_deg"":339.9609375,""id14_deg"":44.6484375,""q1_deg"":-29.619140625,""q2_deg"":30.9375,""q3_deg"":-15.908203125,""q4_deg"":44.6484375,""physical_x_mm"":259.29570725523683,""physical_y_mm"":147.4150609667067,""physical_z_mm"":4.806246517205494,""internal_x_mm"":259.29570725523683,""internal_y_mm"":-147.4150609667067,""internal_z_mm"":4.806246517205494,""position_error_mm"":5.8483157283791805,""robot_timestamp_utc"":""2026-09-10T15:50:28.719+00:00"",""extra"":{""cycle"":2,""point"":""P03"",""touch_index"":5,""touch_sample_index"":1,""id11_velocity_raw"":0,""id11_velocity_rpm"":0.0,""id11_current_raw"":16,""id11_current_ma"":43.04,""id11_pwm_raw"":13,""id11_pwm_percent"":1.4689265536723164,""id11_voltage_raw"":122,""id11_voltage_v"":12.200000000000001,""id11_temperature_c"":32,""id11_hardware_error"":0,""id11_moving"":0,""id11_moving_status"":49,""id12_velocity_raw"":0,""id12_velocity_rpm"":0.0,""id12_current_raw"":-15,""id12_current_ma"":-40.35,""id12_pwm_raw"":-9,""id12_pwm_percent"":-1.0169491525423728,""id12_voltage_raw"":121,""id12_voltage_v"":12.100000000000001,""id12_temperature_c"":34,""id12_hardware_error"":0,""id12_moving"":0,""id12_moving_status"":49,""id13_velocity_raw"":0,""id13_velocity_rpm"":0.0,""id13_current_raw"":-9,""id13_current_ma"":-24.21,""id13_pwm_raw"":-5,""id13_pwm_percent"":-0.5649717514124294,""id13_voltage_raw"":120,""id13_voltage_v"":12.0,""id13_temperature_c"":34,""id13_hardware_error"":0,""id13_moving"":0,""id13_moving_status"":49,""id14_velocity_raw"":0,""id14_velocity_rpm"":0.0,""id14_current_raw"":5,""id14_current_ma"":13.45,""id14_pwm_raw"":8,""id14_pwm_percent"":0.903954802259887,""id14_voltage_raw"":120,""id14_voltage_v"":12.0,""id14_temperature_c"":35,""id14_hardware_error"":0,""id14_moving"":0,""id14_moving_status"":1},""target_x_mm"":257.0,""target_y_mm"":145.0,""target_z_mm"":0.0}"
2026-09-10T15:50:28.791Z,20260910T154752.561Z-3e1ee303,80,repeatability_touch_sample,telemetry,156.2237238000016,46,1580,2398,3869,509,,138.8671875,210.76171875,340.048828125,44.736328125,,-29.619140625,30.9375,-15.8203125,44.736328125,258.8870166592961,147.18271177066768,4.37741192956463,258.8870166592961,-147.18271177066768,4.37741192956463,257.0,145.0,0.0,5.242785304336514,"{""elapsed_s"":156.2237238000016,""sample_index"":46,""id11_raw"":1580,""id12_raw"":2398,""id13_raw"":3869,""id14_raw"":509,""id11_deg"":138.8671875,""id12_deg"":210.76171875,""id13_deg"":340.048828125,""id14_deg"":44.736328125,""q1_deg"":-29.619140625,""q2_deg"":30.9375,""q3_deg"":-15.8203125,""q4_deg"":44.736328125,""physical_x_mm"":258.8870166592961,""physical_y_mm"":147.18271177066768,""physical_z_mm"":4.37741192956463,""internal_x_mm"":258.8870166592961,""internal_y_mm"":-147.18271177066768,""internal_z_mm"":4.37741192956463,""position_error_mm"":5.242785304336514,""robot_timestamp_utc"":""2026-09-10T15:50:28.791+00:00"",""extra"":{""cycle"":2,""point"":""P03"",""touch_index"":5,""touch_sample_index"":2,""id11_velocity_raw"":0,""id11_velocity_rpm"":0.0,""id11_current_raw"":16,""id11_current_ma"":43.04,""id11_pwm_raw"":13,""id11_pwm_percent"":1.4689265536723164,""id11_voltage_raw"":122,""id11_voltage_v"":12.200000000000001,""id11_temperature_c"":32,""id11_hardware_error"":0,""id11_moving"":0,""id11_moving_status"":49,""id12_velocity_raw"":0,""id12_velocity_rpm"":0.0,""id12_current_raw"":-13,""id12_current_ma"":-34.97,""id12_pwm_raw"":-8,""id12_pwm_percent"":-0.903954802259887,""id12_voltage_raw"":121,""id12_voltage_v"":12.100000000000001,""id12_temperature_c"":35,""id12_hardware_error"":0,""id12_moving"":0,""id12_moving_status"":49,""id13_velocity_raw"":0,""id13_velocity_rpm"":0.0,""id13_current_raw"":-8,""id13_current_ma"":-21.52,""id13_pwm_raw"":-10,""id13_pwm_percent"":-1.1299435028248588,""id13_voltage_raw"":119,""id13_voltage_v"":11.9,""id13_temperature_c"":34,""id13_hardware_error"":0,""id13_moving"":0,""id13_moving_status"":49,""id14_velocity_raw"":0,""id14_velocity_rpm"":0.0,""id14_current_raw"":13,""id14_current_ma"":34.97,""id14_pwm_raw"":2,""id14_pwm_percent"":0.22598870056497175,""id14_voltage_raw"":120,""id14_voltage_v"":12.0,""id14_temperature_c"":33,""id14_hardware_error"":0,""id14_moving"":0,""id14_moving_status"":1},""target_x_mm"":257.0,""target_y_mm"":145.0,""target_z_mm"":0.0}"
2026-09-10T15:50:28.868Z,20260910T154752.561Z-3e1ee303,81,repeatability_touch_sample,telemetry,156.30082630000106,47,1580,2399,3869,509,,138.8671875,210.849609375,340.048828125,44.736328125,,-29.619140625,31.025390625,-15.8203125,44.736328125,258.7905463590069,147.12786637677686,3.9390842228763745,258.7905463590069,-147.12786637677686,3.9390842228763745,257.0,145.0,0.0,4.821851936350175,"{""elapsed_s"":156.30082630000106,""sample_index"":47,""id11_raw"":1580,""id12_raw"":2399,""id13_raw"":3869,""id14_raw"":509,""id11_deg"":138.8671875,""id12_deg"":210.849609375,""id13_deg"":340.048828125,""id14_deg"":44.736328125,""q1_deg"":-29.619140625,""q2_deg"":31.025390625,""q3_deg"":-15.8203125,""q4_deg"":44.736328125,""physical_x_mm"":258.7905463590069,""physical_y_mm"":147.12786637677686,""physical_z_mm"":3.9390842228763745,""internal_x_mm"":258.7905463590069,""internal_y_mm"":-147.12786637677686,""internal_z_mm"":3.9390842228763745,""position_error_mm"":4.821851936350175,""robot_timestamp_utc"":""2026-09-10T15:50:28.868+00:00"",""extra"":{""cycle"":2,""point"":""P03"",""touch_index"":5,""touch_sample_index"":3,""id11_velocity_raw"":0,""id11_velocity_rpm"":0.0,""id11_current_raw"":16,""id11_current_ma"":43.04,""id11_pwm_raw"":14,""id11_pwm_percent"":1.5819209039548023,""id11_voltage_raw"":122,""id11_voltage_v"":12.200000000000001,""id11_temperature_c"":32,""id11_hardware_error"":0,""id11_moving"":0,""id11_moving_status"":49,""id12_velocity_raw"":0,""id12_velocity_rpm"":0.0,""id12_current_raw"":-17,""id12_current_ma"":-45.73,""id12_pwm_raw"":-14,""id12_pwm_percent"":-1.5819209039548023,""id12_voltage_raw"":121,""id12_voltage_v"":12.100000000000001,""id12_temperature_c"":35,""id12_hardware_error"":0,""id12_moving"":0,""id12_moving_status"":49,""id13_velocity_raw"":0,""id13_velocity_rpm"":0.0,""id13_current_raw"":-8,""id13_current_ma"":-21.52,""id13_pwm_raw"":-8,""id13_pwm_percent"":-0.903954802259887,""id13_voltage_raw"":120,""id13_voltage_v"":12.0,""id13_temperature_c"":34,""id13_hardware_error"":0,""id13_moving"":0,""id13_moving_status"":49,""id14_velocity_raw"":0,""id14_velocity_rpm"":0.0,""id14_current_raw"":3,""id14_current_ma"":8.07,""id14_pwm_raw"":10,""id14_pwm_percent"":1.1299435028248588,""id14_voltage_raw"":120,""id14_voltage_v"":12.0,""id14_temperature_c"":33,""id14_hardware_error"":0,""id14_moving"":0,""id14_moving_status"":1},""target_x_mm"":257.0,""target_y_mm"":145.0,""target_z_mm"":0.0}"
2026-09-10T15:50:28.946Z,20260910T154752.561Z-3e1ee303,82,repeatability_touch_sample,telemetry,156.3787489000024,48,1580,2399,3869,509,,138.8671875,210.849609375,340.048828125,44.736328125,,-29.619140625,31.025390625,-15.8203125,44.736328125,258.7905463590069,147.12786637677686,3.9390842228763745,258.7905463590069,-147.12786637677686,3.9390842228763745,257.0,145.0,0.0,4.821851936350175,"{""elapsed_s"":156.3787489000024,""sample_index"":48,""id11_raw"":1580,""id12_raw"":2399,""id13_raw"":3869,""id14_raw"":509,""id11_deg"":138.8671875,""id12_deg"":210.849609375,""id13_deg"":340.048828125,""id14_deg"":44.736328125,""q1_deg"":-29.619140625,""q2_deg"":31.025390625,""q3_deg"":-15.8203125,""q4_deg"":44.736328125,""physical_x_mm"":258.7905463590069,""physical_y_mm"":147.12786637677686,""physical_z_mm"":3.9390842228763745,""internal_x_mm"":258.7905463590069,""internal_y_mm"":-147.12786637677686,""internal_z_mm"":3.9390842228763745,""position_error_mm"":4.821851936350175,""robot_timestamp_utc"":""2026-09-10T15:50:28.946+00:00"",""extra"":{""cycle"":2,""point"":""P03"",""touch_index"":5,""touch_sample_index"":4,""id11_velocity_raw"":0,""id11_velocity_rpm"":0.0,""id11_current_raw"":16,""id11_current_ma"":43.04,""id11_pwm_raw"":14,""id11_pwm_percent"":1.5819209039548023,""id11_voltage_raw"":122,""id11_voltage_v"":12.200000000000001,""id11_temperature_c"":33,""id11_hardware_error"":0,""id11_moving"":0,""id11_moving_status"":49,""id12_velocity_raw"":0,""id12_velocity_rpm"":0.0,""id12_current_raw"":-13,""id12_current_ma"":-34.97,""id12_pwm_raw"":-13,""id12_pwm_percent"":-1.4689265536723164,""id12_voltage_raw"":121,""id12_voltage_v"":12.100000000000001,""id12_temperature_c"":35,""id12_hardware_error"":0,""id12_moving"":0,""id12_moving_status"":49,""id13_velocity_raw"":0,""id13_velocity_rpm"":0.0,""id13_current_raw"":-4,""id13_current_ma"":-10.76,""id13_pwm_raw"":-7,""id13_pwm_percent"":-0.7909604519774012,""id13_voltage_raw"":120,""id13_voltage_v"":12.0,""id13_temperature_c"":34,""id13_hardware_error"":0,""id13_moving"":0,""id13_moving_status"":49,""id14_velocity_raw"":0,""id14_velocity_rpm"":0.0,""id14_current_raw"":0,""id14_current_ma"":0.0,""id14_pwm_raw"":4,""id14_pwm_percent"":0.4519774011299435,""id14_voltage_raw"":120,""id14_voltage_v"":12.0,""id14_temperature_c"":33,""id14_hardware_error"":0,""id14_moving"":0,""id14_moving_status"":1},""target_x_mm"":257.0,""target_y_mm"":145.0,""target_z_mm"":0.0}"
2026-09-10T15:50:29.023Z,20260910T154752.561Z-3e1ee303,83,repeatability_touch_sample,telemetry,156.45551010000054,49,1580,2399,3870,509,,138.8671875,210.849609375,340.13671875,44.736328125,,-29.619140625,31.025390625,-15.732421875,44.736328125,258.56380300796263,146.99895801469174,3.63379244044566,258.56380300796263,-146.99895801469174,3.63379244044566,257.0,145.0,0.0,4.432353832046054,"{""elapsed_s"":156.45551010000054,""sample_index"":49,""id11_raw"":1580,""id12_raw"":2399,""id13_raw"":3870,""id14_raw"":509,""id11_deg"":138.8671875,""id12_deg"":210.849609375,""id13_deg"":340.13671875,""id14_deg"":44.736328125,""q1_deg"":-29.619140625,""q2_deg"":31.025390625,""q3_deg"":-15.732421875,""q4_deg"":44.736328125,""physical_x_mm"":258.56380300796263,""physical_y_mm"":146.99895801469174,""physical_z_mm"":3.63379244044566,""internal_x_mm"":258.56380300796263,""internal_y_mm"":-146.99895801469174,""internal_z_mm"":3.63379244044566,""position_error_mm"":4.432353832046054,""robot_timestamp_utc"":""2026-09-10T15:50:29.022+00:00"",""extra"":{""cycle"":2,""point"":""P03"",""touch_index"":5,""touch_sample_index"":5,""id11_velocity_raw"":0,""id11_velocity_rpm"":0.0,""id11_current_raw"":17,""id11_current_ma"":45.73,""id11_pwm_raw"":15,""id11_pwm_percent"":1.694915254237288,""id11_voltage_raw"":122,""id11_voltage_v"":12.200000000000001,""id11_temperature_c"":33,""id11_hardware_error"":0,""id11_moving"":0,""id11_moving_status"":49,""id12_velocity_raw"":0,""id12_velocity_rpm"":0.0,""id12_current_raw"":-15,""id12_current_ma"":-40.35,""id12_pwm_raw"":-13,""id12_pwm_percent"":-1.4689265536723164,""id12_voltage_raw"":121,""id12_voltage_v"":12.100000000000001,""id12_temperature_c"":35,""id12_hardware_error"":0,""id12_moving"":0,""id12_moving_status"":49,""id13_velocity_raw"":0,""id13_velocity_rpm"":0.0,""id13_current_raw"":-10,""id13_current_ma"":-26.9,""id13_pwm_raw"":-11,""id13_pwm_percent"":-1.2429378531073447,""id13_voltage_raw"":120,""id13_voltage_v"":12.0,""id13_temperature_c"":34,""id13_hardware_error"":0,""id13_moving"":0,""id13_moving_status"":49,""id14_velocity_raw"":0,""id14_velocity_rpm"":0.0,""id14_current_raw"":0,""id14_current_ma"":0.0,""id14_pwm_raw"":12,""id14_pwm_percent"":1.3559322033898304,""id14_voltage_raw"":120,""id14_voltage_v"":12.0,""id14_temperature_c"":33,""id14_hardware_error"":0,""id14_moving"":0,""id14_moving_status"":1},""target_x_mm"":257.0,""target_y_mm"":145.0,""target_z_mm"":0.0}"
2026-09-10T15:50:33.401Z,20260910T154752.561Z-3e1ee303,87,repeatability_phase_measured,telemetry,160.83428470000217,50,1582,2268,3869,570,,139.043,199.336,340.049,50.098,,-29.443328124999994,19.511781250000013,-15.820140625000022,50.09800000000001,256.784242433185,144.94643229761374,53.10170119580309,256.784242433185,-144.94643229761374,53.10170119580309,257.0,145.0,50.0,3.1096577198179185,"{""elapsed_s"":160.83428470000217,""sample_index"":50,""id11_raw"":1582,""id12_raw"":2268,""id13_raw"":3869,""id14_raw"":570,""id11_deg"":139.043,""id12_deg"":199.336,""id13_deg"":340.049,""id14_deg"":50.098,""q1_deg"":-29.443328124999994,""q2_deg"":19.511781250000013,""q3_deg"":-15.820140625000022,""q4_deg"":50.09800000000001,""physical_x_mm"":256.784242433185,""physical_y_mm"":144.94643229761374,""physical_z_mm"":53.10170119580309,""internal_x_mm"":256.784242433185,""internal_y_mm"":-144.94643229761374,""internal_z_mm"":53.10170119580309,""position_error_mm"":3.1096577198179185,""robot_timestamp_utc"":""2026-09-10T15:50:33.401+00:00"",""extra"":{""cycle"":2,""point"":""P03"",""phase"":""RETRACT""},""target_x_mm"":257.0,""target_y_mm"":145.0,""target_z_mm"":50.0}"
2026-09-10T15:50:35.488Z,20260910T154752.561Z-3e1ee303,88,repeatability_return_work,telemetry,162.92075820000173,51,1921,2039,4048,947,,168.838,179.209,355.781,83.232,,0.35167187499999386,-0.6152187499999968,-0.08814062499999409,83.23199999999997,179.24736427255598,-1.1002040432666316,48.919861885626375,179.24736427255598,1.1002040432666316,48.919861885626375,179.66816315130788,0.0,47.02348315303158,2.2324365457089588,"{""elapsed_s"":162.92075820000173,""sample_index"":51,""id11_raw"":1921,""id12_raw"":2039,""id13_raw"":4048,""id14_raw"":947,""id11_deg"":168.838,""id12_deg"":179.209,""id13_deg"":355.781,""id14_deg"":83.232,""q1_deg"":0.35167187499999386,""q2_deg"":-0.6152187499999968,""q3_deg"":-0.08814062499999409,""q4_deg"":83.23199999999997,""physical_x_mm"":179.24736427255598,""physical_y_mm"":-1.1002040432666316,""physical_z_mm"":48.919861885626375,""internal_x_mm"":179.24736427255598,""internal_y_mm"":1.1002040432666316,""internal_z_mm"":48.919861885626375,""position_error_mm"":2.2324365457089588,""robot_timestamp_utc"":""2026-09-10T15:50:35.488+00:00"",""extra"":{""cycle"":2,""point"":""P03""},""target_x_mm"":179.66816315130788,""target_y_mm"":0.0,""target_z_mm"":47.02348315303158}"
2026-09-10T15:50:37.399Z,20260910T154752.561Z-3e1ee303,91,repeatability_phase_measured,telemetry,164.83176040000035,52,1919,2169,3957,682,,168.662,190.635,347.783,59.941,,0.17567187500000614,10.810781249999991,-8.086140624999985,59.941,256.313371157785,-0.7858727462474728,50.852317736083506,256.313371157785,0.7858727462474728,50.852317736083506,257.0,0.0,50.0,1.3474051593706144,"{""elapsed_s"":164.83176040000035,""sample_index"":52,""id11_raw"":1919,""id12_raw"":2169,""id13_raw"":3957,""id14_raw"":682,""id11_deg"":168.662,""id12_deg"":190.635,""id13_deg"":347.783,""id14_deg"":59.941,""q1_deg"":0.17567187500000614,""q2_deg"":10.810781249999991,""q3_deg"":-8.086140624999985,""q4_deg"":59.941,""physical_x_mm"":256.313371157785,""physical_y_mm"":-0.7858727462474728,""physical_z_mm"":50.852317736083506,""internal_x_mm"":256.313371157785,""internal_y_mm"":0.7858727462474728,""internal_z_mm"":50.852317736083506,""position_error_mm"":1.3474051593706144,""robot_timestamp_utc"":""2026-09-10T15:50:37.399+00:00"",""extra"":{""cycle"":2,""point"":""P04"",""phase"":""APPROACH""},""target_x_mm"":257.0,""target_y_mm"":0.0,""target_z_mm"":50.0}"
2026-09-10T15:50:39.324Z,20260910T154752.561Z-3e1ee303,93,repeatability_touch_sample,telemetry,166.75660170000265,53,1918,2312,3950,624,,168.57421875,203.203125,347.16796875,54.84375,,0.087890625,23.37890625,-8.701171875,54.84375,260.29657878565837,-0.3992902641991921,4.377780790595494,260.29657878565837,0.3992902641991921,4.377780790595494,257.0,0.0,0.0,5.494709187540682,"{""elapsed_s"":166.75660170000265,""sample_index"":53,""id11_raw"":1918,""id12_raw"":2312,""id13_raw"":3950,""id14_raw"":624,""id11_deg"":168.57421875,""id12_deg"":203.203125,""id13_deg"":347.16796875,""id14_deg"":54.84375,""q1_deg"":0.087890625,""q2_deg"":23.37890625,""q3_deg"":-8.701171875,""q4_deg"":54.84375,""physical_x_mm"":260.29657878565837,""physical_y_mm"":-0.3992902641991921,""physical_z_mm"":4.377780790595494,""internal_x_mm"":260.29657878565837,""internal_y_mm"":0.3992902641991921,""internal_z_mm"":4.377780790595494,""position_error_mm"":5.494709187540682,""robot_timestamp_utc"":""2026-09-10T15:50:39.323+00:00"",""extra"":{""cycle"":2,""point"":""P04"",""touch_index"":6,""touch_sample_index"":1,""id11_velocity_raw"":0,""id11_velocity_rpm"":0.0,""id11_current_raw"":-3,""id11_current_ma"":-8.07,""id11_pwm_raw"":-6,""id11_pwm_percent"":-0.6779661016949152,""id11_voltage_raw"":122,""id11_voltage_v"":12.200000000000001,""id11_temperature_c"":33,""id11_hardware_error"":0,""id11_moving"":0,""id11_moving_status"":1,""id12_velocity_raw"":0,""id12_velocity_rpm"":0.0,""id12_current_raw"":-32,""id12_current_ma"":-86.08,""id12_pwm_raw"":-18,""id12_pwm_percent"":-2.0338983050847457,""id12_voltage_raw"":121,""id12_voltage_v"":12.100000000000001,""id12_temperature_c"":35,""id12_hardware_error"":0,""id12_moving"":0,""id12_moving_status"":49,""id13_velocity_raw"":0,""id13_velocity_rpm"":0.0,""id13_current_raw"":-14,""id13_current_ma"":-37.66,""id13_pwm_raw"":-11,""id13_pwm_percent"":-1.2429378531073447,""id13_voltage_raw"":120,""id13_voltage_v"":12.0,""id13_temperature_c"":34,""id13_hardware_error"":0,""id13_moving"":0,""id13_moving_status"":49,""id14_velocity_raw"":0,""id14_velocity_rpm"":0.0,""id14_current_raw"":-1,""id14_current_ma"":-2.69,""id14_pwm_raw"":-5,""id14_pwm_percent"":-0.5649717514124294,""id14_voltage_raw"":120,""id14_voltage_v"":12.0,""id14_temperature_c"":33,""id14_hardware_error"":0,""id14_moving"":0,""id14_moving_status"":1},""target_x_mm"":257.0,""target_y_mm"":0.0,""target_z_mm"":0.0}"
2026-09-10T15:50:39.400Z,20260910T154752.561Z-3e1ee303,94,repeatability_touch_sample,telemetry,166.83277240000098,54,1918,2312,3950,623,,168.57421875,203.203125,347.16796875,54.755859375,,0.087890625,23.37890625,-8.701171875,54.755859375,260.52457111049915,-0.39964000031960434,4.46312561416309,260.52457111049915,0.39964000031960434,4.46312561416309,257.0,0.0,0.0,5.701035334973757,"{""elapsed_s"":166.83277240000098,""sample_index"":54,""id11_raw"":1918,""id12_raw"":2312,""id13_raw"":3950,""id14_raw"":623,""id11_deg"":168.57421875,""id12_deg"":203.203125,""id13_deg"":347.16796875,""id14_deg"":54.755859375,""q1_deg"":0.087890625,""q2_deg"":23.37890625,""q3_deg"":-8.701171875,""q4_deg"":54.755859375,""physical_x_mm"":260.52457111049915,""physical_y_mm"":-0.39964000031960434,""physical_z_mm"":4.46312561416309,""internal_x_mm"":260.52457111049915,""internal_y_mm"":0.39964000031960434,""internal_z_mm"":4.46312561416309,""position_error_mm"":5.701035334973757,""robot_timestamp_utc"":""2026-09-10T15:50:39.400+00:00"",""extra"":{""cycle"":2,""point"":""P04"",""touch_index"":6,""touch_sample_index"":2,""id11_velocity_raw"":0,""id11_velocity_rpm"":0.0,""id11_current_raw"":-1,""id11_current_ma"":-2.69,""id11_pwm_raw"":-6,""id11_pwm_percent"":-0.6779661016949152,""id11_voltage_raw"":122,""id11_voltage_v"":12.200000000000001,""id11_temperature_c"":33,""id11_hardware_error"":0,""id11_moving"":0,""id11_moving_status"":1,""id12_velocity_raw"":0,""id12_velocity_rpm"":0.0,""id12_current_raw"":-28,""id12_current_ma"":-75.32,""id12_pwm_raw"":-17,""id12_pwm_percent"":-1.92090395480226,""id12_voltage_raw"":121,""id12_voltage_v"":12.100000000000001,""id12_temperature_c"":34,""id12_hardware_error"":0,""id12_moving"":0,""id12_moving_status"":49,""id13_velocity_raw"":0,""id13_velocity_rpm"":0.0,""id13_current_raw"":-12,""id13_current_ma"":-32.28,""id13_pwm_raw"":-9,""id13_pwm_percent"":-1.0169491525423728,""id13_voltage_raw"":120,""id13_voltage_v"":12.0,""id13_temperature_c"":34,""id13_hardware_error"":0,""id13_moving"":0,""id13_moving_status"":49,""id14_velocity_raw"":0,""id14_velocity_rpm"":0.0,""id14_current_raw"":-1,""id14_current_ma"":-2.69,""id14_pwm_raw"":2,""id14_pwm_percent"":0.22598870056497175,""id14_voltage_raw"":120,""id14_voltage_v"":12.0,""id14_temperature_c"":33,""id14_hardware_error"":0,""id14_moving"":0,""id14_moving_status"":1},""target_x_mm"":257.0,""target_y_mm"":0.0,""target_z_mm"":0.0}"
2026-09-10T15:50:39.477Z,20260910T154752.561Z-3e1ee303,95,repeatability_touch_sample,telemetry,166.9099668000017,55,1918,2313,3951,624,,168.57421875,203.291015625,347.255859375,54.84375,,0.087890625,23.466796875,-8.61328125,54.84375,259.90877972480206,-0.3986953874236775,3.7284433556121144,259.90877972480206,0.3986953874236775,3.7284433556121144,257.0,0.0,0.0,4.745655629665999,"{""elapsed_s"":166.9099668000017,""sample_index"":55,""id11_raw"":1918,""id12_raw"":2313,""id13_raw"":3951,""id14_raw"":624,""id11_deg"":168.57421875,""id12_deg"":203.291015625,""id13_deg"":347.255859375,""id14_deg"":54.84375,""q1_deg"":0.087890625,""q2_deg"":23.466796875,""q3_deg"":-8.61328125,""q4_deg"":54.84375,""physical_x_mm"":259.90877972480206,""physical_y_mm"":-0.3986953874236775,""physical_z_mm"":3.7284433556121144,""internal_x_mm"":259.90877972480206,""internal_y_mm"":0.3986953874236775,""internal_z_mm"":3.7284433556121144,""position_error_mm"":4.745655629665999,""robot_timestamp_utc"":""2026-09-10T15:50:39.477+00:00"",""extra"":{""cycle"":2,""point"":""P04"",""touch_index"":6,""touch_sample_index"":3,""id11_velocity_raw"":0,""id11_velocity_rpm"":0.0,""id11_current_raw"":-2,""id11_current_ma"":-5.38,""id11_pwm_raw"":-6,""id11_pwm_percent"":-0.6779661016949152,""id11_voltage_raw"":122,""id11_voltage_v"":12.200000000000001,""id11_temperature_c"":32,""id11_hardware_error"":0,""id11_moving"":0,""id11_moving_status"":1,""id12_velocity_raw"":0,""id12_velocity_rpm"":0.0,""id12_current_raw"":-23,""id12_current_ma"":-61.87,""id12_pwm_raw"":-16,""id12_pwm_percent"":-1.807909604519774,""id12_voltage_raw"":117,""id12_voltage_v"":11.700000000000001,""id12_temperature_c"":35,""id12_hardware_error"":0,""id12_moving"":0,""id12_moving_status"":49,""id13_velocity_raw"":0,""id13_velocity_rpm"":0.0,""id13_current_raw"":-13,""id13_current_ma"":-34.97,""id13_pwm_raw"":-14,""id13_pwm_percent"":-1.5819209039548023,""id13_voltage_raw"":120,""id13_voltage_v"":12.0,""id13_temperature_c"":34,""id13_hardware_error"":0,""id13_moving"":0,""id13_moving_status"":49,""id14_velocity_raw"":0,""id14_velocity_rpm"":0.0,""id14_current_raw"":-1,""id14_current_ma"":-2.69,""id14_pwm_raw"":2,""id14_pwm_percent"":0.22598870056497175,""id14_voltage_raw"":120,""id14_voltage_v"":12.0,""id14_temperature_c"":34,""id14_hardware_error"":0,""id14_moving"":0,""id14_moving_status"":1},""target_x_mm"":257.0,""target_y_mm"":0.0,""target_z_mm"":0.0}"
2026-09-10T15:50:39.557Z,20260910T154752.561Z-3e1ee303,96,repeatability_touch_sample,telemetry,166.98954220000087,56,1918,2313,3950,624,,168.57421875,203.291015625,347.16796875,54.84375,,0.087890625,23.466796875,-8.701171875,54.84375,260.1856527276327,-0.3991201056238384,3.9969831439059647,260.1856527276327,0.3991201056238384,3.9969831439059647,257.0,0.0,0.0,5.12674891256197,"{""elapsed_s"":166.98954220000087,""sample_index"":56,""id11_raw"":1918,""id12_raw"":2313,""id13_raw"":3950,""id14_raw"":624,""id11_deg"":168.57421875,""id12_deg"":203.291015625,""id13_deg"":347.16796875,""id14_deg"":54.84375,""q1_deg"":0.087890625,""q2_deg"":23.466796875,""q3_deg"":-8.701171875,""q4_deg"":54.84375,""physical_x_mm"":260.1856527276327,""physical_y_mm"":-0.3991201056238384,""physical_z_mm"":3.9969831439059647,""internal_x_mm"":260.1856527276327,""internal_y_mm"":0.3991201056238384,""internal_z_mm"":3.9969831439059647,""position_error_mm"":5.12674891256197,""robot_timestamp_utc"":""2026-09-10T15:50:39.556+00:00"",""extra"":{""cycle"":2,""point"":""P04"",""touch_index"":6,""touch_sample_index"":4,""id11_velocity_raw"":0,""id11_velocity_rpm"":0.0,""id11_current_raw"":-3,""id11_current_ma"":-8.07,""id11_pwm_raw"":-7,""id11_pwm_percent"":-0.7909604519774012,""id11_voltage_raw"":122,""id11_voltage_v"":12.200000000000001,""id11_temperature_c"":32,""id11_hardware_error"":0,""id11_moving"":0,""id11_moving_status"":1,""id12_velocity_raw"":0,""id12_velocity_rpm"":0.0,""id12_current_raw"":-18,""id12_current_ma"":-48.42,""id12_pwm_raw"":-21,""id12_pwm_percent"":-2.3728813559322033,""id12_voltage_raw"":121,""id12_voltage_v"":12.100000000000001,""id12_temperature_c"":35,""id12_hardware_error"":0,""id12_moving"":0,""id12_moving_status"":49,""id13_velocity_raw"":0,""id13_velocity_rpm"":0.0,""id13_current_raw"":-9,""id13_current_ma"":-24.21,""id13_pwm_raw"":-5,""id13_pwm_percent"":-0.5649717514124294,""id13_voltage_raw"":120,""id13_voltage_v"":12.0,""id13_temperature_c"":34,""id13_hardware_error"":0,""id13_moving"":0,""id13_moving_status"":49,""id14_velocity_raw"":0,""id14_velocity_rpm"":0.0,""id14_current_raw"":-1,""id14_current_ma"":-2.69,""id14_pwm_raw"":-3,""id14_pwm_percent"":-0.3389830508474576,""id14_voltage_raw"":120,""id14_voltage_v"":12.0,""id14_temperature_c"":34,""id14_hardware_error"":0,""id14_moving"":0,""id14_moving_status"":1},""target_x_mm"":257.0,""target_y_mm"":0.0,""target_z_mm"":0.0}"
2026-09-10T15:50:39.634Z,20260910T154752.561Z-3e1ee303,97,repeatability_touch_sample,telemetry,167.0672427999998,57,1918,2312,3951,624,,168.57421875,203.203125,347.255859375,54.84375,,0.087890625,23.37890625,-8.61328125,54.84375,260.02011804281193,-0.39886617839842275,4.108816600051483,260.02011804281193,0.39886617839842275,4.108816600051483,257.0,0.0,0.0,5.114937054710151,"{""elapsed_s"":167.0672427999998,""sample_index"":57,""id11_raw"":1918,""id12_raw"":2312,""id13_raw"":3951,""id14_raw"":624,""id11_deg"":168.57421875,""id12_deg"":203.203125,""id13_deg"":347.255859375,""id14_deg"":54.84375,""q1_deg"":0.087890625,""q2_deg"":23.37890625,""q3_deg"":-8.61328125,""q4_deg"":54.84375,""physical_x_mm"":260.02011804281193,""physical_y_mm"":-0.39886617839842275,""physical_z_mm"":4.108816600051483,""internal_x_mm"":260.02011804281193,""internal_y_mm"":0.39886617839842275,""internal_z_mm"":4.108816600051483,""position_error_mm"":5.114937054710151,""robot_timestamp_utc"":""2026-09-10T15:50:39.634+00:00"",""extra"":{""cycle"":2,""point"":""P04"",""touch_index"":6,""touch_sample_index"":5,""id11_velocity_raw"":0,""id11_velocity_rpm"":0.0,""id11_current_raw"":-4,""id11_current_ma"":-10.76,""id11_pwm_raw"":-7,""id11_pwm_percent"":-0.7909604519774012,""id11_voltage_raw"":122,""id11_voltage_v"":12.200000000000001,""id11_temperature_c"":32,""id11_hardware_error"":0,""id11_moving"":0,""id11_moving_status"":1,""id12_velocity_raw"":0,""id12_velocity_rpm"":0.0,""id12_current_raw"":-25,""id12_current_ma"":-67.25,""id12_pwm_raw"":-14,""id12_pwm_percent"":-1.5819209039548023,""id12_voltage_raw"":121,""id12_voltage_v"":12.100000000000001,""id12_temperature_c"":35,""id12_hardware_error"":0,""id12_moving"":0,""id12_moving_status"":49,""id13_velocity_raw"":0,""id13_velocity_rpm"":0.0,""id13_current_raw"":-13,""id13_current_ma"":-34.97,""id13_pwm_raw"":-11,""id13_pwm_percent"":-1.2429378531073447,""id13_voltage_raw"":120,""id13_voltage_v"":12.0,""id13_temperature_c"":34,""id13_hardware_error"":0,""id13_moving"":0,""id13_moving_status"":49,""id14_velocity_raw"":0,""id14_velocity_rpm"":0.0,""id14_current_raw"":-1,""id14_current_ma"":-2.69,""id14_pwm_raw"":-2,""id14_pwm_percent"":-0.22598870056497175,""id14_voltage_raw"":120,""id14_voltage_v"":12.0,""id14_temperature_c"":34,""id14_hardware_error"":0,""id14_moving"":0,""id14_moving_status"":1},""target_x_mm"":257.0,""target_y_mm"":0.0,""target_z_mm"":0.0}"
2026-09-10T15:50:43.351Z,20260910T154752.561Z-3e1ee303,101,repeatability_phase_measured,telemetry,170.7843180000018,58,1917,2172,3951,683,,168.486,190.898,347.256,60.029,,-0.00032812500001000444,11.073781249999996,-8.613140625000028,60.028999999999996,257.3290887207863,0.001473688078905118,51.42790523300434,257.3290887207863,-0.001473688078905118,51.42790523300434,257.0,0.0,50.0,1.465337815094688,"{""elapsed_s"":170.7843180000018,""sample_index"":58,""id11_raw"":1917,""id12_raw"":2172,""id13_raw"":3951,""id14_raw"":683,""id11_deg"":168.486,""id12_deg"":190.898,""id13_deg"":347.256,""id14_deg"":60.029,""q1_deg"":-0.00032812500001000444,""q2_deg"":11.073781249999996,""q3_deg"":-8.613140625000028,""q4_deg"":60.028999999999996,""physical_x_mm"":257.3290887207863,""physical_y_mm"":0.001473688078905118,""physical_z_mm"":51.42790523300434,""internal_x_mm"":257.3290887207863,""internal_y_mm"":-0.001473688078905118,""internal_z_mm"":51.42790523300434,""position_error_mm"":1.465337815094688,""robot_timestamp_utc"":""2026-09-10T15:50:43.351+00:00"",""extra"":{""cycle"":2,""point"":""P04"",""phase"":""RETRACT""},""target_x_mm"":257.0,""target_y_mm"":0.0,""target_z_mm"":50.0}"
2026-09-10T15:50:45.212Z,20260910T154752.561Z-3e1ee303,102,repeatability_return_work,telemetry,172.64462520000234,59,1917,2045,4050,946,,168.486,179.736,355.957,83.145,,-0.00032812500001000444,-0.08821875000001,0.08785937499999363,83.14499999999998,178.7458478504397,0.0010236527337055118,46.972182070285555,178.7458478504397,-0.0010236527337055118,46.972182070285555,179.66816315130788,0.0,47.02348315303158,0.9237415023540896,"{""elapsed_s"":172.64462520000234,""sample_index"":59,""id11_raw"":1917,""id12_raw"":2045,""id13_raw"":4050,""id14_raw"":946,""id11_deg"":168.486,""id12_deg"":179.736,""id13_deg"":355.957,""id14_deg"":83.145,""q1_deg"":-0.00032812500001000444,""q2_deg"":-0.08821875000001,""q3_deg"":0.08785937499999363,""q4_deg"":83.14499999999998,""physical_x_mm"":178.7458478504397,""physical_y_mm"":0.0010236527337055118,""physical_z_mm"":46.972182070285555,""internal_x_mm"":178.7458478504397,""internal_y_mm"":-0.0010236527337055118,""internal_z_mm"":46.972182070285555,""position_error_mm"":0.9237415023540896,""robot_timestamp_utc"":""2026-09-10T15:50:45.211+00:00"",""extra"":{""cycle"":2,""point"":""P04""},""target_x_mm"":179.66816315130788,""target_y_mm"":0.0,""target_z_mm"":47.02348315303158}"
2026-09-10T15:50:47.738Z,20260910T154752.561Z-3e1ee303,105,repeatability_phase_measured,telemetry,175.17087100000208,60,1402,2064,4028,853,,123.223,181.406,354.023,74.971,,-45.26332812499999,1.581781250000006,-1.8461406249999754,74.971,144.55782867500153,145.89273223646973,51.28074577746776,144.55782867500153,-145.89273223646973,51.28074577746776,146.0,145.0,50.0,2.125356140316622,"{""elapsed_s"":175.17087100000208,""sample_index"":60,""id11_raw"":1402,""id12_raw"":2064,""id13_raw"":4028,""id14_raw"":853,""id11_deg"":123.223,""id12_deg"":181.406,""id13_deg"":354.023,""id14_deg"":74.971,""q1_deg"":-45.26332812499999,""q2_deg"":1.581781250000006,""q3_deg"":-1.8461406249999754,""q4_deg"":74.971,""physical_x_mm"":144.55782867500153,""physical_y_mm"":145.89273223646973,""physical_z_mm"":51.28074577746776,""internal_x_mm"":144.55782867500153,""internal_y_mm"":-145.89273223646973,""internal_z_mm"":51.28074577746776,""position_error_mm"":2.125356140316622,""robot_timestamp_utc"":""2026-09-10T15:50:47.738+00:00"",""extra"":{""cycle"":3,""point"":""P02"",""phase"":""APPROACH""},""target_x_mm"":146.0,""target_y_mm"":145.0,""target_z_mm"":50.0}"
2026-09-10T15:50:49.638Z,20260910T154752.561Z-3e1ee303,107,repeatability_touch_sample,telemetry,177.07083110000167,61,1404,2204,4082,739,,123.3984375,193.7109375,358.76953125,64.951171875,,-45.087890625,13.88671875,2.900390625,64.951171875,146.52694524535556,146.97717528055267,2.1325126855757617,146.52694524535556,-146.97717528055267,2.1325126855757617,146.0,145.0,0.0,2.955419384076128,"{""elapsed_s"":177.07083110000167,""sample_index"":61,""id11_raw"":1404,""id12_raw"":2204,""id13_raw"":4082,""id14_raw"":739,""id11_deg"":123.3984375,""id12_deg"":193.7109375,""id13_deg"":358.76953125,""id14_deg"":64.951171875,""q1_deg"":-45.087890625,""q2_deg"":13.88671875,""q3_deg"":2.900390625,""q4_deg"":64.951171875,""physical_x_mm"":146.52694524535556,""physical_y_mm"":146.97717528055267,""physical_z_mm"":2.1325126855757617,""internal_x_mm"":146.52694524535556,""internal_y_mm"":-146.97717528055267,""internal_z_mm"":2.1325126855757617,""position_error_mm"":2.955419384076128,""robot_timestamp_utc"":""2026-09-10T15:50:49.638+00:00"",""extra"":{""cycle"":3,""point"":""P02"",""touch_index"":7,""touch_sample_index"":1,""id11_velocity_raw"":0,""id11_velocity_rpm"":0.0,""id11_current_raw"":0,""id11_current_ma"":0.0,""id11_pwm_raw"":5,""id11_pwm_percent"":0.5649717514124294,""id11_voltage_raw"":122,""id11_voltage_v"":12.200000000000001,""id11_temperature_c"":33,""id11_hardware_error"":0,""id11_moving"":0,""id11_moving_status"":49,""id12_velocity_raw"":0,""id12_velocity_rpm"":0.0,""id12_current_raw"":-36,""id12_current_ma"":-96.84,""id12_pwm_raw"":-24,""id12_pwm_percent"":-2.711864406779661,""id12_voltage_raw"":121,""id12_voltage_v"":12.100000000000001,""id12_temperature_c"":35,""id12_hardware_error"":0,""id12_moving"":0,""id12_moving_status"":49,""id13_velocity_raw"":0,""id13_velocity_rpm"":0.0,""id13_current_raw"":-13,""id13_current_ma"":-34.97,""id13_pwm_raw"":-11,""id13_pwm_percent"":-1.2429378531073447,""id13_voltage_raw"":120,""id13_voltage_v"":12.0,""id13_temperature_c"":32,""id13_hardware_error"":0,""id13_moving"":0,""id13_moving_status"":49,""id14_velocity_raw"":0,""id14_velocity_rpm"":0.0,""id14_current_raw"":-3,""id14_current_ma"":-8.07,""id14_pwm_raw"":-8,""id14_pwm_percent"":-0.903954802259887,""id14_voltage_raw"":120,""id14_voltage_v"":12.0,""id14_temperature_c"":34,""id14_hardware_error"":0,""id14_moving"":0,""id14_moving_status"":1},""target_x_mm"":146.0,""target_y_mm"":145.0,""target_z_mm"":0.0}"
2026-09-10T15:50:49.716Z,20260910T154752.561Z-3e1ee303,108,repeatability_touch_sample,telemetry,177.14877600000182,62,1404,2204,4082,738,,123.3984375,193.7109375,358.76953125,64.86328125,,-45.087890625,13.88671875,2.900390625,64.86328125,146.6970182703203,147.14777088505994,2.1676789664936678,146.6970182703203,-147.14777088505994,2.1676789664936678,146.0,145.0,0.0,3.1301096379600732,"{""elapsed_s"":177.14877600000182,""sample_index"":62,""id11_raw"":1404,""id12_raw"":2204,""id13_raw"":4082,""id14_raw"":738,""id11_deg"":123.3984375,""id12_deg"":193.7109375,""id13_deg"":358.76953125,""id14_deg"":64.86328125,""q1_deg"":-45.087890625,""q2_deg"":13.88671875,""q3_deg"":2.900390625,""q4_deg"":64.86328125,""physical_x_mm"":146.6970182703203,""physical_y_mm"":147.14777088505994,""physical_z_mm"":2.1676789664936678,""internal_x_mm"":146.6970182703203,""internal_y_mm"":-147.14777088505994,""internal_z_mm"":2.1676789664936678,""position_error_mm"":3.1301096379600732,""robot_timestamp_utc"":""2026-09-10T15:50:49.716+00:00"",""extra"":{""cycle"":3,""point"":""P02"",""touch_index"":7,""touch_sample_index"":2,""id11_velocity_raw"":0,""id11_velocity_rpm"":0.0,""id11_current_raw"":0,""id11_current_ma"":0.0,""id11_pwm_raw"":6,""id11_pwm_percent"":0.6779661016949152,""id11_voltage_raw"":122,""id11_voltage_v"":12.200000000000001,""id11_temperature_c"":33,""id11_hardware_error"":0,""id11_moving"":0,""id11_moving_status"":49,""id12_velocity_raw"":0,""id12_velocity_rpm"":0.0,""id12_current_raw"":-35,""id12_current_ma"":-94.14999999999999,""id12_pwm_raw"":-23,""id12_pwm_percent"":-2.598870056497175,""id12_voltage_raw"":121,""id12_voltage_v"":12.100000000000001,""id12_temperature_c"":35,""id12_hardware_error"":0,""id12_moving"":0,""id12_moving_status"":49,""id13_velocity_raw"":0,""id13_velocity_rpm"":0.0,""id13_current_raw"":-14,""id13_current_ma"":-37.66,""id13_pwm_raw"":-10,""id13_pwm_percent"":-1.1299435028248588,""id13_voltage_raw"":120,""id13_voltage_v"":12.0,""id13_temperature_c"":34,""id13_hardware_error"":0,""id13_moving"":0,""id13_moving_status"":49,""id14_velocity_raw"":0,""id14_velocity_rpm"":0.0,""id14_current_raw"":-2,""id14_current_ma"":-5.38,""id14_pwm_raw"":-2,""id14_pwm_percent"":-0.22598870056497175,""id14_voltage_raw"":120,""id14_voltage_v"":12.0,""id14_temperature_c"":34,""id14_hardware_error"":0,""id14_moving"":0,""id14_moving_status"":1},""target_x_mm"":146.0,""target_y_mm"":145.0,""target_z_mm"":0.0}"
2026-09-10T15:50:49.796Z,20260910T154752.561Z-3e1ee303,109,repeatability_touch_sample,telemetry,177.229177600002,63,1404,2204,4082,738,,123.3984375,193.7109375,358.76953125,64.86328125,,-45.087890625,13.88671875,2.900390625,64.86328125,146.6970182703203,147.14777088505994,2.1676789664936678,146.6970182703203,-147.14777088505994,2.1676789664936678,146.0,145.0,0.0,3.1301096379600732,"{""elapsed_s"":177.229177600002,""sample_index"":63,""id11_raw"":1404,""id12_raw"":2204,""id13_raw"":4082,""id14_raw"":738,""id11_deg"":123.3984375,""id12_deg"":193.7109375,""id13_deg"":358.76953125,""id14_deg"":64.86328125,""q1_deg"":-45.087890625,""q2_deg"":13.88671875,""q3_deg"":2.900390625,""q4_deg"":64.86328125,""physical_x_mm"":146.6970182703203,""physical_y_mm"":147.14777088505994,""physical_z_mm"":2.1676789664936678,""internal_x_mm"":146.6970182703203,""internal_y_mm"":-147.14777088505994,""internal_z_mm"":2.1676789664936678,""position_error_mm"":3.1301096379600732,""robot_timestamp_utc"":""2026-09-10T15:50:49.796+00:00"",""extra"":{""cycle"":3,""point"":""P02"",""touch_index"":7,""touch_sample_index"":3,""id11_velocity_raw"":0,""id11_velocity_rpm"":0.0,""id11_current_raw"":0,""id11_current_ma"":0.0,""id11_pwm_raw"":6,""id11_pwm_percent"":0.6779661016949152,""id11_voltage_raw"":122,""id11_voltage_v"":12.200000000000001,""id11_temperature_c"":32,""id11_hardware_error"":0,""id11_moving"":0,""id11_moving_status"":49,""id12_velocity_raw"":0,""id12_velocity_rpm"":0.0,""id12_current_raw"":-37,""id12_current_ma"":-99.53,""id12_pwm_raw"":-22,""id12_pwm_percent"":-2.4858757062146895,""id12_voltage_raw"":121,""id12_voltage_v"":12.100000000000001,""id12_temperature_c"":34,""id12_hardware_error"":0,""id12_moving"":0,""id12_moving_status"":49,""id13_velocity_raw"":0,""id13_velocity_rpm"":0.0,""id13_current_raw"":-14,""id13_current_ma"":-37.66,""id13_pwm_raw"":-10,""id13_pwm_percent"":-1.1299435028248588,""id13_voltage_raw"":120,""id13_voltage_v"":12.0,""id13_temperature_c"":34,""id13_hardware_error"":0,""id13_moving"":0,""id13_moving_status"":49,""id14_velocity_raw"":0,""id14_velocity_rpm"":0.0,""id14_current_raw"":-3,""id14_current_ma"":-8.07,""id14_pwm_raw"":-8,""id14_pwm_percent"":-0.903954802259887,""id14_voltage_raw"":120,""id14_voltage_v"":12.0,""id14_temperature_c"":34,""id14_hardware_error"":0,""id14_moving"":0,""id14_moving_status"":1},""target_x_mm"":146.0,""target_y_mm"":145.0,""target_z_mm"":0.0}"
2026-09-10T15:50:49.876Z,20260910T154752.561Z-3e1ee303,110,repeatability_touch_sample,telemetry,177.30933890000233,64,1405,2204,4083,738,,123.486328125,193.7109375,358.857421875,64.86328125,,-45.0,13.88671875,2.98828125,64.86328125,146.71328798071684,146.71328798071684,1.9504473235725754,146.71328798071684,-146.71328798071684,1.9504473235725754,146.0,145.0,0.0,2.6922815993753937,"{""elapsed_s"":177.30933890000233,""sample_index"":64,""id11_raw"":1405,""id12_raw"":2204,""id13_raw"":4083,""id14_raw"":738,""id11_deg"":123.486328125,""id12_deg"":193.7109375,""id13_deg"":358.857421875,""id14_deg"":64.86328125,""q1_deg"":-45.0,""q2_deg"":13.88671875,""q3_deg"":2.98828125,""q4_deg"":64.86328125,""physical_x_mm"":146.71328798071684,""physical_y_mm"":146.71328798071684,""physical_z_mm"":1.9504473235725754,""internal_x_mm"":146.71328798071684,""internal_y_mm"":-146.71328798071684,""internal_z_mm"":1.9504473235725754,""position_error_mm"":2.6922815993753937,""robot_timestamp_utc"":""2026-09-10T15:50:49.876+00:00"",""extra"":{""cycle"":3,""point"":""P02"",""touch_index"":7,""touch_sample_index"":4,""id11_velocity_raw"":0,""id11_velocity_rpm"":0.0,""id11_current_raw"":0,""id11_current_ma"":0.0,""id11_pwm_raw"":1,""id11_pwm_percent"":0.11299435028248588,""id11_voltage_raw"":122,""id11_voltage_v"":12.200000000000001,""id11_temperature_c"":32,""id11_hardware_error"":0,""id11_moving"":0,""id11_moving_status"":49,""id12_velocity_raw"":0,""id12_velocity_rpm"":0.0,""id12_current_raw"":-33,""id12_current_ma"":-88.77,""id12_pwm_raw"":-21,""id12_pwm_percent"":-2.3728813559322033,""id12_voltage_raw"":121,""id12_voltage_v"":12.100000000000001,""id12_temperature_c"":35,""id12_hardware_error"":0,""id12_moving"":0,""id12_moving_status"":49,""id13_velocity_raw"":0,""id13_velocity_rpm"":0.0,""id13_current_raw"":-14,""id13_current_ma"":-37.66,""id13_pwm_raw"":-9,""id13_pwm_percent"":-1.0169491525423728,""id13_voltage_raw"":120,""id13_voltage_v"":12.0,""id13_temperature_c"":35,""id13_hardware_error"":0,""id13_moving"":0,""id13_moving_status"":49,""id14_velocity_raw"":0,""id14_velocity_rpm"":0.0,""id14_current_raw"":-1,""id14_current_ma"":-2.69,""id14_pwm_raw"":-1,""id14_pwm_percent"":-0.11299435028248588,""id14_voltage_raw"":120,""id14_voltage_v"":12.0,""id14_temperature_c"":34,""id14_hardware_error"":0,""id14_moving"":0,""id14_moving_status"":1},""target_x_mm"":146.0,""target_y_mm"":145.0,""target_z_mm"":0.0}"
2026-09-10T15:50:49.952Z,20260910T154752.561Z-3e1ee303,111,repeatability_touch_sample,telemetry,177.38464640000166,65,1405,2204,4082,738,,123.486328125,193.7109375,358.76953125,64.86328125,,-45.0,13.88671875,2.900390625,64.86328125,146.9225674391868,146.9225674391868,2.1676789664936678,146.9225674391868,-146.9225674391868,2.1676789664936678,146.0,145.0,0.0,3.0407611448201575,"{""elapsed_s"":177.38464640000166,""sample_index"":65,""id11_raw"":1405,""id12_raw"":2204,""id13_raw"":4082,""id14_raw"":738,""id11_deg"":123.486328125,""id12_deg"":193.7109375,""id13_deg"":358.76953125,""id14_deg"":64.86328125,""q1_deg"":-45.0,""q2_deg"":13.88671875,""q3_deg"":2.900390625,""q4_deg"":64.86328125,""physical_x_mm"":146.9225674391868,""physical_y_mm"":146.9225674391868,""physical_z_mm"":2.1676789664936678,""internal_x_mm"":146.9225674391868,""internal_y_mm"":-146.9225674391868,""internal_z_mm"":2.1676789664936678,""position_error_mm"":3.0407611448201575,""robot_timestamp_utc"":""2026-09-10T15:50:49.951+00:00"",""extra"":{""cycle"":3,""point"":""P02"",""touch_index"":7,""touch_sample_index"":5,""id11_velocity_raw"":0,""id11_velocity_rpm"":0.0,""id11_current_raw"":0,""id11_current_ma"":0.0,""id11_pwm_raw"":1,""id11_pwm_percent"":0.11299435028248588,""id11_voltage_raw"":122,""id11_voltage_v"":12.200000000000001,""id11_temperature_c"":32,""id11_hardware_error"":0,""id11_moving"":0,""id11_moving_status"":49,""id12_velocity_raw"":0,""id12_velocity_rpm"":0.0,""id12_current_raw"":-41,""id12_current_ma"":-110.28999999999999,""id12_pwm_raw"":-20,""id12_pwm_percent"":-2.2598870056497176,""id12_voltage_raw"":121,""id12_voltage_v"":12.100000000000001,""id12_temperature_c"":35,""id12_hardware_error"":0,""id12_moving"":0,""id12_moving_status"":49,""id13_velocity_raw"":0,""id13_velocity_rpm"":0.0,""id13_current_raw"":-13,""id13_current_ma"":-34.97,""id13_pwm_raw"":-8,""id13_pwm_percent"":-0.903954802259887,""id13_voltage_raw"":120,""id13_voltage_v"":12.0,""id13_temperature_c"":34,""id13_hardware_error"":0,""id13_moving"":0,""id13_moving_status"":49,""id14_velocity_raw"":0,""id14_velocity_rpm"":0.0,""id14_current_raw"":-1,""id14_current_ma"":-2.69,""id14_pwm_raw"":-1,""id14_pwm_percent"":-0.11299435028248588,""id14_voltage_raw"":120,""id14_voltage_v"":12.0,""id14_temperature_c"":34,""id14_hardware_error"":0,""id14_moving"":0,""id14_moving_status"":1},""target_x_mm"":146.0,""target_y_mm"":145.0,""target_z_mm"":0.0}"
2026-09-10T15:50:51.795Z,20260910T154752.561Z-3e1ee303,114,repeatability_phase_measured,telemetry,179.2283903000025,66,1406,2075,4029,853,,123.574,182.373,354.111,74.971,,-44.91232812499999,2.5487812499999905,-1.75814062500001,74.971,144.9589060989649,144.5159620552769,47.77015803272147,144.9589060989649,-144.5159620552769,47.77015803272147,146.0,145.0,50.0,2.508059895963583,"{""elapsed_s"":179.2283903000025,""sample_index"":66,""id11_raw"":1406,""id12_raw"":2075,""id13_raw"":4029,""id14_raw"":853,""id11_deg"":123.574,""id12_deg"":182.373,""id13_deg"":354.111,""id14_deg"":74.971,""q1_deg"":-44.91232812499999,""q2_deg"":2.5487812499999905,""q3_deg"":-1.75814062500001,""q4_deg"":74.971,""physical_x_mm"":144.9589060989649,""physical_y_mm"":144.5159620552769,""physical_z_mm"":47.77015803272147,""internal_x_mm"":144.9589060989649,""internal_y_mm"":-144.5159620552769,""internal_z_mm"":47.77015803272147,""position_error_mm"":2.508059895963583,""robot_timestamp_utc"":""2026-09-10T15:50:51.795+00:00"",""extra"":{""cycle"":3,""point"":""P02"",""phase"":""RETRACT""},""target_x_mm"":146.0,""target_y_mm"":145.0,""target_z_mm"":50.0}"
2026-09-10T15:50:54.137Z,20260910T154752.561Z-3e1ee303,115,repeatability_return_work,telemetry,181.5701396000004,67,1924,2047,4046,943,,169.102,179.912,355.605,82.881,,0.6156718750000039,0.08778125000000614,-0.2641406249999818,82.88099999999997,180.33748136069556,-1.9378912332262272,47.42947709949192,180.33748136069556,1.9378912332262272,47.42947709949192,179.66816315130788,0.0,47.02348315303158,2.0900335838917625,"{""elapsed_s"":181.5701396000004,""sample_index"":67,""id11_raw"":1924,""id12_raw"":2047,""id13_raw"":4046,""id14_raw"":943,""id11_deg"":169.102,""id12_deg"":179.912,""id13_deg"":355.605,""id14_deg"":82.881,""q1_deg"":0.6156718750000039,""q2_deg"":0.08778125000000614,""q3_deg"":-0.2641406249999818,""q4_deg"":82.88099999999997,""physical_x_mm"":180.33748136069556,""physical_y_mm"":-1.9378912332262272,""physical_z_mm"":47.42947709949192,""internal_x_mm"":180.33748136069556,""internal_y_mm"":1.9378912332262272,""internal_z_mm"":47.42947709949192,""position_error_mm"":2.0900335838917625,""robot_timestamp_utc"":""2026-09-10T15:50:54.137+00:00"",""extra"":{""cycle"":3,""point"":""P02""},""target_x_mm"":179.66816315130788,""target_y_mm"":0.0,""target_z_mm"":47.02348315303158}"
2026-09-10T15:50:56.247Z,20260910T154752.561Z-3e1ee303,118,repeatability_phase_measured,telemetry,183.6801316000019,68,1579,2277,3870,565,,138.779,200.127,340.137,49.658,,-29.707328125000004,20.30278125000001,-15.732140625,49.658000000000015,256.4852279675418,146.34007150119297,49.576532780830945,256.4852279675418,-146.34007150119297,49.576532780830945,257.0,145.0,50.0,1.4966984864766517,"{""elapsed_s"":183.6801316000019,""sample_index"":68,""id11_raw"":1579,""id12_raw"":2277,""id13_raw"":3870,""id14_raw"":565,""id11_deg"":138.779,""id12_deg"":200.127,""id13_deg"":340.137,""id14_deg"":49.658,""q1_deg"":-29.707328125000004,""q2_deg"":20.30278125000001,""q3_deg"":-15.732140625,""q4_deg"":49.658000000000015,""physical_x_mm"":256.4852279675418,""physical_y_mm"":146.34007150119297,""physical_z_mm"":49.576532780830945,""internal_x_mm"":256.4852279675418,""internal_y_mm"":-146.34007150119297,""internal_z_mm"":49.576532780830945,""position_error_mm"":1.4966984864766517,""robot_timestamp_utc"":""2026-09-10T15:50:56.247+00:00"",""extra"":{""cycle"":3,""point"":""P03"",""phase"":""APPROACH""},""target_x_mm"":257.0,""target_y_mm"":145.0,""target_z_mm"":50.0}"
2026-09-10T15:50:58.721Z,20260910T154752.561Z-3e1ee303,120,repeatability_touch_sample,telemetry,186.15352350000103,69,1580,2398,3868,509,,138.8671875,210.76171875,339.9609375,44.736328125,,-29.619140625,30.9375,-15.908203125,44.736328125,259.1129447097701,147.31115661723788,4.683502476423797,259.1129447097701,-147.31115661723788,4.683502476423797,257.0,145.0,0.0,5.633930750605274,"{""elapsed_s"":186.15352350000103,""sample_index"":69,""id11_raw"":1580,""id12_raw"":2398,""id13_raw"":3868,""id14_raw"":509,""id11_deg"":138.8671875,""id12_deg"":210.76171875,""id13_deg"":339.9609375,""id14_deg"":44.736328125,""q1_deg"":-29.619140625,""q2_deg"":30.9375,""q3_deg"":-15.908203125,""q4_deg"":44.736328125,""physical_x_mm"":259.1129447097701,""physical_y_mm"":147.31115661723788,""physical_z_mm"":4.683502476423797,""internal_x_mm"":259.1129447097701,""internal_y_mm"":-147.31115661723788,""internal_z_mm"":4.683502476423797,""position_error_mm"":5.633930750605274,""robot_timestamp_utc"":""2026-09-10T15:50:58.720+00:00"",""extra"":{""cycle"":3,""point"":""P03"",""touch_index"":8,""touch_sample_index"":1,""id11_velocity_raw"":0,""id11_velocity_rpm"":0.0,""id11_current_raw"":15,""id11_current_ma"":40.35,""id11_pwm_raw"":13,""id11_pwm_percent"":1.4689265536723164,""id11_voltage_raw"":122,""id11_voltage_v"":12.200000000000001,""id11_temperature_c"":33,""id11_hardware_error"":0,""id11_moving"":0,""id11_moving_status"":49,""id12_velocity_raw"":0,""id12_velocity_rpm"":0.0,""id12_current_raw"":-18,""id12_current_ma"":-48.42,""id12_pwm_raw"":-10,""id12_pwm_percent"":-1.1299435028248588,""id12_voltage_raw"":119,""id12_voltage_v"":11.9,""id12_temperature_c"":35,""id12_hardware_error"":0,""id12_moving"":0,""id12_moving_status"":49,""id13_velocity_raw"":0,""id13_velocity_rpm"":0.0,""id13_current_raw"":-6,""id13_current_ma"":-16.14,""id13_pwm_raw"":-6,""id13_pwm_percent"":-0.6779661016949152,""id13_voltage_raw"":119,""id13_voltage_v"":11.9,""id13_temperature_c"":34,""id13_hardware_error"":0,""id13_moving"":0,""id13_moving_status"":49,""id14_velocity_raw"":0,""id14_velocity_rpm"":0.0,""id14_current_raw"":0,""id14_current_ma"":0.0,""id14_pwm_raw"":3,""id14_pwm_percent"":0.3389830508474576,""id14_voltage_raw"":121,""id14_voltage_v"":12.100000000000001,""id14_temperature_c"":33,""id14_hardware_error"":0,""id14_moving"":0,""id14_moving_status"":1},""target_x_mm"":257.0,""target_y_mm"":145.0,""target_z_mm"":0.0}"
2026-09-10T15:50:58.799Z,20260910T154752.561Z-3e1ee303,121,repeatability_touch_sample,telemetry,186.23248720000265,70,1580,2398,3869,508,,138.8671875,210.76171875,340.048828125,44.6484375,,-29.619140625,30.9375,-15.8203125,44.6484375,259.06994267318356,147.2867090553704,4.49983333140753,259.06994267318356,-147.2867090553704,4.49983333140753,257.0,145.0,0.0,5.455474405093065,"{""elapsed_s"":186.23248720000265,""sample_index"":70,""id11_raw"":1580,""id12_raw"":2398,""id13_raw"":3869,""id14_raw"":508,""id11_deg"":138.8671875,""id12_deg"":210.76171875,""id13_deg"":340.048828125,""id14_deg"":44.6484375,""q1_deg"":-29.619140625,""q2_deg"":30.9375,""q3_deg"":-15.8203125,""q4_deg"":44.6484375,""physical_x_mm"":259.06994267318356,""physical_y_mm"":147.2867090553704,""physical_z_mm"":4.49983333140753,""internal_x_mm"":259.06994267318356,""internal_y_mm"":-147.2867090553704,""internal_z_mm"":4.49983333140753,""position_error_mm"":5.455474405093065,""robot_timestamp_utc"":""2026-09-10T15:50:58.799+00:00"",""extra"":{""cycle"":3,""point"":""P03"",""touch_index"":8,""touch_sample_index"":2,""id11_velocity_raw"":0,""id11_velocity_rpm"":0.0,""id11_current_raw"":15,""id11_current_ma"":40.35,""id11_pwm_raw"":13,""id11_pwm_percent"":1.4689265536723164,""id11_voltage_raw"":122,""id11_voltage_v"":12.200000000000001,""id11_temperature_c"":32,""id11_hardware_error"":0,""id11_moving"":0,""id11_moving_status"":49,""id12_velocity_raw"":0,""id12_velocity_rpm"":0.0,""id12_current_raw"":-17,""id12_current_ma"":-45.73,""id12_pwm_raw"":-9,""id12_pwm_percent"":-1.0169491525423728,""id12_voltage_raw"":121,""id12_voltage_v"":12.100000000000001,""id12_temperature_c"":35,""id12_hardware_error"":0,""id12_moving"":0,""id12_moving_status"":49,""id13_velocity_raw"":0,""id13_velocity_rpm"":0.0,""id13_current_raw"":-12,""id13_current_ma"":-32.28,""id13_pwm_raw"":-11,""id13_pwm_percent"":-1.2429378531073447,""id13_voltage_raw"":120,""id13_voltage_v"":12.0,""id13_temperature_c"":34,""id13_hardware_error"":0,""id13_moving"":0,""id13_moving_status"":49,""id14_velocity_raw"":0,""id14_velocity_rpm"":0.0,""id14_current_raw"":10,""id14_current_ma"":26.9,""id14_pwm_raw"":4,""id14_pwm_percent"":0.4519774011299435,""id14_voltage_raw"":121,""id14_voltage_v"":12.100000000000001,""id14_temperature_c"":33,""id14_hardware_error"":0,""id14_moving"":0,""id14_moving_status"":1},""target_x_mm"":257.0,""target_y_mm"":145.0,""target_z_mm"":0.0}"
2026-09-10T15:50:58.877Z,20260910T154752.561Z-3e1ee303,122,repeatability_touch_sample,telemetry,186.30982380000205,71,1580,2399,3869,509,,138.8671875,210.849609375,340.048828125,44.736328125,,-29.619140625,31.025390625,-15.8203125,44.736328125,258.7905463590069,147.12786637677686,3.9390842228763745,258.7905463590069,-147.12786637677686,3.9390842228763745,257.0,145.0,0.0,4.821851936350175,"{""elapsed_s"":186.30982380000205,""sample_index"":71,""id11_raw"":1580,""id12_raw"":2399,""id13_raw"":3869,""id14_raw"":509,""id11_deg"":138.8671875,""id12_deg"":210.849609375,""id13_deg"":340.048828125,""id14_deg"":44.736328125,""q1_deg"":-29.619140625,""q2_deg"":31.025390625,""q3_deg"":-15.8203125,""q4_deg"":44.736328125,""physical_x_mm"":258.7905463590069,""physical_y_mm"":147.12786637677686,""physical_z_mm"":3.9390842228763745,""internal_x_mm"":258.7905463590069,""internal_y_mm"":-147.12786637677686,""internal_z_mm"":3.9390842228763745,""position_error_mm"":4.821851936350175,""robot_timestamp_utc"":""2026-09-10T15:50:58.877+00:00"",""extra"":{""cycle"":3,""point"":""P03"",""touch_index"":8,""touch_sample_index"":3,""id11_velocity_raw"":0,""id11_velocity_rpm"":0.0,""id11_current_raw"":16,""id11_current_ma"":43.04,""id11_pwm_raw"":14,""id11_pwm_percent"":1.5819209039548023,""id11_voltage_raw"":121,""id11_voltage_v"":12.100000000000001,""id11_temperature_c"":33,""id11_hardware_error"":0,""id11_moving"":0,""id11_moving_status"":49,""id12_velocity_raw"":0,""id12_velocity_rpm"":0.0,""id12_current_raw"":-13,""id12_current_ma"":-34.97,""id12_pwm_raw"":-8,""id12_pwm_percent"":-0.903954802259887,""id12_voltage_raw"":118,""id12_voltage_v"":11.8,""id12_temperature_c"":34,""id12_hardware_error"":0,""id12_moving"":0,""id12_moving_status"":49,""id13_velocity_raw"":0,""id13_velocity_rpm"":0.0,""id13_current_raw"":-9,""id13_current_ma"":-24.21,""id13_pwm_raw"":-9,""id13_pwm_percent"":-1.0169491525423728,""id13_voltage_raw"":119,""id13_voltage_v"":11.9,""id13_temperature_c"":35,""id13_hardware_error"":0,""id13_moving"":0,""id13_moving_status"":49,""id14_velocity_raw"":0,""id14_velocity_rpm"":0.0,""id14_current_raw"":7,""id14_current_ma"":18.83,""id14_pwm_raw"":4,""id14_pwm_percent"":0.4519774011299435,""id14_voltage_raw"":121,""id14_voltage_v"":12.100000000000001,""id14_temperature_c"":34,""id14_hardware_error"":0,""id14_moving"":0,""id14_moving_status"":1},""target_x_mm"":257.0,""target_y_mm"":145.0,""target_z_mm"":0.0}"
2026-09-10T15:50:58.952Z,20260910T154752.561Z-3e1ee303,123,repeatability_touch_sample,telemetry,186.38543539999955,72,1580,2399,3869,508,,138.8671875,210.849609375,340.048828125,44.6484375,,-29.619140625,31.025390625,-15.8203125,44.6484375,258.9736354108724,147.2319563519978,4.061182697711018,258.9736354108724,-147.2319563519978,4.061182697711018,257.0,145.0,0.0,5.036871131611394,"{""elapsed_s"":186.38543539999955,""sample_index"":72,""id11_raw"":1580,""id12_raw"":2399,""id13_raw"":3869,""id14_raw"":508,""id11_deg"":138.8671875,""id12_deg"":210.849609375,""id13_deg"":340.048828125,""id14_deg"":44.6484375,""q1_deg"":-29.619140625,""q2_deg"":31.025390625,""q3_deg"":-15.8203125,""q4_deg"":44.6484375,""physical_x_mm"":258.9736354108724,""physical_y_mm"":147.2319563519978,""physical_z_mm"":4.061182697711018,""internal_x_mm"":258.9736354108724,""internal_y_mm"":-147.2319563519978,""internal_z_mm"":4.061182697711018,""position_error_mm"":5.036871131611394,""robot_timestamp_utc"":""2026-09-10T15:50:58.952+00:00"",""extra"":{""cycle"":3,""point"":""P03"",""touch_index"":8,""touch_sample_index"":4,""id11_velocity_raw"":0,""id11_velocity_rpm"":0.0,""id11_current_raw"":16,""id11_current_ma"":43.04,""id11_pwm_raw"":14,""id11_pwm_percent"":1.5819209039548023,""id11_voltage_raw"":122,""id11_voltage_v"":12.200000000000001,""id11_temperature_c"":33,""id11_hardware_error"":0,""id11_moving"":0,""id11_moving_status"":49,""id12_velocity_raw"":0,""id12_velocity_rpm"":0.0,""id12_current_raw"":-17,""id12_current_ma"":-45.73,""id12_pwm_raw"":-14,""id12_pwm_percent"":-1.5819209039548023,""id12_voltage_raw"":121,""id12_voltage_v"":12.100000000000001,""id12_temperature_c"":35,""id12_hardware_error"":0,""id12_moving"":0,""id12_moving_status"":49,""id13_velocity_raw"":0,""id13_velocity_rpm"":0.0,""id13_current_raw"":-11,""id13_current_ma"":-29.59,""id13_pwm_raw"":-2,""id13_pwm_percent"":-0.22598870056497175,""id13_voltage_raw"":119,""id13_voltage_v"":11.9,""id13_temperature_c"":35,""id13_hardware_error"":0,""id13_moving"":0,""id13_moving_status"":49,""id14_velocity_raw"":0,""id14_velocity_rpm"":0.0,""id14_current_raw"":3,""id14_current_ma"":8.07,""id14_pwm_raw"":12,""id14_pwm_percent"":1.3559322033898304,""id14_voltage_raw"":121,""id14_voltage_v"":12.100000000000001,""id14_temperature_c"":34,""id14_hardware_error"":0,""id14_moving"":0,""id14_moving_status"":1},""target_x_mm"":257.0,""target_y_mm"":145.0,""target_z_mm"":0.0}"
2026-09-10T15:50:59.035Z,20260910T154752.561Z-3e1ee303,124,repeatability_touch_sample,telemetry,186.46761210000113,73,1580,2399,3869,509,,138.8671875,210.849609375,340.048828125,44.736328125,,-29.619140625,31.025390625,-15.8203125,44.736328125,258.7905463590069,147.12786637677686,3.9390842228763745,258.7905463590069,-147.12786637677686,3.9390842228763745,257.0,145.0,0.0,4.821851936350175,"{""elapsed_s"":186.46761210000113,""sample_index"":73,""id11_raw"":1580,""id12_raw"":2399,""id13_raw"":3869,""id14_raw"":509,""id11_deg"":138.8671875,""id12_deg"":210.849609375,""id13_deg"":340.048828125,""id14_deg"":44.736328125,""q1_deg"":-29.619140625,""q2_deg"":31.025390625,""q3_deg"":-15.8203125,""q4_deg"":44.736328125,""physical_x_mm"":258.7905463590069,""physical_y_mm"":147.12786637677686,""physical_z_mm"":3.9390842228763745,""internal_x_mm"":258.7905463590069,""internal_y_mm"":-147.12786637677686,""internal_z_mm"":3.9390842228763745,""position_error_mm"":4.821851936350175,""robot_timestamp_utc"":""2026-09-10T15:50:59.034+00:00"",""extra"":{""cycle"":3,""point"":""P03"",""touch_index"":8,""touch_sample_index"":5,""id11_velocity_raw"":0,""id11_velocity_rpm"":0.0,""id11_current_raw"":16,""id11_current_ma"":43.04,""id11_pwm_raw"":15,""id11_pwm_percent"":1.694915254237288,""id11_voltage_raw"":122,""id11_voltage_v"":12.200000000000001,""id11_temperature_c"":32,""id11_hardware_error"":0,""id11_moving"":0,""id11_moving_status"":49,""id12_velocity_raw"":0,""id12_velocity_rpm"":0.0,""id12_current_raw"":-16,""id12_current_ma"":-43.04,""id12_pwm_raw"":-13,""id12_pwm_percent"":-1.4689265536723164,""id12_voltage_raw"":121,""id12_voltage_v"":12.100000000000001,""id12_temperature_c"":35,""id12_hardware_error"":0,""id12_moving"":0,""id12_moving_status"":49,""id13_velocity_raw"":0,""id13_velocity_rpm"":0.0,""id13_current_raw"":-6,""id13_current_ma"":-16.14,""id13_pwm_raw"":-6,""id13_pwm_percent"":-0.6779661016949152,""id13_voltage_raw"":119,""id13_voltage_v"":11.9,""id13_temperature_c"":35,""id13_hardware_error"":0,""id13_moving"":0,""id13_moving_status"":49,""id14_velocity_raw"":0,""id14_velocity_rpm"":0.0,""id14_current_raw"":5,""id14_current_ma"":13.45,""id14_pwm_raw"":6,""id14_pwm_percent"":0.6779661016949152,""id14_voltage_raw"":120,""id14_voltage_v"":12.0,""id14_temperature_c"":33,""id14_hardware_error"":0,""id14_moving"":0,""id14_moving_status"":1},""target_x_mm"":257.0,""target_y_mm"":145.0,""target_z_mm"":0.0}"
2026-09-10T15:51:03.216Z,20260910T154752.561Z-3e1ee303,128,repeatability_phase_measured,telemetry,190.64856590000272,74,1583,2271,3868,570,,139.131,199.6,339.961,50.098,,-29.355328125,19.775781249999994,-15.908140624999987,50.09800000000001,257.0931949747319,144.60059587126034,52.13183185109341,257.0931949747319,-144.60059587126034,52.13183185109341,257.0,145.0,50.0,2.1709251490334522,"{""elapsed_s"":190.64856590000272,""sample_index"":74,""id11_raw"":1583,""id12_raw"":2271,""id13_raw"":3868,""id14_raw"":570,""id11_deg"":139.131,""id12_deg"":199.6,""id13_deg"":339.961,""id14_deg"":50.098,""q1_deg"":-29.355328125,""q2_deg"":19.775781249999994,""q3_deg"":-15.908140624999987,""q4_deg"":50.09800000000001,""physical_x_mm"":257.0931949747319,""physical_y_mm"":144.60059587126034,""physical_z_mm"":52.13183185109341,""internal_x_mm"":257.0931949747319,""internal_y_mm"":-144.60059587126034,""internal_z_mm"":52.13183185109341,""position_error_mm"":2.1709251490334522,""robot_timestamp_utc"":""2026-09-10T15:51:03.216+00:00"",""extra"":{""cycle"":3,""point"":""P03"",""phase"":""RETRACT""},""target_x_mm"":257.0,""target_y_mm"":145.0,""target_z_mm"":50.0}"
2026-09-10T15:51:05.296Z,20260910T154752.561Z-3e1ee303,129,repeatability_return_work,telemetry,192.72854540000117,75,1922,2039,4048,947,,168.926,179.209,355.781,83.232,,0.4396718749999877,-0.6152187499999968,-0.08814062499999409,83.23199999999997,179.24546306271887,-1.3755068253840728,48.919861885626375,179.24546306271887,1.3755068253840728,48.919861885626375,179.66816315130788,0.0,47.02348315303158,2.3805349585774156,"{""elapsed_s"":192.72854540000117,""sample_index"":75,""id11_raw"":1922,""id12_raw"":2039,""id13_raw"":4048,""id14_raw"":947,""id11_deg"":168.926,""id12_deg"":179.209,""id13_deg"":355.781,""id14_deg"":83.232,""q1_deg"":0.4396718749999877,""q2_deg"":-0.6152187499999968,""q3_deg"":-0.08814062499999409,""q4_deg"":83.23199999999997,""physical_x_mm"":179.24546306271887,""physical_y_mm"":-1.3755068253840728,""physical_z_mm"":48.919861885626375,""internal_x_mm"":179.24546306271887,""internal_y_mm"":1.3755068253840728,""internal_z_mm"":48.919861885626375,""position_error_mm"":2.3805349585774156,""robot_timestamp_utc"":""2026-09-10T15:51:05.295+00:00"",""extra"":{""cycle"":3,""point"":""P03""},""target_x_mm"":179.66816315130788,""target_y_mm"":0.0,""target_z_mm"":47.02348315303158}"
2026-09-10T15:51:07.216Z,20260910T154752.561Z-3e1ee303,132,repeatability_phase_measured,telemetry,194.6486799000013,76,1919,2168,3957,682,,168.662,190.547,347.783,59.941,,0.17567187500000614,10.722781249999997,-8.086140624999985,59.941,256.352474806816,-0.7859926404688062,51.22758809036225,256.352474806816,0.7859926404688062,51.22758809036225,257.0,0.0,50.0,1.5950065286005273,"{""elapsed_s"":194.6486799000013,""sample_index"":76,""id11_raw"":1919,""id12_raw"":2168,""id13_raw"":3957,""id14_raw"":682,""id11_deg"":168.662,""id12_deg"":190.547,""id13_deg"":347.783,""id14_deg"":59.941,""q1_deg"":0.17567187500000614,""q2_deg"":10.722781249999997,""q3_deg"":-8.086140624999985,""q4_deg"":59.941,""physical_x_mm"":256.352474806816,""physical_y_mm"":-0.7859926404688062,""physical_z_mm"":51.22758809036225,""internal_x_mm"":256.352474806816,""internal_y_mm"":0.7859926404688062,""internal_z_mm"":51.22758809036225,""position_error_mm"":1.5950065286005273,""robot_timestamp_utc"":""2026-09-10T15:51:07.216+00:00"",""extra"":{""cycle"":3,""point"":""P04"",""phase"":""APPROACH""},""target_x_mm"":257.0,""target_y_mm"":0.0,""target_z_mm"":50.0}"
2026-09-10T15:51:09.148Z,20260910T154752.561Z-3e1ee303,134,repeatability_touch_sample,telemetry,196.58057410000038,77,1918,2312,3950,624,,168.57421875,203.203125,347.16796875,54.84375,,0.087890625,23.37890625,-8.701171875,54.84375,260.29657878565837,-0.3992902641991921,4.377780790595494,260.29657878565837,0.3992902641991921,4.377780790595494,257.0,0.0,0.0,5.494709187540682,"{""elapsed_s"":196.58057410000038,""sample_index"":77,""id11_raw"":1918,""id12_raw"":2312,""id13_raw"":3950,""id14_raw"":624,""id11_deg"":168.57421875,""id12_deg"":203.203125,""id13_deg"":347.16796875,""id14_deg"":54.84375,""q1_deg"":0.087890625,""q2_deg"":23.37890625,""q3_deg"":-8.701171875,""q4_deg"":54.84375,""physical_x_mm"":260.29657878565837,""physical_y_mm"":-0.3992902641991921,""physical_z_mm"":4.377780790595494,""internal_x_mm"":260.29657878565837,""internal_y_mm"":0.3992902641991921,""internal_z_mm"":4.377780790595494,""position_error_mm"":5.494709187540682,""robot_timestamp_utc"":""2026-09-10T15:51:09.147+00:00"",""extra"":{""cycle"":3,""point"":""P04"",""touch_index"":9,""touch_sample_index"":1,""id11_velocity_raw"":0,""id11_velocity_rpm"":0.0,""id11_current_raw"":-1,""id11_current_ma"":-2.69,""id11_pwm_raw"":-6,""id11_pwm_percent"":-0.6779661016949152,""id11_voltage_raw"":122,""id11_voltage_v"":12.200000000000001,""id11_temperature_c"":32,""id11_hardware_error"":0,""id11_moving"":0,""id11_moving_status"":1,""id12_velocity_raw"":0,""id12_velocity_rpm"":0.0,""id12_current_raw"":-33,""id12_current_ma"":-88.77,""id12_pwm_raw"":-18,""id12_pwm_percent"":-2.0338983050847457,""id12_voltage_raw"":121,""id12_voltage_v"":12.100000000000001,""id12_temperature_c"":35,""id12_hardware_error"":0,""id12_moving"":0,""id12_moving_status"":49,""id13_velocity_raw"":0,""id13_velocity_rpm"":0.0,""id13_current_raw"":-13,""id13_current_ma"":-34.97,""id13_pwm_raw"":-10,""id13_pwm_percent"":-1.1299435028248588,""id13_voltage_raw"":120,""id13_voltage_v"":12.0,""id13_temperature_c"":34,""id13_hardware_error"":0,""id13_moving"":0,""id13_moving_status"":49,""id14_velocity_raw"":0,""id14_velocity_rpm"":0.0,""id14_current_raw"":-2,""id14_current_ma"":-5.38,""id14_pwm_raw"":-5,""id14_pwm_percent"":-0.5649717514124294,""id14_voltage_raw"":120,""id14_voltage_v"":12.0,""id14_temperature_c"":34,""id14_hardware_error"":0,""id14_moving"":0,""id14_moving_status"":1},""target_x_mm"":257.0,""target_y_mm"":0.0,""target_z_mm"":0.0}"
2026-09-10T15:51:09.227Z,20260910T154752.561Z-3e1ee303,135,repeatability_touch_sample,telemetry,196.66031640000074,78,1918,2312,3951,624,,168.57421875,203.203125,347.255859375,54.84375,,0.087890625,23.37890625,-8.61328125,54.84375,260.02011804281193,-0.39886617839842275,4.108816600051483,260.02011804281193,0.39886617839842275,4.108816600051483,257.0,0.0,0.0,5.114937054710151,"{""elapsed_s"":196.66031640000074,""sample_index"":78,""id11_raw"":1918,""id12_raw"":2312,""id13_raw"":3951,""id14_raw"":624,""id11_deg"":168.57421875,""id12_deg"":203.203125,""id13_deg"":347.255859375,""id14_deg"":54.84375,""q1_deg"":0.087890625,""q2_deg"":23.37890625,""q3_deg"":-8.61328125,""q4_deg"":54.84375,""physical_x_mm"":260.02011804281193,""physical_y_mm"":-0.39886617839842275,""physical_z_mm"":4.108816600051483,""internal_x_mm"":260.02011804281193,""internal_y_mm"":0.39886617839842275,""internal_z_mm"":4.108816600051483,""position_error_mm"":5.114937054710151,""robot_timestamp_utc"":""2026-09-10T15:51:09.227+00:00"",""extra"":{""cycle"":3,""point"":""P04"",""touch_index"":9,""touch_sample_index"":2,""id11_velocity_raw"":0,""id11_velocity_rpm"":0.0,""id11_current_raw"":0,""id11_current_ma"":0.0,""id11_pwm_raw"":-6,""id11_pwm_percent"":-0.6779661016949152,""id11_voltage_raw"":122,""id11_voltage_v"":12.200000000000001,""id11_temperature_c"":32,""id11_hardware_error"":0,""id11_moving"":0,""id11_moving_status"":1,""id12_velocity_raw"":0,""id12_velocity_rpm"":0.0,""id12_current_raw"":-18,""id12_current_ma"":-48.42,""id12_pwm_raw"":-16,""id12_pwm_percent"":-1.807909604519774,""id12_voltage_raw"":121,""id12_voltage_v"":12.100000000000001,""id12_temperature_c"":36,""id12_hardware_error"":0,""id12_moving"":0,""id12_moving_status"":49,""id13_velocity_raw"":0,""id13_velocity_rpm"":0.0,""id13_current_raw"":-15,""id13_current_ma"":-40.35,""id13_pwm_raw"":-8,""id13_pwm_percent"":-0.903954802259887,""id13_voltage_raw"":120,""id13_voltage_v"":12.0,""id13_temperature_c"":34,""id13_hardware_error"":0,""id13_moving"":0,""id13_moving_status"":49,""id14_velocity_raw"":0,""id14_velocity_rpm"":0.0,""id14_current_raw"":-2,""id14_current_ma"":-5.38,""id14_pwm_raw"":-5,""id14_pwm_percent"":-0.5649717514124294,""id14_voltage_raw"":120,""id14_voltage_v"":12.0,""id14_temperature_c"":34,""id14_hardware_error"":0,""id14_moving"":0,""id14_moving_status"":1},""target_x_mm"":257.0,""target_y_mm"":0.0,""target_z_mm"":0.0}"
2026-09-10T15:51:09.306Z,20260910T154752.561Z-3e1ee303,136,repeatability_touch_sample,telemetry,196.73944010000196,79,1918,2312,3951,624,,168.57421875,203.203125,347.255859375,54.84375,,0.087890625,23.37890625,-8.61328125,54.84375,260.02011804281193,-0.39886617839842275,4.108816600051483,260.02011804281193,0.39886617839842275,4.108816600051483,257.0,0.0,0.0,5.114937054710151,"{""elapsed_s"":196.73944010000196,""sample_index"":79,""id11_raw"":1918,""id12_raw"":2312,""id13_raw"":3951,""id14_raw"":624,""id11_deg"":168.57421875,""id12_deg"":203.203125,""id13_deg"":347.255859375,""id14_deg"":54.84375,""q1_deg"":0.087890625,""q2_deg"":23.37890625,""q3_deg"":-8.61328125,""q4_deg"":54.84375,""physical_x_mm"":260.02011804281193,""physical_y_mm"":-0.39886617839842275,""physical_z_mm"":4.108816600051483,""internal_x_mm"":260.02011804281193,""internal_y_mm"":0.39886617839842275,""internal_z_mm"":4.108816600051483,""position_error_mm"":5.114937054710151,""robot_timestamp_utc"":""2026-09-10T15:51:09.306+00:00"",""extra"":{""cycle"":3,""point"":""P04"",""touch_index"":9,""touch_sample_index"":3,""id11_velocity_raw"":0,""id11_velocity_rpm"":0.0,""id11_current_raw"":-3,""id11_current_ma"":-8.07,""id11_pwm_raw"":-7,""id11_pwm_percent"":-0.7909604519774012,""id11_voltage_raw"":122,""id11_voltage_v"":12.200000000000001,""id11_temperature_c"":32,""id11_hardware_error"":0,""id11_moving"":0,""id11_moving_status"":1,""id12_velocity_raw"":0,""id12_velocity_rpm"":0.0,""id12_current_raw"":-17,""id12_current_ma"":-45.73,""id12_pwm_raw"":-15,""id12_pwm_percent"":-1.694915254237288,""id12_voltage_raw"":121,""id12_voltage_v"":12.100000000000001,""id12_temperature_c"":35,""id12_hardware_error"":0,""id12_moving"":0,""id12_moving_status"":49,""id13_velocity_raw"":0,""id13_velocity_rpm"":0.0,""id13_current_raw"":-10,""id13_current_ma"":-26.9,""id13_pwm_raw"":-13,""id13_pwm_percent"":-1.4689265536723164,""id13_voltage_raw"":120,""id13_voltage_v"":12.0,""id13_temperature_c"":34,""id13_hardware_error"":0,""id13_moving"":0,""id13_moving_status"":49,""id14_velocity_raw"":0,""id14_velocity_rpm"":0.0,""id14_current_raw"":-1,""id14_current_ma"":-2.69,""id14_pwm_raw"":-4,""id14_pwm_percent"":-0.4519774011299435,""id14_voltage_raw"":120,""id14_voltage_v"":12.0,""id14_temperature_c"":34,""id14_hardware_error"":0,""id14_moving"":0,""id14_moving_status"":1},""target_x_mm"":257.0,""target_y_mm"":0.0,""target_z_mm"":0.0}"
2026-09-10T15:51:09.383Z,20260910T154752.561Z-3e1ee303,137,repeatability_touch_sample,telemetry,196.81641160000072,80,1918,2313,3951,624,,168.57421875,203.291015625,347.255859375,54.84375,,0.087890625,23.466796875,-8.61328125,54.84375,259.90877972480206,-0.3986953874236775,3.7284433556121144,259.90877972480206,0.3986953874236775,3.7284433556121144,257.0,0.0,0.0,4.745655629665999,"{""elapsed_s"":196.81641160000072,""sample_index"":80,""id11_raw"":1918,""id12_raw"":2313,""id13_raw"":3951,""id14_raw"":624,""id11_deg"":168.57421875,""id12_deg"":203.291015625,""id13_deg"":347.255859375,""id14_deg"":54.84375,""q1_deg"":0.087890625,""q2_deg"":23.466796875,""q3_deg"":-8.61328125,""q4_deg"":54.84375,""physical_x_mm"":259.90877972480206,""physical_y_mm"":-0.3986953874236775,""physical_z_mm"":3.7284433556121144,""internal_x_mm"":259.90877972480206,""internal_y_mm"":0.3986953874236775,""internal_z_mm"":3.7284433556121144,""position_error_mm"":4.745655629665999,""robot_timestamp_utc"":""2026-09-10T15:51:09.383+00:00"",""extra"":{""cycle"":3,""point"":""P04"",""touch_index"":9,""touch_sample_index"":4,""id11_velocity_raw"":0,""id11_velocity_rpm"":0.0,""id11_current_raw"":-5,""id11_current_ma"":-13.45,""id11_pwm_raw"":-7,""id11_pwm_percent"":-0.7909604519774012,""id11_voltage_raw"":122,""id11_voltage_v"":12.200000000000001,""id11_temperature_c"":32,""id11_hardware_error"":0,""id11_moving"":0,""id11_moving_status"":1,""id12_velocity_raw"":0,""id12_velocity_rpm"":0.0,""id12_current_raw"":-23,""id12_current_ma"":-61.87,""id12_pwm_raw"":-20,""id12_pwm_percent"":-2.2598870056497176,""id12_voltage_raw"":121,""id12_voltage_v"":12.100000000000001,""id12_temperature_c"":35,""id12_hardware_error"":0,""id12_moving"":0,""id12_moving_status"":49,""id13_velocity_raw"":0,""id13_velocity_rpm"":0.0,""id13_current_raw"":-10,""id13_current_ma"":-26.9,""id13_pwm_raw"":-5,""id13_pwm_percent"":-0.5649717514124294,""id13_voltage_raw"":119,""id13_voltage_v"":11.9,""id13_temperature_c"":35,""id13_hardware_error"":0,""id13_moving"":0,""id13_moving_status"":49,""id14_velocity_raw"":0,""id14_velocity_rpm"":0.0,""id14_current_raw"":-2,""id14_current_ma"":-5.38,""id14_pwm_raw"":-4,""id14_pwm_percent"":-0.4519774011299435,""id14_voltage_raw"":120,""id14_voltage_v"":12.0,""id14_temperature_c"":34,""id14_hardware_error"":0,""id14_moving"":0,""id14_moving_status"":1},""target_x_mm"":257.0,""target_y_mm"":0.0,""target_z_mm"":0.0}"
2026-09-10T15:51:09.461Z,20260910T154752.561Z-3e1ee303,138,repeatability_touch_sample,telemetry,196.89365230000112,81,1918,2312,3951,624,,168.57421875,203.203125,347.255859375,54.84375,,0.087890625,23.37890625,-8.61328125,54.84375,260.02011804281193,-0.39886617839842275,4.108816600051483,260.02011804281193,0.39886617839842275,4.108816600051483,257.0,0.0,0.0,5.114937054710151,"{""elapsed_s"":196.89365230000112,""sample_index"":81,""id11_raw"":1918,""id12_raw"":2312,""id13_raw"":3951,""id14_raw"":624,""id11_deg"":168.57421875,""id12_deg"":203.203125,""id13_deg"":347.255859375,""id14_deg"":54.84375,""q1_deg"":0.087890625,""q2_deg"":23.37890625,""q3_deg"":-8.61328125,""q4_deg"":54.84375,""physical_x_mm"":260.02011804281193,""physical_y_mm"":-0.39886617839842275,""physical_z_mm"":4.108816600051483,""internal_x_mm"":260.02011804281193,""internal_y_mm"":0.39886617839842275,""internal_z_mm"":4.108816600051483,""position_error_mm"":5.114937054710151,""robot_timestamp_utc"":""2026-09-10T15:51:09.461+00:00"",""extra"":{""cycle"":3,""point"":""P04"",""touch_index"":9,""touch_sample_index"":5,""id11_velocity_raw"":0,""id11_velocity_rpm"":0.0,""id11_current_raw"":-3,""id11_current_ma"":-8.07,""id11_pwm_raw"":-7,""id11_pwm_percent"":-0.7909604519774012,""id11_voltage_raw"":122,""id11_voltage_v"":12.200000000000001,""id11_temperature_c"":33,""id11_hardware_error"":0,""id11_moving"":0,""id11_moving_status"":1,""id12_velocity_raw"":0,""id12_velocity_rpm"":0.0,""id12_current_raw"":-31,""id12_current_ma"":-83.39,""id12_pwm_raw"":-13,""id12_pwm_percent"":-1.4689265536723164,""id12_voltage_raw"":121,""id12_voltage_v"":12.100000000000001,""id12_temperature_c"":36,""id12_hardware_error"":0,""id12_moving"":0,""id12_moving_status"":49,""id13_velocity_raw"":0,""id13_velocity_rpm"":0.0,""id13_current_raw"":-10,""id13_current_ma"":-26.9,""id13_pwm_raw"":-10,""id13_pwm_percent"":-1.1299435028248588,""id13_voltage_raw"":120,""id13_voltage_v"":12.0,""id13_temperature_c"":35,""id13_hardware_error"":0,""id13_moving"":0,""id13_moving_status"":49,""id14_velocity_raw"":0,""id14_velocity_rpm"":0.0,""id14_current_raw"":-1,""id14_current_ma"":-2.69,""id14_pwm_raw"":-3,""id14_pwm_percent"":-0.3389830508474576,""id14_voltage_raw"":120,""id14_voltage_v"":12.0,""id14_temperature_c"":34,""id14_hardware_error"":0,""id14_moving"":0,""id14_moving_status"":1},""target_x_mm"":257.0,""target_y_mm"":0.0,""target_z_mm"":0.0}"
2026-09-10T15:51:13.140Z,20260910T154752.561Z-3e1ee303,142,repeatability_phase_measured,telemetry,200.57316270000229,82,1917,2174,3952,684,,168.486,191.074,347.344,60.117,,-0.00032812500001000444,11.249781250000012,-8.525140625000006,60.11699999999999,256.80860606988153,0.001470707346793843,50.26100396685959,256.80860606988153,-0.001470707346793843,50.26100396685959,257.0,0.0,50.0,0.3236616600444576,"{""elapsed_s"":200.57316270000229,""sample_index"":82,""id11_raw"":1917,""id12_raw"":2174,""id13_raw"":3952,""id14_raw"":684,""id11_deg"":168.486,""id12_deg"":191.074,""id13_deg"":347.344,""id14_deg"":60.117,""q1_deg"":-0.00032812500001000444,""q2_deg"":11.249781250000012,""q3_deg"":-8.525140625000006,""q4_deg"":60.11699999999999,""physical_x_mm"":256.80860606988153,""physical_y_mm"":0.001470707346793843,""physical_z_mm"":50.26100396685959,""internal_x_mm"":256.80860606988153,""internal_y_mm"":-0.001470707346793843,""internal_z_mm"":50.26100396685959,""position_error_mm"":0.3236616600444576,""robot_timestamp_utc"":""2026-09-10T15:51:13.140+00:00"",""extra"":{""cycle"":3,""point"":""P04"",""phase"":""RETRACT""},""target_x_mm"":257.0,""target_y_mm"":0.0,""target_z_mm"":50.0}"
2026-09-10T15:51:15.008Z,20260910T154752.561Z-3e1ee303,143,repeatability_return_work,telemetry,202.44076499999937,83,1917,2045,4050,945,,168.486,179.736,355.957,83.057,,-0.00032812500001000444,-0.08821875000001,0.08785937499999363,83.05700000000002,178.9878284892888,0.001025038523336099,47.00146219993968,178.9878284892888,-0.001025038523336099,47.00146219993968,179.66816315130788,0.0,47.02348315303158,0.6806917256906116,"{""elapsed_s"":202.44076499999937,""sample_index"":83,""id11_raw"":1917,""id12_raw"":2045,""id13_raw"":4050,""id14_raw"":945,""id11_deg"":168.486,""id12_deg"":179.736,""id13_deg"":355.957,""id14_deg"":83.057,""q1_deg"":-0.00032812500001000444,""q2_deg"":-0.08821875000001,""q3_deg"":0.08785937499999363,""q4_deg"":83.05700000000002,""physical_x_mm"":178.9878284892888,""physical_y_mm"":0.001025038523336099,""physical_z_mm"":47.00146219993968,""internal_x_mm"":178.9878284892888,""internal_y_mm"":-0.001025038523336099,""internal_z_mm"":47.00146219993968,""position_error_mm"":0.6806917256906116,""robot_timestamp_utc"":""2026-09-10T15:51:15.008+00:00"",""extra"":{""cycle"":3,""point"":""P04""},""target_x_mm"":179.66816315130788,""target_y_mm"":0.0,""target_z_mm"":47.02348315303158}"
2026-09-10T15:51:17.531Z,20260910T154752.561Z-3e1ee303,146,repeatability_phase_measured,telemetry,204.96431270000176,84,1402,2063,4029,854,,123.223,181.318,354.111,75.059,,-45.26332812499999,1.493781250000012,-1.75814062500001,75.059,144.254682591133,145.5867867830291,51.25875957691417,144.254682591133,-145.5867867830291,51.25875957691417,146.0,145.0,50.0,2.2304544960400006,"{""elapsed_s"":204.96431270000176,""sample_index"":84,""id11_raw"":1402,""id12_raw"":2063,""id13_raw"":4029,""id14_raw"":854,""id11_deg"":123.223,""id12_deg"":181.318,""id13_deg"":354.111,""id14_deg"":75.059,""q1_deg"":-45.26332812499999,""q2_deg"":1.493781250000012,""q3_deg"":-1.75814062500001,""q4_deg"":75.059,""physical_x_mm"":144.254682591133,""physical_y_mm"":145.5867867830291,""physical_z_mm"":51.25875957691417,""internal_x_mm"":144.254682591133,""internal_y_mm"":-145.5867867830291,""internal_z_mm"":51.25875957691417,""position_error_mm"":2.2304544960400006,""robot_timestamp_utc"":""2026-09-10T15:51:17.531+00:00"",""extra"":{""cycle"":4,""point"":""P02"",""phase"":""APPROACH""},""target_x_mm"":146.0,""target_y_mm"":145.0,""target_z_mm"":50.0}"
2026-09-10T15:51:19.432Z,20260910T154752.561Z-3e1ee303,148,repeatability_touch_sample,telemetry,206.86492930000168,85,1404,2204,4082,738,,123.3984375,193.7109375,358.76953125,64.86328125,,-45.087890625,13.88671875,2.900390625,64.86328125,146.6970182703203,147.14777088505994,2.1676789664936678,146.6970182703203,-147.14777088505994,2.1676789664936678,146.0,145.0,0.0,3.1301096379600732,"{""elapsed_s"":206.86492930000168,""sample_index"":85,""id11_raw"":1404,""id12_raw"":2204,""id13_raw"":4082,""id14_raw"":738,""id11_deg"":123.3984375,""id12_deg"":193.7109375,""id13_deg"":358.76953125,""id14_deg"":64.86328125,""q1_deg"":-45.087890625,""q2_deg"":13.88671875,""q3_deg"":2.900390625,""q4_deg"":64.86328125,""physical_x_mm"":146.6970182703203,""physical_y_mm"":147.14777088505994,""physical_z_mm"":2.1676789664936678,""internal_x_mm"":146.6970182703203,""internal_y_mm"":-147.14777088505994,""internal_z_mm"":2.1676789664936678,""position_error_mm"":3.1301096379600732,""robot_timestamp_utc"":""2026-09-10T15:51:19.432+00:00"",""extra"":{""cycle"":4,""point"":""P02"",""touch_index"":10,""touch_sample_index"":1,""id11_velocity_raw"":0,""id11_velocity_rpm"":0.0,""id11_current_raw"":-1,""id11_current_ma"":-2.69,""id11_pwm_raw"":5,""id11_pwm_percent"":0.5649717514124294,""id11_voltage_raw"":122,""id11_voltage_v"":12.200000000000001,""id11_temperature_c"":32,""id11_hardware_error"":0,""id11_moving"":0,""id11_moving_status"":49,""id12_velocity_raw"":0,""id12_velocity_rpm"":0.0,""id12_current_raw"":-35,""id12_current_ma"":-94.14999999999999,""id12_pwm_raw"":-24,""id12_pwm_percent"":-2.711864406779661,""id12_voltage_raw"":121,""id12_voltage_v"":12.100000000000001,""id12_temperature_c"":35,""id12_hardware_error"":0,""id12_moving"":0,""id12_moving_status"":49,""id13_velocity_raw"":0,""id13_velocity_rpm"":0.0,""id13_current_raw"":-13,""id13_current_ma"":-34.97,""id13_pwm_raw"":-11,""id13_pwm_percent"":-1.2429378531073447,""id13_voltage_raw"":119,""id13_voltage_v"":11.9,""id13_temperature_c"":34,""id13_hardware_error"":0,""id13_moving"":0,""id13_moving_status"":49,""id14_velocity_raw"":0,""id14_velocity_rpm"":0.0,""id14_current_raw"":-4,""id14_current_ma"":-10.76,""id14_pwm_raw"":-2,""id14_pwm_percent"":-0.22598870056497175,""id14_voltage_raw"":120,""id14_voltage_v"":12.0,""id14_temperature_c"":34,""id14_hardware_error"":0,""id14_moving"":0,""id14_moving_status"":1},""target_x_mm"":146.0,""target_y_mm"":145.0,""target_z_mm"":0.0}"
2026-09-10T15:51:19.511Z,20260910T154752.561Z-3e1ee303,149,repeatability_touch_sample,telemetry,206.94403850000162,86,1404,2204,4082,738,,123.3984375,193.7109375,358.76953125,64.86328125,,-45.087890625,13.88671875,2.900390625,64.86328125,146.6970182703203,147.14777088505994,2.1676789664936678,146.6970182703203,-147.14777088505994,2.1676789664936678,146.0,145.0,0.0,3.1301096379600732,"{""elapsed_s"":206.94403850000162,""sample_index"":86,""id11_raw"":1404,""id12_raw"":2204,""id13_raw"":4082,""id14_raw"":738,""id11_deg"":123.3984375,""id12_deg"":193.7109375,""id13_deg"":358.76953125,""id14_deg"":64.86328125,""q1_deg"":-45.087890625,""q2_deg"":13.88671875,""q3_deg"":2.900390625,""q4_deg"":64.86328125,""physical_x_mm"":146.6970182703203,""physical_y_mm"":147.14777088505994,""physical_z_mm"":2.1676789664936678,""internal_x_mm"":146.6970182703203,""internal_y_mm"":-147.14777088505994,""internal_z_mm"":2.1676789664936678,""position_error_mm"":3.1301096379600732,""robot_timestamp_utc"":""2026-09-10T15:51:19.511+00:00"",""extra"":{""cycle"":4,""point"":""P02"",""touch_index"":10,""touch_sample_index"":2,""id11_velocity_raw"":0,""id11_velocity_rpm"":0.0,""id11_current_raw"":-1,""id11_current_ma"":-2.69,""id11_pwm_raw"":0,""id11_pwm_percent"":0.0,""id11_voltage_raw"":122,""id11_voltage_v"":12.200000000000001,""id11_temperature_c"":32,""id11_hardware_error"":0,""id11_moving"":0,""id11_moving_status"":49,""id12_velocity_raw"":0,""id12_velocity_rpm"":0.0,""id12_current_raw"":-35,""id12_current_ma"":-94.14999999999999,""id12_pwm_raw"":-23,""id12_pwm_percent"":-2.598870056497175,""id12_voltage_raw"":121,""id12_voltage_v"":12.100000000000001,""id12_temperature_c"":35,""id12_hardware_error"":0,""id12_moving"":0,""id12_moving_status"":49,""id13_velocity_raw"":0,""id13_velocity_rpm"":0.0,""id13_current_raw"":-13,""id13_current_ma"":-34.97,""id13_pwm_raw"":-10,""id13_pwm_percent"":-1.1299435028248588,""id13_voltage_raw"":120,""id13_voltage_v"":12.0,""id13_temperature_c"":34,""id13_hardware_error"":0,""id13_moving"":0,""id13_moving_status"":49,""id14_velocity_raw"":0,""id14_velocity_rpm"":0.0,""id14_current_raw"":-3,""id14_current_ma"":-8.07,""id14_pwm_raw"":-2,""id14_pwm_percent"":-0.22598870056497175,""id14_voltage_raw"":120,""id14_voltage_v"":12.0,""id14_temperature_c"":34,""id14_hardware_error"":0,""id14_moving"":0,""id14_moving_status"":1},""target_x_mm"":146.0,""target_y_mm"":145.0,""target_z_mm"":0.0}"
2026-09-10T15:51:19.588Z,20260910T154752.561Z-3e1ee303,150,repeatability_touch_sample,telemetry,207.0210485000025,87,1404,2205,4082,738,,123.3984375,193.798828125,358.76953125,64.86328125,,-45.087890625,13.974609375,2.900390625,64.86328125,146.61635205667625,147.06685681016313,1.8674439537749663,146.61635205667625,-147.06685681016313,1.8674439537749663,146.0,145.0,0.0,2.8529167271368845,"{""elapsed_s"":207.0210485000025,""sample_index"":87,""id11_raw"":1404,""id12_raw"":2205,""id13_raw"":4082,""id14_raw"":738,""id11_deg"":123.3984375,""id12_deg"":193.798828125,""id13_deg"":358.76953125,""id14_deg"":64.86328125,""q1_deg"":-45.087890625,""q2_deg"":13.974609375,""q3_deg"":2.900390625,""q4_deg"":64.86328125,""physical_x_mm"":146.61635205667625,""physical_y_mm"":147.06685681016313,""physical_z_mm"":1.8674439537749663,""internal_x_mm"":146.61635205667625,""internal_y_mm"":-147.06685681016313,""internal_z_mm"":1.8674439537749663,""position_error_mm"":2.8529167271368845,""robot_timestamp_utc"":""2026-09-10T15:51:19.588+00:00"",""extra"":{""cycle"":4,""point"":""P02"",""touch_index"":10,""touch_sample_index"":3,""id11_velocity_raw"":0,""id11_velocity_rpm"":0.0,""id11_current_raw"":-1,""id11_current_ma"":-2.69,""id11_pwm_raw"":6,""id11_pwm_percent"":0.6779661016949152,""id11_voltage_raw"":122,""id11_voltage_v"":12.200000000000001,""id11_temperature_c"":32,""id11_hardware_error"":0,""id11_moving"":0,""id11_moving_status"":49,""id12_velocity_raw"":0,""id12_velocity_rpm"":0.0,""id12_current_raw"":-37,""id12_current_ma"":-99.53,""id12_pwm_raw"":-22,""id12_pwm_percent"":-2.4858757062146895,""id12_voltage_raw"":121,""id12_voltage_v"":12.100000000000001,""id12_temperature_c"":35,""id12_hardware_error"":0,""id12_moving"":0,""id12_moving_status"":49,""id13_velocity_raw"":0,""id13_velocity_rpm"":0.0,""id13_current_raw"":-15,""id13_current_ma"":-40.35,""id13_pwm_raw"":-10,""id13_pwm_percent"":-1.1299435028248588,""id13_voltage_raw"":120,""id13_voltage_v"":12.0,""id13_temperature_c"":34,""id13_hardware_error"":0,""id13_moving"":0,""id13_moving_status"":49,""id14_velocity_raw"":0,""id14_velocity_rpm"":0.0,""id14_current_raw"":-1,""id14_current_ma"":-2.69,""id14_pwm_raw"":-2,""id14_pwm_percent"":-0.22598870056497175,""id14_voltage_raw"":120,""id14_voltage_v"":12.0,""id14_temperature_c"":34,""id14_hardware_error"":0,""id14_moving"":0,""id14_moving_status"":1},""target_x_mm"":146.0,""target_y_mm"":145.0,""target_z_mm"":0.0}"
2026-09-10T15:51:19.666Z,20260910T154752.561Z-3e1ee303,151,repeatability_touch_sample,telemetry,207.09901159999936,88,1405,2204,4082,738,,123.486328125,193.7109375,358.76953125,64.86328125,,-45.0,13.88671875,2.900390625,64.86328125,146.9225674391868,146.9225674391868,2.1676789664936678,146.9225674391868,-146.9225674391868,2.1676789664936678,146.0,145.0,0.0,3.0407611448201575,"{""elapsed_s"":207.09901159999936,""sample_index"":88,""id11_raw"":1405,""id12_raw"":2204,""id13_raw"":4082,""id14_raw"":738,""id11_deg"":123.486328125,""id12_deg"":193.7109375,""id13_deg"":358.76953125,""id14_deg"":64.86328125,""q1_deg"":-45.0,""q2_deg"":13.88671875,""q3_deg"":2.900390625,""q4_deg"":64.86328125,""physical_x_mm"":146.9225674391868,""physical_y_mm"":146.9225674391868,""physical_z_mm"":2.1676789664936678,""internal_x_mm"":146.9225674391868,""internal_y_mm"":-146.9225674391868,""internal_z_mm"":2.1676789664936678,""position_error_mm"":3.0407611448201575,""robot_timestamp_utc"":""2026-09-10T15:51:19.666+00:00"",""extra"":{""cycle"":4,""point"":""P02"",""touch_index"":10,""touch_sample_index"":4,""id11_velocity_raw"":0,""id11_velocity_rpm"":0.0,""id11_current_raw"":0,""id11_current_ma"":0.0,""id11_pwm_raw"":1,""id11_pwm_percent"":0.11299435028248588,""id11_voltage_raw"":122,""id11_voltage_v"":12.200000000000001,""id11_temperature_c"":32,""id11_hardware_error"":0,""id11_moving"":0,""id11_moving_status"":49,""id12_velocity_raw"":0,""id12_velocity_rpm"":0.0,""id12_current_raw"":-33,""id12_current_ma"":-88.77,""id12_pwm_raw"":-21,""id12_pwm_percent"":-2.3728813559322033,""id12_voltage_raw"":121,""id12_voltage_v"":12.100000000000001,""id12_temperature_c"":36,""id12_hardware_error"":0,""id12_moving"":0,""id12_moving_status"":49,""id13_velocity_raw"":0,""id13_velocity_rpm"":0.0,""id13_current_raw"":-15,""id13_current_ma"":-40.35,""id13_pwm_raw"":-9,""id13_pwm_percent"":-1.0169491525423728,""id13_voltage_raw"":120,""id13_voltage_v"":12.0,""id13_temperature_c"":34,""id13_hardware_error"":0,""id13_moving"":0,""id13_moving_status"":49,""id14_velocity_raw"":0,""id14_velocity_rpm"":0.0,""id14_current_raw"":-1,""id14_current_ma"":-2.69,""id14_pwm_raw"":-1,""id14_pwm_percent"":-0.11299435028248588,""id14_voltage_raw"":120,""id14_voltage_v"":12.0,""id14_temperature_c"":34,""id14_hardware_error"":0,""id14_moving"":0,""id14_moving_status"":1},""target_x_mm"":146.0,""target_y_mm"":145.0,""target_z_mm"":0.0}"
2026-09-10T15:51:19.743Z,20260910T154752.561Z-3e1ee303,152,repeatability_touch_sample,telemetry,207.17635700000028,89,1405,2204,4082,738,,123.486328125,193.7109375,358.76953125,64.86328125,,-45.0,13.88671875,2.900390625,64.86328125,146.9225674391868,146.9225674391868,2.1676789664936678,146.9225674391868,-146.9225674391868,2.1676789664936678,146.0,145.0,0.0,3.0407611448201575,"{""elapsed_s"":207.17635700000028,""sample_index"":89,""id11_raw"":1405,""id12_raw"":2204,""id13_raw"":4082,""id14_raw"":738,""id11_deg"":123.486328125,""id12_deg"":193.7109375,""id13_deg"":358.76953125,""id14_deg"":64.86328125,""q1_deg"":-45.0,""q2_deg"":13.88671875,""q3_deg"":2.900390625,""q4_deg"":64.86328125,""physical_x_mm"":146.9225674391868,""physical_y_mm"":146.9225674391868,""physical_z_mm"":2.1676789664936678,""internal_x_mm"":146.9225674391868,""internal_y_mm"":-146.9225674391868,""internal_z_mm"":2.1676789664936678,""position_error_mm"":3.0407611448201575,""robot_timestamp_utc"":""2026-09-10T15:51:19.743+00:00"",""extra"":{""cycle"":4,""point"":""P02"",""touch_index"":10,""touch_sample_index"":5,""id11_velocity_raw"":0,""id11_velocity_rpm"":0.0,""id11_current_raw"":0,""id11_current_ma"":0.0,""id11_pwm_raw"":7,""id11_pwm_percent"":0.7909604519774012,""id11_voltage_raw"":122,""id11_voltage_v"":12.200000000000001,""id11_temperature_c"":32,""id11_hardware_error"":0,""id11_moving"":0,""id11_moving_status"":49,""id12_velocity_raw"":0,""id12_velocity_rpm"":0.0,""id12_current_raw"":-34,""id12_current_ma"":-91.46,""id12_pwm_raw"":-21,""id12_pwm_percent"":-2.3728813559322033,""id12_voltage_raw"":121,""id12_voltage_v"":12.100000000000001,""id12_temperature_c"":36,""id12_hardware_error"":0,""id12_moving"":0,""id12_moving_status"":49,""id13_velocity_raw"":0,""id13_velocity_rpm"":0.0,""id13_current_raw"":-11,""id13_current_ma"":-29.59,""id13_pwm_raw"":-8,""id13_pwm_percent"":-0.903954802259887,""id13_voltage_raw"":120,""id13_voltage_v"":12.0,""id13_temperature_c"":35,""id13_hardware_error"":0,""id13_moving"":0,""id13_moving_status"":49,""id14_velocity_raw"":0,""id14_velocity_rpm"":0.0,""id14_current_raw"":-1,""id14_current_ma"":-2.69,""id14_pwm_raw"":-1,""id14_pwm_percent"":-0.11299435028248588,""id14_voltage_raw"":120,""id14_voltage_v"":12.0,""id14_temperature_c"":34,""id14_hardware_error"":0,""id14_moving"":0,""id14_moving_status"":1},""target_x_mm"":146.0,""target_y_mm"":145.0,""target_z_mm"":0.0}"
2026-09-10T15:51:21.644Z,20260910T154752.561Z-3e1ee303,155,repeatability_phase_measured,telemetry,209.07720809999955,90,1406,2075,4029,853,,123.574,182.373,354.111,74.971,,-44.91232812499999,2.5487812499999905,-1.75814062500001,74.971,144.9589060989649,144.5159620552769,47.77015803272147,144.9589060989649,-144.5159620552769,47.77015803272147,146.0,145.0,50.0,2.508059895963583,"{""elapsed_s"":209.07720809999955,""sample_index"":90,""id11_raw"":1406,""id12_raw"":2075,""id13_raw"":4029,""id14_raw"":853,""id11_deg"":123.574,""id12_deg"":182.373,""id13_deg"":354.111,""id14_deg"":74.971,""q1_deg"":-44.91232812499999,""q2_deg"":2.5487812499999905,""q3_deg"":-1.75814062500001,""q4_deg"":74.971,""physical_x_mm"":144.9589060989649,""physical_y_mm"":144.5159620552769,""physical_z_mm"":47.77015803272147,""internal_x_mm"":144.9589060989649,""internal_y_mm"":-144.5159620552769,""internal_z_mm"":47.77015803272147,""position_error_mm"":2.508059895963583,""robot_timestamp_utc"":""2026-09-10T15:51:21.644+00:00"",""extra"":{""cycle"":4,""point"":""P02"",""phase"":""RETRACT""},""target_x_mm"":146.0,""target_y_mm"":145.0,""target_z_mm"":50.0}"
2026-09-10T15:51:24.023Z,20260910T154752.561Z-3e1ee303,156,repeatability_return_work,telemetry,211.45549010000104,91,1923,2047,4046,944,,169.014,179.912,355.605,82.969,,0.52767187500001,0.08778125000000614,-0.2641406249999818,82.969,180.0984591075385,-1.658683751238814,47.398710909428644,180.0984591075385,1.658683751238814,47.398710909428644,179.66816315130788,0.0,47.02348315303158,1.7541899172389706,"{""elapsed_s"":211.45549010000104,""sample_index"":91,""id11_raw"":1923,""id12_raw"":2047,""id13_raw"":4046,""id14_raw"":944,""id11_deg"":169.014,""id12_deg"":179.912,""id13_deg"":355.605,""id14_deg"":82.969,""q1_deg"":0.52767187500001,""q2_deg"":0.08778125000000614,""q3_deg"":-0.2641406249999818,""q4_deg"":82.969,""physical_x_mm"":180.0984591075385,""physical_y_mm"":-1.658683751238814,""physical_z_mm"":47.398710909428644,""internal_x_mm"":180.0984591075385,""internal_y_mm"":1.658683751238814,""internal_z_mm"":47.398710909428644,""position_error_mm"":1.7541899172389706,""robot_timestamp_utc"":""2026-09-10T15:51:24.022+00:00"",""extra"":{""cycle"":4,""point"":""P02""},""target_x_mm"":179.66816315130788,""target_y_mm"":0.0,""target_z_mm"":47.02348315303158}"
2026-09-10T15:51:26.143Z,20260910T154752.561Z-3e1ee303,159,repeatability_phase_measured,telemetry,213.57598150000194,92,1580,2277,3869,565,,138.867,200.127,340.049,49.658,,-29.61932812500001,20.30278125000001,-15.820140625000022,49.658000000000015,256.8945814449163,146.05108287342154,49.909022923004784,256.8945814449163,-146.05108287342154,49.909022923004784,257.0,145.0,50.0,1.0602665264425732,"{""elapsed_s"":213.57598150000194,""sample_index"":92,""id11_raw"":1580,""id12_raw"":2277,""id13_raw"":3869,""id14_raw"":565,""id11_deg"":138.867,""id12_deg"":200.127,""id13_deg"":340.049,""id14_deg"":49.658,""q1_deg"":-29.61932812500001,""q2_deg"":20.30278125000001,""q3_deg"":-15.820140625000022,""q4_deg"":49.658000000000015,""physical_x_mm"":256.8945814449163,""physical_y_mm"":146.05108287342154,""physical_z_mm"":49.909022923004784,""internal_x_mm"":256.8945814449163,""internal_y_mm"":-146.05108287342154,""internal_z_mm"":49.909022923004784,""position_error_mm"":1.0602665264425732,""robot_timestamp_utc"":""2026-09-10T15:51:26.143+00:00"",""extra"":{""cycle"":4,""point"":""P03"",""phase"":""APPROACH""},""target_x_mm"":257.0,""target_y_mm"":145.0,""target_z_mm"":50.0}"
2026-09-10T15:51:28.572Z,20260910T154752.561Z-3e1ee303,161,repeatability_touch_sample,telemetry,216.00505669999984,93,1580,2398,3868,508,,138.8671875,210.76171875,339.9609375,44.6484375,,-29.619140625,30.9375,-15.908203125,44.6484375,259.29570725523683,147.4150609667067,4.806246517205494,259.29570725523683,-147.4150609667067,4.806246517205494,257.0,145.0,0.0,5.8483157283791805,"{""elapsed_s"":216.00505669999984,""sample_index"":93,""id11_raw"":1580,""id12_raw"":2398,""id13_raw"":3868,""id14_raw"":508,""id11_deg"":138.8671875,""id12_deg"":210.76171875,""id13_deg"":339.9609375,""id14_deg"":44.6484375,""q1_deg"":-29.619140625,""q2_deg"":30.9375,""q3_deg"":-15.908203125,""q4_deg"":44.6484375,""physical_x_mm"":259.29570725523683,""physical_y_mm"":147.4150609667067,""physical_z_mm"":4.806246517205494,""internal_x_mm"":259.29570725523683,""internal_y_mm"":-147.4150609667067,""internal_z_mm"":4.806246517205494,""position_error_mm"":5.8483157283791805,""robot_timestamp_utc"":""2026-09-10T15:51:28.572+00:00"",""extra"":{""cycle"":4,""point"":""P03"",""touch_index"":11,""touch_sample_index"":1,""id11_velocity_raw"":0,""id11_velocity_rpm"":0.0,""id11_current_raw"":16,""id11_current_ma"":43.04,""id11_pwm_raw"":12,""id11_pwm_percent"":1.3559322033898304,""id11_voltage_raw"":122,""id11_voltage_v"":12.200000000000001,""id11_temperature_c"":33,""id11_hardware_error"":0,""id11_moving"":0,""id11_moving_status"":49,""id12_velocity_raw"":0,""id12_velocity_rpm"":0.0,""id12_current_raw"":-22,""id12_current_ma"":-59.18,""id12_pwm_raw"":-10,""id12_pwm_percent"":-1.1299435028248588,""id12_voltage_raw"":121,""id12_voltage_v"":12.100000000000001,""id12_temperature_c"":35,""id12_hardware_error"":0,""id12_moving"":0,""id12_moving_status"":49,""id13_velocity_raw"":0,""id13_velocity_rpm"":0.0,""id13_current_raw"":-7,""id13_current_ma"":-18.83,""id13_pwm_raw"":-6,""id13_pwm_percent"":-0.6779661016949152,""id13_voltage_raw"":120,""id13_voltage_v"":12.0,""id13_temperature_c"":34,""id13_hardware_error"":0,""id13_moving"":0,""id13_moving_status"":49,""id14_velocity_raw"":0,""id14_velocity_rpm"":0.0,""id14_current_raw"":1,""id14_current_ma"":2.69,""id14_pwm_raw"":8,""id14_pwm_percent"":0.903954802259887,""id14_voltage_raw"":120,""id14_voltage_v"":12.0,""id14_temperature_c"":34,""id14_hardware_error"":0,""id14_moving"":0,""id14_moving_status"":1},""target_x_mm"":257.0,""target_y_mm"":145.0,""target_z_mm"":0.0}"
2026-09-10T15:51:28.652Z,20260910T154752.561Z-3e1ee303,162,repeatability_touch_sample,telemetry,216.0849541000025,94,1580,2399,3869,508,,138.8671875,210.849609375,340.048828125,44.6484375,,-29.619140625,31.025390625,-15.8203125,44.6484375,258.9736354108724,147.2319563519978,4.061182697711018,258.9736354108724,-147.2319563519978,4.061182697711018,257.0,145.0,0.0,5.036871131611394,"{""elapsed_s"":216.0849541000025,""sample_index"":94,""id11_raw"":1580,""id12_raw"":2399,""id13_raw"":3869,""id14_raw"":508,""id11_deg"":138.8671875,""id12_deg"":210.849609375,""id13_deg"":340.048828125,""id14_deg"":44.6484375,""q1_deg"":-29.619140625,""q2_deg"":31.025390625,""q3_deg"":-15.8203125,""q4_deg"":44.6484375,""physical_x_mm"":258.9736354108724,""physical_y_mm"":147.2319563519978,""physical_z_mm"":4.061182697711018,""internal_x_mm"":258.9736354108724,""internal_y_mm"":-147.2319563519978,""internal_z_mm"":4.061182697711018,""position_error_mm"":5.036871131611394,""robot_timestamp_utc"":""2026-09-10T15:51:28.652+00:00"",""extra"":{""cycle"":4,""point"":""P03"",""touch_index"":11,""touch_sample_index"":2,""id11_velocity_raw"":0,""id11_velocity_rpm"":0.0,""id11_current_raw"":16,""id11_current_ma"":43.04,""id11_pwm_raw"":13,""id11_pwm_percent"":1.4689265536723164,""id11_voltage_raw"":122,""id11_voltage_v"":12.200000000000001,""id11_temperature_c"":32,""id11_hardware_error"":0,""id11_moving"":0,""id11_moving_status"":49,""id12_velocity_raw"":0,""id12_velocity_rpm"":0.0,""id12_current_raw"":-16,""id12_current_ma"":-43.04,""id12_pwm_raw"":-9,""id12_pwm_percent"":-1.0169491525423728,""id12_voltage_raw"":121,""id12_voltage_v"":12.100000000000001,""id12_temperature_c"":35,""id12_hardware_error"":0,""id12_moving"":0,""id12_moving_status"":49,""id13_velocity_raw"":0,""id13_velocity_rpm"":0.0,""id13_current_raw"":-6,""id13_current_ma"":-16.14,""id13_pwm_raw"":-10,""id13_pwm_percent"":-1.1299435028248588,""id13_voltage_raw"":120,""id13_voltage_v"":12.0,""id13_temperature_c"":34,""id13_hardware_error"":0,""id13_moving"":0,""id13_moving_status"":49,""id14_velocity_raw"":0,""id14_velocity_rpm"":0.0,""id14_current_raw"":9,""id14_current_ma"":24.21,""id14_pwm_raw"":9,""id14_pwm_percent"":1.0169491525423728,""id14_voltage_raw"":120,""id14_voltage_v"":12.0,""id14_temperature_c"":34,""id14_hardware_error"":0,""id14_moving"":0,""id14_moving_status"":1},""target_x_mm"":257.0,""target_y_mm"":145.0,""target_z_mm"":0.0}"
2026-09-10T15:51:28.730Z,20260910T154752.561Z-3e1ee303,163,repeatability_touch_sample,telemetry,216.16264090000186,95,1580,2399,3869,508,,138.8671875,210.849609375,340.048828125,44.6484375,,-29.619140625,31.025390625,-15.8203125,44.6484375,258.9736354108724,147.2319563519978,4.061182697711018,258.9736354108724,-147.2319563519978,4.061182697711018,257.0,145.0,0.0,5.036871131611394,"{""elapsed_s"":216.16264090000186,""sample_index"":95,""id11_raw"":1580,""id12_raw"":2399,""id13_raw"":3869,""id14_raw"":508,""id11_deg"":138.8671875,""id12_deg"":210.849609375,""id13_deg"":340.048828125,""id14_deg"":44.6484375,""q1_deg"":-29.619140625,""q2_deg"":31.025390625,""q3_deg"":-15.8203125,""q4_deg"":44.6484375,""physical_x_mm"":258.9736354108724,""physical_y_mm"":147.2319563519978,""physical_z_mm"":4.061182697711018,""internal_x_mm"":258.9736354108724,""internal_y_mm"":-147.2319563519978,""internal_z_mm"":4.061182697711018,""position_error_mm"":5.036871131611394,""robot_timestamp_utc"":""2026-09-10T15:51:28.730+00:00"",""extra"":{""cycle"":4,""point"":""P03"",""touch_index"":11,""touch_sample_index"":3,""id11_velocity_raw"":0,""id11_velocity_rpm"":0.0,""id11_current_raw"":16,""id11_current_ma"":43.04,""id11_pwm_raw"":13,""id11_pwm_percent"":1.4689265536723164,""id11_voltage_raw"":122,""id11_voltage_v"":12.200000000000001,""id11_temperature_c"":32,""id11_hardware_error"":0,""id11_moving"":0,""id11_moving_status"":49,""id12_velocity_raw"":0,""id12_velocity_rpm"":0.0,""id12_current_raw"":-14,""id12_current_ma"":-37.66,""id12_pwm_raw"":-15,""id12_pwm_percent"":-1.694915254237288,""id12_voltage_raw"":121,""id12_voltage_v"":12.100000000000001,""id12_temperature_c"":36,""id12_hardware_error"":0,""id12_moving"":0,""id12_moving_status"":49,""id13_velocity_raw"":0,""id13_velocity_rpm"":0.0,""id13_current_raw"":-10,""id13_current_ma"":-26.9,""id13_pwm_raw"":-9,""id13_pwm_percent"":-1.0169491525423728,""id13_voltage_raw"":120,""id13_voltage_v"":12.0,""id13_temperature_c"":34,""id13_hardware_error"":0,""id13_moving"":0,""id13_moving_status"":49,""id14_velocity_raw"":0,""id14_velocity_rpm"":0.0,""id14_current_raw"":4,""id14_current_ma"":10.76,""id14_pwm_raw"":3,""id14_pwm_percent"":0.3389830508474576,""id14_voltage_raw"":120,""id14_voltage_v"":12.0,""id14_temperature_c"":34,""id14_hardware_error"":0,""id14_moving"":0,""id14_moving_status"":1},""target_x_mm"":257.0,""target_y_mm"":145.0,""target_z_mm"":0.0}"
2026-09-10T15:51:28.808Z,20260910T154752.561Z-3e1ee303,164,repeatability_touch_sample,telemetry,216.240603000002,96,1580,2399,3869,509,,138.8671875,210.849609375,340.048828125,44.736328125,,-29.619140625,31.025390625,-15.8203125,44.736328125,258.7905463590069,147.12786637677686,3.9390842228763745,258.7905463590069,-147.12786637677686,3.9390842228763745,257.0,145.0,0.0,4.821851936350175,"{""elapsed_s"":216.240603000002,""sample_index"":96,""id11_raw"":1580,""id12_raw"":2399,""id13_raw"":3869,""id14_raw"":509,""id11_deg"":138.8671875,""id12_deg"":210.849609375,""id13_deg"":340.048828125,""id14_deg"":44.736328125,""q1_deg"":-29.619140625,""q2_deg"":31.025390625,""q3_deg"":-15.8203125,""q4_deg"":44.736328125,""physical_x_mm"":258.7905463590069,""physical_y_mm"":147.12786637677686,""physical_z_mm"":3.9390842228763745,""internal_x_mm"":258.7905463590069,""internal_y_mm"":-147.12786637677686,""internal_z_mm"":3.9390842228763745,""position_error_mm"":4.821851936350175,""robot_timestamp_utc"":""2026-09-10T15:51:28.808+00:00"",""extra"":{""cycle"":4,""point"":""P03"",""touch_index"":11,""touch_sample_index"":4,""id11_velocity_raw"":0,""id11_velocity_rpm"":0.0,""id11_current_raw"":16,""id11_current_ma"":43.04,""id11_pwm_raw"":14,""id11_pwm_percent"":1.5819209039548023,""id11_voltage_raw"":122,""id11_voltage_v"":12.200000000000001,""id11_temperature_c"":33,""id11_hardware_error"":0,""id11_moving"":0,""id11_moving_status"":49,""id12_velocity_raw"":0,""id12_velocity_rpm"":0.0,""id12_current_raw"":-17,""id12_current_ma"":-45.73,""id12_pwm_raw"":-14,""id12_pwm_percent"":-1.5819209039548023,""id12_voltage_raw"":121,""id12_voltage_v"":12.100000000000001,""id12_temperature_c"":35,""id12_hardware_error"":0,""id12_moving"":0,""id12_moving_status"":49,""id13_velocity_raw"":0,""id13_velocity_rpm"":0.0,""id13_current_raw"":-4,""id13_current_ma"":-10.76,""id13_pwm_raw"":-7,""id13_pwm_percent"":-0.7909604519774012,""id13_voltage_raw"":120,""id13_voltage_v"":12.0,""id13_temperature_c"":34,""id13_hardware_error"":0,""id13_moving"":0,""id13_moving_status"":49,""id14_velocity_raw"":0,""id14_velocity_rpm"":0.0,""id14_current_raw"":4,""id14_current_ma"":10.76,""id14_pwm_raw"":4,""id14_pwm_percent"":0.4519774011299435,""id14_voltage_raw"":120,""id14_voltage_v"":12.0,""id14_temperature_c"":34,""id14_hardware_error"":0,""id14_moving"":0,""id14_moving_status"":1},""target_x_mm"":257.0,""target_y_mm"":145.0,""target_z_mm"":0.0}"
2026-09-10T15:51:28.887Z,20260910T154752.561Z-3e1ee303,165,repeatability_touch_sample,telemetry,216.3202362000011,97,1580,2399,3869,509,,138.8671875,210.849609375,340.048828125,44.736328125,,-29.619140625,31.025390625,-15.8203125,44.736328125,258.7905463590069,147.12786637677686,3.9390842228763745,258.7905463590069,-147.12786637677686,3.9390842228763745,257.0,145.0,0.0,4.821851936350175,"{""elapsed_s"":216.3202362000011,""sample_index"":97,""id11_raw"":1580,""id12_raw"":2399,""id13_raw"":3869,""id14_raw"":509,""id11_deg"":138.8671875,""id12_deg"":210.849609375,""id13_deg"":340.048828125,""id14_deg"":44.736328125,""q1_deg"":-29.619140625,""q2_deg"":31.025390625,""q3_deg"":-15.8203125,""q4_deg"":44.736328125,""physical_x_mm"":258.7905463590069,""physical_y_mm"":147.12786637677686,""physical_z_mm"":3.9390842228763745,""internal_x_mm"":258.7905463590069,""internal_y_mm"":-147.12786637677686,""internal_z_mm"":3.9390842228763745,""position_error_mm"":4.821851936350175,""robot_timestamp_utc"":""2026-09-10T15:51:28.887+00:00"",""extra"":{""cycle"":4,""point"":""P03"",""touch_index"":11,""touch_sample_index"":5,""id11_velocity_raw"":0,""id11_velocity_rpm"":0.0,""id11_current_raw"":16,""id11_current_ma"":43.04,""id11_pwm_raw"":14,""id11_pwm_percent"":1.5819209039548023,""id11_voltage_raw"":122,""id11_voltage_v"":12.200000000000001,""id11_temperature_c"":32,""id11_hardware_error"":0,""id11_moving"":0,""id11_moving_status"":49,""id12_velocity_raw"":0,""id12_velocity_rpm"":0.0,""id12_current_raw"":-12,""id12_current_ma"":-32.28,""id12_pwm_raw"":-14,""id12_pwm_percent"":-1.5819209039548023,""id12_voltage_raw"":121,""id12_voltage_v"":12.100000000000001,""id12_temperature_c"":35,""id12_hardware_error"":0,""id12_moving"":0,""id12_moving_status"":49,""id13_velocity_raw"":0,""id13_velocity_rpm"":0.0,""id13_current_raw"":-6,""id13_current_ma"":-16.14,""id13_pwm_raw"":-6,""id13_pwm_percent"":-0.6779661016949152,""id13_voltage_raw"":120,""id13_voltage_v"":12.0,""id13_temperature_c"":34,""id13_hardware_error"":0,""id13_moving"":0,""id13_moving_status"":49,""id14_velocity_raw"":0,""id14_velocity_rpm"":0.0,""id14_current_raw"":3,""id14_current_ma"":8.07,""id14_pwm_raw"":5,""id14_pwm_percent"":0.5649717514124294,""id14_voltage_raw"":121,""id14_voltage_v"":12.100000000000001,""id14_temperature_c"":33,""id14_hardware_error"":0,""id14_moving"":0,""id14_moving_status"":1},""target_x_mm"":257.0,""target_y_mm"":145.0,""target_z_mm"":0.0}"
2026-09-10T15:51:31.991Z,20260910T154752.561Z-3e1ee303,169,repeatability_phase_measured,telemetry,219.42431360000046,98,1583,2282,3868,570,,139.131,200.566,339.961,50.098,,-29.355328125,20.741781250000003,-15.908140624999987,50.09800000000001,256.70006876065867,144.37948428247174,47.36471100235988,256.70006876065867,-144.37948428247174,47.36471100235988,257.0,145.0,50.0,2.723921181883848,"{""elapsed_s"":219.42431360000046,""sample_index"":98,""id11_raw"":1583,""id12_raw"":2282,""id13_raw"":3868,""id14_raw"":570,""id11_deg"":139.131,""id12_deg"":200.566,""id13_deg"":339.961,""id14_deg"":50.098,""q1_deg"":-29.355328125,""q2_deg"":20.741781250000003,""q3_deg"":-15.908140624999987,""q4_deg"":50.09800000000001,""physical_x_mm"":256.70006876065867,""physical_y_mm"":144.37948428247174,""physical_z_mm"":47.36471100235988,""internal_x_mm"":256.70006876065867,""internal_y_mm"":-144.37948428247174,""internal_z_mm"":47.36471100235988,""position_error_mm"":2.723921181883848,""robot_timestamp_utc"":""2026-09-10T15:51:31.991+00:00"",""extra"":{""cycle"":4,""point"":""P03"",""phase"":""RETRACT""},""target_x_mm"":257.0,""target_y_mm"":145.0,""target_z_mm"":50.0}"
2026-09-10T15:51:34.077Z,20260910T154752.561Z-3e1ee303,170,repeatability_return_work,telemetry,221.51047860000108,99,1921,2040,4049,947,,168.838,179.297,355.869,83.232,,0.35167187499999386,-0.527218750000003,-0.00014062499997180566,83.23199999999997,178.96496279682356,-1.098470688655331,48.44143745403585,178.96496279682356,1.098470688655331,48.44143745403585,179.66816315130788,0.0,47.02348315303158,1.9265832429766199,"{""elapsed_s"":221.51047860000108,""sample_index"":99,""id11_raw"":1921,""id12_raw"":2040,""id13_raw"":4049,""id14_raw"":947,""id11_deg"":168.838,""id12_deg"":179.297,""id13_deg"":355.869,""id14_deg"":83.232,""q1_deg"":0.35167187499999386,""q2_deg"":-0.527218750000003,""q3_deg"":-0.00014062499997180566,""q4_deg"":83.23199999999997,""physical_x_mm"":178.96496279682356,""physical_y_mm"":-1.098470688655331,""physical_z_mm"":48.44143745403585,""internal_x_mm"":178.96496279682356,""internal_y_mm"":1.098470688655331,""internal_z_mm"":48.44143745403585,""position_error_mm"":1.9265832429766199,""robot_timestamp_utc"":""2026-09-10T15:51:34.077+00:00"",""extra"":{""cycle"":4,""point"":""P03""},""target_x_mm"":179.66816315130788,""target_y_mm"":0.0,""target_z_mm"":47.02348315303158}"
2026-09-10T15:51:36.058Z,20260910T154752.561Z-3e1ee303,173,repeatability_phase_measured,telemetry,223.49099430000206,100,1919,2168,3957,682,,168.662,190.547,347.783,59.941,,0.17567187500000614,10.722781249999997,-8.086140624999985,59.941,256.352474806816,-0.7859926404688062,51.22758809036225,256.352474806816,0.7859926404688062,51.22758809036225,257.0,0.0,50.0,1.5950065286005273,"{""elapsed_s"":223.49099430000206,""sample_index"":100,""id11_raw"":1919,""id12_raw"":2168,""id13_raw"":3957,""id14_raw"":682,""id11_deg"":168.662,""id12_deg"":190.547,""id13_deg"":347.783,""id14_deg"":59.941,""q1_deg"":0.17567187500000614,""q2_deg"":10.722781249999997,""q3_deg"":-8.086140624999985,""q4_deg"":59.941,""physical_x_mm"":256.352474806816,""physical_y_mm"":-0.7859926404688062,""physical_z_mm"":51.22758809036225,""internal_x_mm"":256.352474806816,""internal_y_mm"":0.7859926404688062,""internal_z_mm"":51.22758809036225,""position_error_mm"":1.5950065286005273,""robot_timestamp_utc"":""2026-09-10T15:51:36.058+00:00"",""extra"":{""cycle"":4,""point"":""P04"",""phase"":""APPROACH""},""target_x_mm"":257.0,""target_y_mm"":0.0,""target_z_mm"":50.0}"
2026-09-10T15:51:38.036Z,20260910T154752.561Z-3e1ee303,175,repeatability_touch_sample,telemetry,225.46929880000243,101,1918,2312,3950,623,,168.57421875,203.203125,347.16796875,54.755859375,,0.087890625,23.37890625,-8.701171875,54.755859375,260.52457111049915,-0.39964000031960434,4.46312561416309,260.52457111049915,0.39964000031960434,4.46312561416309,257.0,0.0,0.0,5.701035334973757,"{""elapsed_s"":225.46929880000243,""sample_index"":101,""id11_raw"":1918,""id12_raw"":2312,""id13_raw"":3950,""id14_raw"":623,""id11_deg"":168.57421875,""id12_deg"":203.203125,""id13_deg"":347.16796875,""id14_deg"":54.755859375,""q1_deg"":0.087890625,""q2_deg"":23.37890625,""q3_deg"":-8.701171875,""q4_deg"":54.755859375,""physical_x_mm"":260.52457111049915,""physical_y_mm"":-0.39964000031960434,""physical_z_mm"":4.46312561416309,""internal_x_mm"":260.52457111049915,""internal_y_mm"":0.39964000031960434,""internal_z_mm"":4.46312561416309,""position_error_mm"":5.701035334973757,""robot_timestamp_utc"":""2026-09-10T15:51:38.036+00:00"",""extra"":{""cycle"":4,""point"":""P04"",""touch_index"":12,""touch_sample_index"":1,""id11_velocity_raw"":0,""id11_velocity_rpm"":0.0,""id11_current_raw"":-1,""id11_current_ma"":-2.69,""id11_pwm_raw"":-6,""id11_pwm_percent"":-0.6779661016949152,""id11_voltage_raw"":122,""id11_voltage_v"":12.200000000000001,""id11_temperature_c"":33,""id11_hardware_error"":0,""id11_moving"":0,""id11_moving_status"":1,""id12_velocity_raw"":0,""id12_velocity_rpm"":0.0,""id12_current_raw"":-25,""id12_current_ma"":-67.25,""id12_pwm_raw"":-16,""id12_pwm_percent"":-1.807909604519774,""id12_voltage_raw"":122,""id12_voltage_v"":12.200000000000001,""id12_temperature_c"":35,""id12_hardware_error"":0,""id12_moving"":0,""id12_moving_status"":49,""id13_velocity_raw"":0,""id13_velocity_rpm"":0.0,""id13_current_raw"":-14,""id13_current_ma"":-37.66,""id13_pwm_raw"":-9,""id13_pwm_percent"":-1.0169491525423728,""id13_voltage_raw"":120,""id13_voltage_v"":12.0,""id13_temperature_c"":35,""id13_hardware_error"":0,""id13_moving"":0,""id13_moving_status"":49,""id14_velocity_raw"":0,""id14_velocity_rpm"":0.0,""id14_current_raw"":-1,""id14_current_ma"":-2.69,""id14_pwm_raw"":2,""id14_pwm_percent"":0.22598870056497175,""id14_voltage_raw"":120,""id14_voltage_v"":12.0,""id14_temperature_c"":34,""id14_hardware_error"":0,""id14_moving"":0,""id14_moving_status"":1},""target_x_mm"":257.0,""target_y_mm"":0.0,""target_z_mm"":0.0}"
2026-09-10T15:51:38.113Z,20260910T154752.561Z-3e1ee303,176,repeatability_touch_sample,telemetry,225.54622820000077,102,1918,2313,3951,624,,168.57421875,203.291015625,347.255859375,54.84375,,0.087890625,23.466796875,-8.61328125,54.84375,259.90877972480206,-0.3986953874236775,3.7284433556121144,259.90877972480206,0.3986953874236775,3.7284433556121144,257.0,0.0,0.0,4.745655629665999,"{""elapsed_s"":225.54622820000077,""sample_index"":102,""id11_raw"":1918,""id12_raw"":2313,""id13_raw"":3951,""id14_raw"":624,""id11_deg"":168.57421875,""id12_deg"":203.291015625,""id13_deg"":347.255859375,""id14_deg"":54.84375,""q1_deg"":0.087890625,""q2_deg"":23.466796875,""q3_deg"":-8.61328125,""q4_deg"":54.84375,""physical_x_mm"":259.90877972480206,""physical_y_mm"":-0.3986953874236775,""physical_z_mm"":3.7284433556121144,""internal_x_mm"":259.90877972480206,""internal_y_mm"":0.3986953874236775,""internal_z_mm"":3.7284433556121144,""position_error_mm"":4.745655629665999,""robot_timestamp_utc"":""2026-09-10T15:51:38.113+00:00"",""extra"":{""cycle"":4,""point"":""P04"",""touch_index"":12,""touch_sample_index"":2,""id11_velocity_raw"":0,""id11_velocity_rpm"":0.0,""id11_current_raw"":-4,""id11_current_ma"":-10.76,""id11_pwm_raw"":-7,""id11_pwm_percent"":-0.7909604519774012,""id11_voltage_raw"":122,""id11_voltage_v"":12.200000000000001,""id11_temperature_c"":33,""id11_hardware_error"":0,""id11_moving"":0,""id11_moving_status"":1,""id12_velocity_raw"":0,""id12_velocity_rpm"":0.0,""id12_current_raw"":-28,""id12_current_ma"":-75.32,""id12_pwm_raw"":-21,""id12_pwm_percent"":-2.3728813559322033,""id12_voltage_raw"":121,""id12_voltage_v"":12.100000000000001,""id12_temperature_c"":35,""id12_hardware_error"":0,""id12_moving"":0,""id12_moving_status"":49,""id13_velocity_raw"":0,""id13_velocity_rpm"":0.0,""id13_current_raw"":-12,""id13_current_ma"":-32.28,""id13_pwm_raw"":-14,""id13_pwm_percent"":-1.5819209039548023,""id13_voltage_raw"":120,""id13_voltage_v"":12.0,""id13_temperature_c"":34,""id13_hardware_error"":0,""id13_moving"":0,""id13_moving_status"":49,""id14_velocity_raw"":0,""id14_velocity_rpm"":0.0,""id14_current_raw"":-1,""id14_current_ma"":-2.69,""id14_pwm_raw"":-4,""id14_pwm_percent"":-0.4519774011299435,""id14_voltage_raw"":120,""id14_voltage_v"":12.0,""id14_temperature_c"":34,""id14_hardware_error"":0,""id14_moving"":0,""id14_moving_status"":1},""target_x_mm"":257.0,""target_y_mm"":0.0,""target_z_mm"":0.0}"
2026-09-10T15:51:38.189Z,20260910T154752.561Z-3e1ee303,177,repeatability_touch_sample,telemetry,225.62209150000126,103,1918,2313,3951,624,,168.57421875,203.291015625,347.255859375,54.84375,,0.087890625,23.466796875,-8.61328125,54.84375,259.90877972480206,-0.3986953874236775,3.7284433556121144,259.90877972480206,0.3986953874236775,3.7284433556121144,257.0,0.0,0.0,4.745655629665999,"{""elapsed_s"":225.62209150000126,""sample_index"":103,""id11_raw"":1918,""id12_raw"":2313,""id13_raw"":3951,""id14_raw"":624,""id11_deg"":168.57421875,""id12_deg"":203.291015625,""id13_deg"":347.255859375,""id14_deg"":54.84375,""q1_deg"":0.087890625,""q2_deg"":23.466796875,""q3_deg"":-8.61328125,""q4_deg"":54.84375,""physical_x_mm"":259.90877972480206,""physical_y_mm"":-0.3986953874236775,""physical_z_mm"":3.7284433556121144,""internal_x_mm"":259.90877972480206,""internal_y_mm"":0.3986953874236775,""internal_z_mm"":3.7284433556121144,""position_error_mm"":4.745655629665999,""robot_timestamp_utc"":""2026-09-10T15:51:38.189+00:00"",""extra"":{""cycle"":4,""point"":""P04"",""touch_index"":12,""touch_sample_index"":3,""id11_velocity_raw"":0,""id11_velocity_rpm"":0.0,""id11_current_raw"":-4,""id11_current_ma"":-10.76,""id11_pwm_raw"":-7,""id11_pwm_percent"":-0.7909604519774012,""id11_voltage_raw"":122,""id11_voltage_v"":12.200000000000001,""id11_temperature_c"":33,""id11_hardware_error"":0,""id11_moving"":0,""id11_moving_status"":1,""id12_velocity_raw"":0,""id12_velocity_rpm"":0.0,""id12_current_raw"":-24,""id12_current_ma"":-64.56,""id12_pwm_raw"":-14,""id12_pwm_percent"":-1.5819209039548023,""id12_voltage_raw"":121,""id12_voltage_v"":12.100000000000001,""id12_temperature_c"":35,""id12_hardware_error"":0,""id12_moving"":0,""id12_moving_status"":49,""id13_velocity_raw"":0,""id13_velocity_rpm"":0.0,""id13_current_raw"":-10,""id13_current_ma"":-26.9,""id13_pwm_raw"":-12,""id13_pwm_percent"":-1.3559322033898304,""id13_voltage_raw"":119,""id13_voltage_v"":11.9,""id13_temperature_c"":34,""id13_hardware_error"":0,""id13_moving"":0,""id13_moving_status"":49,""id14_velocity_raw"":0,""id14_velocity_rpm"":0.0,""id14_current_raw"":-1,""id14_current_ma"":-2.69,""id14_pwm_raw"":-3,""id14_pwm_percent"":-0.3389830508474576,""id14_voltage_raw"":120,""id14_voltage_v"":12.0,""id14_temperature_c"":34,""id14_hardware_error"":0,""id14_moving"":0,""id14_moving_status"":1},""target_x_mm"":257.0,""target_y_mm"":0.0,""target_z_mm"":0.0}"
2026-09-10T15:51:38.269Z,20260910T154752.561Z-3e1ee303,178,repeatability_touch_sample,telemetry,225.70187870000154,104,1918,2313,3951,624,,168.57421875,203.291015625,347.255859375,54.84375,,0.087890625,23.466796875,-8.61328125,54.84375,259.90877972480206,-0.3986953874236775,3.7284433556121144,259.90877972480206,0.3986953874236775,3.7284433556121144,257.0,0.0,0.0,4.745655629665999,"{""elapsed_s"":225.70187870000154,""sample_index"":104,""id11_raw"":1918,""id12_raw"":2313,""id13_raw"":3951,""id14_raw"":624,""id11_deg"":168.57421875,""id12_deg"":203.291015625,""id13_deg"":347.255859375,""id14_deg"":54.84375,""q1_deg"":0.087890625,""q2_deg"":23.466796875,""q3_deg"":-8.61328125,""q4_deg"":54.84375,""physical_x_mm"":259.90877972480206,""physical_y_mm"":-0.3986953874236775,""physical_z_mm"":3.7284433556121144,""internal_x_mm"":259.90877972480206,""internal_y_mm"":0.3986953874236775,""internal_z_mm"":3.7284433556121144,""position_error_mm"":4.745655629665999,""robot_timestamp_utc"":""2026-09-10T15:51:38.269+00:00"",""extra"":{""cycle"":4,""point"":""P04"",""touch_index"":12,""touch_sample_index"":4,""id11_velocity_raw"":0,""id11_velocity_rpm"":0.0,""id11_current_raw"":-4,""id11_current_ma"":-10.76,""id11_pwm_raw"":-7,""id11_pwm_percent"":-0.7909604519774012,""id11_voltage_raw"":122,""id11_voltage_v"":12.200000000000001,""id11_temperature_c"":33,""id11_hardware_error"":0,""id11_moving"":0,""id11_moving_status"":1,""id12_velocity_raw"":0,""id12_velocity_rpm"":0.0,""id12_current_raw"":-30,""id12_current_ma"":-80.7,""id12_pwm_raw"":-19,""id12_pwm_percent"":-2.146892655367232,""id12_voltage_raw"":121,""id12_voltage_v"":12.100000000000001,""id12_temperature_c"":35,""id12_hardware_error"":0,""id12_moving"":0,""id12_moving_status"":49,""id13_velocity_raw"":0,""id13_velocity_rpm"":0.0,""id13_current_raw"":-11,""id13_current_ma"":-29.59,""id13_pwm_raw"":-10,""id13_pwm_percent"":-1.1299435028248588,""id13_voltage_raw"":119,""id13_voltage_v"":11.9,""id13_temperature_c"":34,""id13_hardware_error"":0,""id13_moving"":0,""id13_moving_status"":49,""id14_velocity_raw"":0,""id14_velocity_rpm"":0.0,""id14_current_raw"":-1,""id14_current_ma"":-2.69,""id14_pwm_raw"":3,""id14_pwm_percent"":0.3389830508474576,""id14_voltage_raw"":120,""id14_voltage_v"":12.0,""id14_temperature_c"":34,""id14_hardware_error"":0,""id14_moving"":0,""id14_moving_status"":1},""target_x_mm"":257.0,""target_y_mm"":0.0,""target_z_mm"":0.0}"
2026-09-10T15:51:38.343Z,20260910T154752.561Z-3e1ee303,179,repeatability_touch_sample,telemetry,225.7760608000026,105,1918,2312,3951,624,,168.57421875,203.203125,347.255859375,54.84375,,0.087890625,23.37890625,-8.61328125,54.84375,260.02011804281193,-0.39886617839842275,4.108816600051483,260.02011804281193,0.39886617839842275,4.108816600051483,257.0,0.0,0.0,5.114937054710151,"{""elapsed_s"":225.7760608000026,""sample_index"":105,""id11_raw"":1918,""id12_raw"":2312,""id13_raw"":3951,""id14_raw"":624,""id11_deg"":168.57421875,""id12_deg"":203.203125,""id13_deg"":347.255859375,""id14_deg"":54.84375,""q1_deg"":0.087890625,""q2_deg"":23.37890625,""q3_deg"":-8.61328125,""q4_deg"":54.84375,""physical_x_mm"":260.02011804281193,""physical_y_mm"":-0.39886617839842275,""physical_z_mm"":4.108816600051483,""internal_x_mm"":260.02011804281193,""internal_y_mm"":0.39886617839842275,""internal_z_mm"":4.108816600051483,""position_error_mm"":5.114937054710151,""robot_timestamp_utc"":""2026-09-10T15:51:38.343+00:00"",""extra"":{""cycle"":4,""point"":""P04"",""touch_index"":12,""touch_sample_index"":5,""id11_velocity_raw"":0,""id11_velocity_rpm"":0.0,""id11_current_raw"":-3,""id11_current_ma"":-8.07,""id11_pwm_raw"":-7,""id11_pwm_percent"":-0.7909604519774012,""id11_voltage_raw"":122,""id11_voltage_v"":12.200000000000001,""id11_temperature_c"":33,""id11_hardware_error"":0,""id11_moving"":0,""id11_moving_status"":1,""id12_velocity_raw"":0,""id12_velocity_rpm"":0.0,""id12_current_raw"":-24,""id12_current_ma"":-64.56,""id12_pwm_raw"":-18,""id12_pwm_percent"":-2.0338983050847457,""id12_voltage_raw"":121,""id12_voltage_v"":12.100000000000001,""id12_temperature_c"":35,""id12_hardware_error"":0,""id12_moving"":0,""id12_moving_status"":49,""id13_velocity_raw"":0,""id13_velocity_rpm"":0.0,""id13_current_raw"":-14,""id13_current_ma"":-37.66,""id13_pwm_raw"":-9,""id13_pwm_percent"":-1.0169491525423728,""id13_voltage_raw"":120,""id13_voltage_v"":12.0,""id13_temperature_c"":34,""id13_hardware_error"":0,""id13_moving"":0,""id13_moving_status"":49,""id14_velocity_raw"":0,""id14_velocity_rpm"":0.0,""id14_current_raw"":-1,""id14_current_ma"":-2.69,""id14_pwm_raw"":-2,""id14_pwm_percent"":-0.22598870056497175,""id14_voltage_raw"":120,""id14_voltage_v"":12.0,""id14_temperature_c"":34,""id14_hardware_error"":0,""id14_moving"":0,""id14_moving_status"":1},""target_x_mm"":257.0,""target_y_mm"":0.0,""target_z_mm"":0.0}"
2026-09-10T15:51:42.328Z,20260910T154752.561Z-3e1ee303,183,repeatability_phase_measured,telemetry,229.76146320000043,106,1917,2170,3952,684,,168.486,190.723,347.344,60.117,,-0.00032812500001000444,10.898781250000013,-8.525140625000006,60.11699999999999,256.96475420932745,0.00147160158557885,51.761210339492834,256.96475420932745,-0.00147160158557885,51.761210339492834,257.0,0.0,50.0,1.7615635927515712,"{""elapsed_s"":229.76146320000043,""sample_index"":106,""id11_raw"":1917,""id12_raw"":2170,""id13_raw"":3952,""id14_raw"":684,""id11_deg"":168.486,""id12_deg"":190.723,""id13_deg"":347.344,""id14_deg"":60.117,""q1_deg"":-0.00032812500001000444,""q2_deg"":10.898781250000013,""q3_deg"":-8.525140625000006,""q4_deg"":60.11699999999999,""physical_x_mm"":256.96475420932745,""physical_y_mm"":0.00147160158557885,""physical_z_mm"":51.761210339492834,""internal_x_mm"":256.96475420932745,""internal_y_mm"":-0.00147160158557885,""internal_z_mm"":51.761210339492834,""position_error_mm"":1.7615635927515712,""robot_timestamp_utc"":""2026-09-10T15:51:42.328+00:00"",""extra"":{""cycle"":4,""point"":""P04"",""phase"":""RETRACT""},""target_x_mm"":257.0,""target_y_mm"":0.0,""target_z_mm"":50.0}"
2026-09-10T15:51:44.186Z,20260910T154752.561Z-3e1ee303,184,repeatability_return_work,telemetry,231.61901900000157,107,1917,2045,4049,945,,168.486,179.736,355.869,83.057,,-0.00032812500001000444,-0.08821875000001,-0.00014062499997180566,83.05700000000002,179.2296164218133,0.0010264232093642343,47.221564202672425,179.2296164218133,-0.0010264232093642343,47.221564202672425,179.66816315130788,0.0,47.02348315303158,0.48120722118628445,"{""elapsed_s"":231.61901900000157,""sample_index"":107,""id11_raw"":1917,""id12_raw"":2045,""id13_raw"":4049,""id14_raw"":945,""id11_deg"":168.486,""id12_deg"":179.736,""id13_deg"":355.869,""id14_deg"":83.057,""q1_deg"":-0.00032812500001000444,""q2_deg"":-0.08821875000001,""q3_deg"":-0.00014062499997180566,""q4_deg"":83.05700000000002,""physical_x_mm"":179.2296164218133,""physical_y_mm"":0.0010264232093642343,""physical_z_mm"":47.221564202672425,""internal_x_mm"":179.2296164218133,""internal_y_mm"":-0.0010264232093642343,""internal_z_mm"":47.221564202672425,""position_error_mm"":0.48120722118628445,""robot_timestamp_utc"":""2026-09-10T15:51:44.186+00:00"",""extra"":{""cycle"":4,""point"":""P04""},""target_x_mm"":179.66816315130788,""target_y_mm"":0.0,""target_z_mm"":47.02348315303158}"
2026-09-10T15:51:46.747Z,20260910T154752.561Z-3e1ee303,187,repeatability_phase_measured,telemetry,234.17996660000063,108,1401,2063,4029,853,,123.135,181.318,354.111,74.971,,-45.35132812500001,1.493781250000012,-1.75814062500001,74.971,144.19617020108817,145.9754764453717,51.3228696692706,144.19617020108817,-145.9754764453717,51.3228696692706,146.0,145.0,50.0,2.440356613446778,"{""elapsed_s"":234.17996660000063,""sample_index"":108,""id11_raw"":1401,""id12_raw"":2063,""id13_raw"":4029,""id14_raw"":853,""id11_deg"":123.135,""id12_deg"":181.318,""id13_deg"":354.111,""id14_deg"":74.971,""q1_deg"":-45.35132812500001,""q2_deg"":1.493781250000012,""q3_deg"":-1.75814062500001,""q4_deg"":74.971,""physical_x_mm"":144.19617020108817,""physical_y_mm"":145.9754764453717,""physical_z_mm"":51.3228696692706,""internal_x_mm"":144.19617020108817,""internal_y_mm"":-145.9754764453717,""internal_z_mm"":51.3228696692706,""position_error_mm"":2.440356613446778,""robot_timestamp_utc"":""2026-09-10T15:51:46.747+00:00"",""extra"":{""cycle"":5,""point"":""P02"",""phase"":""APPROACH""},""target_x_mm"":146.0,""target_y_mm"":145.0,""target_z_mm"":50.0}"
2026-09-10T15:51:48.675Z,20260910T154752.561Z-3e1ee303,189,repeatability_touch_sample,telemetry,236.10754200000156,109,1405,2204,4082,738,,123.486328125,193.7109375,358.76953125,64.86328125,,-45.0,13.88671875,2.900390625,64.86328125,146.9225674391868,146.9225674391868,2.1676789664936678,146.9225674391868,-146.9225674391868,2.1676789664936678,146.0,145.0,0.0,3.0407611448201575,"{""elapsed_s"":236.10754200000156,""sample_index"":109,""id11_raw"":1405,""id12_raw"":2204,""id13_raw"":4082,""id14_raw"":738,""id11_deg"":123.486328125,""id12_deg"":193.7109375,""id13_deg"":358.76953125,""id14_deg"":64.86328125,""q1_deg"":-45.0,""q2_deg"":13.88671875,""q3_deg"":2.900390625,""q4_deg"":64.86328125,""physical_x_mm"":146.9225674391868,""physical_y_mm"":146.9225674391868,""physical_z_mm"":2.1676789664936678,""internal_x_mm"":146.9225674391868,""internal_y_mm"":-146.9225674391868,""internal_z_mm"":2.1676789664936678,""position_error_mm"":3.0407611448201575,""robot_timestamp_utc"":""2026-09-10T15:51:48.674+00:00"",""extra"":{""cycle"":5,""point"":""P02"",""touch_index"":13,""touch_sample_index"":1,""id11_velocity_raw"":0,""id11_velocity_rpm"":0.0,""id11_current_raw"":-1,""id11_current_ma"":-2.69,""id11_pwm_raw"":-1,""id11_pwm_percent"":-0.11299435028248588,""id11_voltage_raw"":122,""id11_voltage_v"":12.200000000000001,""id11_temperature_c"":33,""id11_hardware_error"":0,""id11_moving"":0,""id11_moving_status"":49,""id12_velocity_raw"":0,""id12_velocity_rpm"":0.0,""id12_current_raw"":-36,""id12_current_ma"":-96.84,""id12_pwm_raw"":-25,""id12_pwm_percent"":-2.824858757062147,""id12_voltage_raw"":121,""id12_voltage_v"":12.100000000000001,""id12_temperature_c"":36,""id12_hardware_error"":0,""id12_moving"":0,""id12_moving_status"":49,""id13_velocity_raw"":0,""id13_velocity_rpm"":0.0,""id13_current_raw"":-12,""id13_current_ma"":-32.28,""id13_pwm_raw"":-12,""id13_pwm_percent"":-1.3559322033898304,""id13_voltage_raw"":119,""id13_voltage_v"":11.9,""id13_temperature_c"":35,""id13_hardware_error"":0,""id13_moving"":0,""id13_moving_status"":49,""id14_velocity_raw"":0,""id14_velocity_rpm"":0.0,""id14_current_raw"":-2,""id14_current_ma"":-5.38,""id14_pwm_raw"":-8,""id14_pwm_percent"":-0.903954802259887,""id14_voltage_raw"":120,""id14_voltage_v"":12.0,""id14_temperature_c"":34,""id14_hardware_error"":0,""id14_moving"":0,""id14_moving_status"":1},""target_x_mm"":146.0,""target_y_mm"":145.0,""target_z_mm"":0.0}"
2026-09-10T15:51:48.752Z,20260910T154752.561Z-3e1ee303,190,repeatability_touch_sample,telemetry,236.18511399999988,110,1405,2204,4082,738,,123.486328125,193.7109375,358.76953125,64.86328125,,-45.0,13.88671875,2.900390625,64.86328125,146.9225674391868,146.9225674391868,2.1676789664936678,146.9225674391868,-146.9225674391868,2.1676789664936678,146.0,145.0,0.0,3.0407611448201575,"{""elapsed_s"":236.18511399999988,""sample_index"":110,""id11_raw"":1405,""id12_raw"":2204,""id13_raw"":4082,""id14_raw"":738,""id11_deg"":123.486328125,""id12_deg"":193.7109375,""id13_deg"":358.76953125,""id14_deg"":64.86328125,""q1_deg"":-45.0,""q2_deg"":13.88671875,""q3_deg"":2.900390625,""q4_deg"":64.86328125,""physical_x_mm"":146.9225674391868,""physical_y_mm"":146.9225674391868,""physical_z_mm"":2.1676789664936678,""internal_x_mm"":146.9225674391868,""internal_y_mm"":-146.9225674391868,""internal_z_mm"":2.1676789664936678,""position_error_mm"":3.0407611448201575,""robot_timestamp_utc"":""2026-09-10T15:51:48.752+00:00"",""extra"":{""cycle"":5,""point"":""P02"",""touch_index"":13,""touch_sample_index"":2,""id11_velocity_raw"":0,""id11_velocity_rpm"":0.0,""id11_current_raw"":-1,""id11_current_ma"":-2.69,""id11_pwm_raw"":0,""id11_pwm_percent"":0.0,""id11_voltage_raw"":122,""id11_voltage_v"":12.200000000000001,""id11_temperature_c"":33,""id11_hardware_error"":0,""id11_moving"":0,""id11_moving_status"":49,""id12_velocity_raw"":0,""id12_velocity_rpm"":0.0,""id12_current_raw"":-37,""id12_current_ma"":-99.53,""id12_pwm_raw"":-24,""id12_pwm_percent"":-2.711864406779661,""id12_voltage_raw"":121,""id12_voltage_v"":12.100000000000001,""id12_temperature_c"":36,""id12_hardware_error"":0,""id12_moving"":0,""id12_moving_status"":49,""id13_velocity_raw"":0,""id13_velocity_rpm"":0.0,""id13_current_raw"":-14,""id13_current_ma"":-37.66,""id13_pwm_raw"":-11,""id13_pwm_percent"":-1.2429378531073447,""id13_voltage_raw"":119,""id13_voltage_v"":11.9,""id13_temperature_c"":35,""id13_hardware_error"":0,""id13_moving"":0,""id13_moving_status"":49,""id14_velocity_raw"":0,""id14_velocity_rpm"":0.0,""id14_current_raw"":-2,""id14_current_ma"":-5.38,""id14_pwm_raw"":-2,""id14_pwm_percent"":-0.22598870056497175,""id14_voltage_raw"":120,""id14_voltage_v"":12.0,""id14_temperature_c"":34,""id14_hardware_error"":0,""id14_moving"":0,""id14_moving_status"":1},""target_x_mm"":146.0,""target_y_mm"":145.0,""target_z_mm"":0.0}"
2026-09-10T15:51:48.829Z,20260910T154752.561Z-3e1ee303,191,repeatability_touch_sample,telemetry,236.2617523000008,111,1405,2204,4082,738,,123.486328125,193.7109375,358.76953125,64.86328125,,-45.0,13.88671875,2.900390625,64.86328125,146.9225674391868,146.9225674391868,2.1676789664936678,146.9225674391868,-146.9225674391868,2.1676789664936678,146.0,145.0,0.0,3.0407611448201575,"{""elapsed_s"":236.2617523000008,""sample_index"":111,""id11_raw"":1405,""id12_raw"":2204,""id13_raw"":4082,""id14_raw"":738,""id11_deg"":123.486328125,""id12_deg"":193.7109375,""id13_deg"":358.76953125,""id14_deg"":64.86328125,""q1_deg"":-45.0,""q2_deg"":13.88671875,""q3_deg"":2.900390625,""q4_deg"":64.86328125,""physical_x_mm"":146.9225674391868,""physical_y_mm"":146.9225674391868,""physical_z_mm"":2.1676789664936678,""internal_x_mm"":146.9225674391868,""internal_y_mm"":-146.9225674391868,""internal_z_mm"":2.1676789664936678,""position_error_mm"":3.0407611448201575,""robot_timestamp_utc"":""2026-09-10T15:51:48.828+00:00"",""extra"":{""cycle"":5,""point"":""P02"",""touch_index"":13,""touch_sample_index"":3,""id11_velocity_raw"":0,""id11_velocity_rpm"":0.0,""id11_current_raw"":-1,""id11_current_ma"":-2.69,""id11_pwm_raw"":0,""id11_pwm_percent"":0.0,""id11_voltage_raw"":122,""id11_voltage_v"":12.200000000000001,""id11_temperature_c"":33,""id11_hardware_error"":0,""id11_moving"":0,""id11_moving_status"":49,""id12_velocity_raw"":0,""id12_velocity_rpm"":0.0,""id12_current_raw"":-44,""id12_current_ma"":-118.36,""id12_pwm_raw"":-30,""id12_pwm_percent"":-3.389830508474576,""id12_voltage_raw"":121,""id12_voltage_v"":12.100000000000001,""id12_temperature_c"":36,""id12_hardware_error"":0,""id12_moving"":0,""id12_moving_status"":49,""id13_velocity_raw"":0,""id13_velocity_rpm"":0.0,""id13_current_raw"":-12,""id13_current_ma"":-32.28,""id13_pwm_raw"":-10,""id13_pwm_percent"":-1.1299435028248588,""id13_voltage_raw"":119,""id13_voltage_v"":11.9,""id13_temperature_c"":35,""id13_hardware_error"":0,""id13_moving"":0,""id13_moving_status"":49,""id14_velocity_raw"":0,""id14_velocity_rpm"":0.0,""id14_current_raw"":-2,""id14_current_ma"":-5.38,""id14_pwm_raw"":-2,""id14_pwm_percent"":-0.22598870056497175,""id14_voltage_raw"":120,""id14_voltage_v"":12.0,""id14_temperature_c"":34,""id14_hardware_error"":0,""id14_moving"":0,""id14_moving_status"":1},""target_x_mm"":146.0,""target_y_mm"":145.0,""target_z_mm"":0.0}"
2026-09-10T15:51:48.907Z,20260910T154752.561Z-3e1ee303,192,repeatability_touch_sample,telemetry,236.34008910000193,112,1405,2205,4082,738,,123.486328125,193.798828125,358.76953125,64.86328125,,-45.0,13.974609375,2.900390625,64.86328125,146.84177719986275,146.84177719986275,1.8674439537749663,146.84177719986275,-146.84177719986275,1.8674439537749663,146.0,145.0,0.0,2.754646806513261,"{""elapsed_s"":236.34008910000193,""sample_index"":112,""id11_raw"":1405,""id12_raw"":2205,""id13_raw"":4082,""id14_raw"":738,""id11_deg"":123.486328125,""id12_deg"":193.798828125,""id13_deg"":358.76953125,""id14_deg"":64.86328125,""q1_deg"":-45.0,""q2_deg"":13.974609375,""q3_deg"":2.900390625,""q4_deg"":64.86328125,""physical_x_mm"":146.84177719986275,""physical_y_mm"":146.84177719986275,""physical_z_mm"":1.8674439537749663,""internal_x_mm"":146.84177719986275,""internal_y_mm"":-146.84177719986275,""internal_z_mm"":1.8674439537749663,""position_error_mm"":2.754646806513261,""robot_timestamp_utc"":""2026-09-10T15:51:48.907+00:00"",""extra"":{""cycle"":5,""point"":""P02"",""touch_index"":13,""touch_sample_index"":4,""id11_velocity_raw"":0,""id11_velocity_rpm"":0.0,""id11_current_raw"":-1,""id11_current_ma"":-2.69,""id11_pwm_raw"":1,""id11_pwm_percent"":0.11299435028248588,""id11_voltage_raw"":122,""id11_voltage_v"":12.200000000000001,""id11_temperature_c"":33,""id11_hardware_error"":0,""id11_moving"":0,""id11_moving_status"":49,""id12_velocity_raw"":0,""id12_velocity_rpm"":0.0,""id12_current_raw"":-37,""id12_current_ma"":-99.53,""id12_pwm_raw"":-29,""id12_pwm_percent"":-3.2768361581920904,""id12_voltage_raw"":121,""id12_voltage_v"":12.100000000000001,""id12_temperature_c"":35,""id12_hardware_error"":0,""id12_moving"":0,""id12_moving_status"":49,""id13_velocity_raw"":0,""id13_velocity_rpm"":0.0,""id13_current_raw"":-14,""id13_current_ma"":-37.66,""id13_pwm_raw"":-9,""id13_pwm_percent"":-1.0169491525423728,""id13_voltage_raw"":119,""id13_voltage_v"":11.9,""id13_temperature_c"":35,""id13_hardware_error"":0,""id13_moving"":0,""id13_moving_status"":49,""id14_velocity_raw"":0,""id14_velocity_rpm"":0.0,""id14_current_raw"":-1,""id14_current_ma"":-2.69,""id14_pwm_raw"":-1,""id14_pwm_percent"":-0.11299435028248588,""id14_voltage_raw"":120,""id14_voltage_v"":12.0,""id14_temperature_c"":34,""id14_hardware_error"":0,""id14_moving"":0,""id14_moving_status"":1},""target_x_mm"":146.0,""target_y_mm"":145.0,""target_z_mm"":0.0}"
2026-09-10T15:51:48.983Z,20260910T154752.561Z-3e1ee303,193,repeatability_touch_sample,telemetry,236.41648329999953,113,1405,2204,4082,738,,123.486328125,193.7109375,358.76953125,64.86328125,,-45.0,13.88671875,2.900390625,64.86328125,146.9225674391868,146.9225674391868,2.1676789664936678,146.9225674391868,-146.9225674391868,2.1676789664936678,146.0,145.0,0.0,3.0407611448201575,"{""elapsed_s"":236.41648329999953,""sample_index"":113,""id11_raw"":1405,""id12_raw"":2204,""id13_raw"":4082,""id14_raw"":738,""id11_deg"":123.486328125,""id12_deg"":193.7109375,""id13_deg"":358.76953125,""id14_deg"":64.86328125,""q1_deg"":-45.0,""q2_deg"":13.88671875,""q3_deg"":2.900390625,""q4_deg"":64.86328125,""physical_x_mm"":146.9225674391868,""physical_y_mm"":146.9225674391868,""physical_z_mm"":2.1676789664936678,""internal_x_mm"":146.9225674391868,""internal_y_mm"":-146.9225674391868,""internal_z_mm"":2.1676789664936678,""position_error_mm"":3.0407611448201575,""robot_timestamp_utc"":""2026-09-10T15:51:48.983+00:00"",""extra"":{""cycle"":5,""point"":""P02"",""touch_index"":13,""touch_sample_index"":5,""id11_velocity_raw"":0,""id11_velocity_rpm"":0.0,""id11_current_raw"":-1,""id11_current_ma"":-2.69,""id11_pwm_raw"":1,""id11_pwm_percent"":0.11299435028248588,""id11_voltage_raw"":122,""id11_voltage_v"":12.200000000000001,""id11_temperature_c"":33,""id11_hardware_error"":0,""id11_moving"":0,""id11_moving_status"":49,""id12_velocity_raw"":0,""id12_velocity_rpm"":0.0,""id12_current_raw"":-34,""id12_current_ma"":-91.46,""id12_pwm_raw"":-21,""id12_pwm_percent"":-2.3728813559322033,""id12_voltage_raw"":121,""id12_voltage_v"":12.100000000000001,""id12_temperature_c"":36,""id12_hardware_error"":0,""id12_moving"":0,""id12_moving_status"":49,""id13_velocity_raw"":0,""id13_velocity_rpm"":0.0,""id13_current_raw"":-13,""id13_current_ma"":-34.97,""id13_pwm_raw"":-8,""id13_pwm_percent"":-0.903954802259887,""id13_voltage_raw"":119,""id13_voltage_v"":11.9,""id13_temperature_c"":35,""id13_hardware_error"":0,""id13_moving"":0,""id13_moving_status"":49,""id14_velocity_raw"":0,""id14_velocity_rpm"":0.0,""id14_current_raw"":-1,""id14_current_ma"":-2.69,""id14_pwm_raw"":-1,""id14_pwm_percent"":-0.11299435028248588,""id14_voltage_raw"":120,""id14_voltage_v"":12.0,""id14_temperature_c"":34,""id14_hardware_error"":0,""id14_moving"":0,""id14_moving_status"":1},""target_x_mm"":146.0,""target_y_mm"":145.0,""target_z_mm"":0.0}"
2026-09-10T15:51:50.961Z,20260910T154752.561Z-3e1ee303,196,repeatability_phase_measured,telemetry,238.39362280000205,114,1406,2076,4029,853,,123.574,182.461,354.111,74.971,,-44.91232812499999,2.6367812500000127,-1.75814062500001,74.971,144.9274957501278,144.48464768555075,47.47424162237817,144.9274957501278,-144.48464768555075,47.47424162237817,146.0,145.0,50.0,2.7920080150545696,"{""elapsed_s"":238.39362280000205,""sample_index"":114,""id11_raw"":1406,""id12_raw"":2076,""id13_raw"":4029,""id14_raw"":853,""id11_deg"":123.574,""id12_deg"":182.461,""id13_deg"":354.111,""id14_deg"":74.971,""q1_deg"":-44.91232812499999,""q2_deg"":2.6367812500000127,""q3_deg"":-1.75814062500001,""q4_deg"":74.971,""physical_x_mm"":144.9274957501278,""physical_y_mm"":144.48464768555075,""physical_z_mm"":47.47424162237817,""internal_x_mm"":144.9274957501278,""internal_y_mm"":-144.48464768555075,""internal_z_mm"":47.47424162237817,""position_error_mm"":2.7920080150545696,""robot_timestamp_utc"":""2026-09-10T15:51:50.961+00:00"",""extra"":{""cycle"":5,""point"":""P02"",""phase"":""RETRACT""},""target_x_mm"":146.0,""target_y_mm"":145.0,""target_z_mm"":50.0}"
2026-09-10T15:51:53.320Z,20260910T154752.561Z-3e1ee303,197,repeatability_return_work,telemetry,240.75312290000147,115,1924,2047,4046,944,,169.102,179.912,355.605,82.969,,0.6156718750000039,0.08778125000000614,-0.2641406249999818,82.969,180.0956991309362,-1.9352930619538704,47.398710909428644,180.0956991309362,1.9352930619538704,47.398710909428644,179.66816315130788,0.0,47.02348315303158,2.017161896996448,"{""elapsed_s"":240.75312290000147,""sample_index"":115,""id11_raw"":1924,""id12_raw"":2047,""id13_raw"":4046,""id14_raw"":944,""id11_deg"":169.102,""id12_deg"":179.912,""id13_deg"":355.605,""id14_deg"":82.969,""q1_deg"":0.6156718750000039,""q2_deg"":0.08778125000000614,""q3_deg"":-0.2641406249999818,""q4_deg"":82.969,""physical_x_mm"":180.0956991309362,""physical_y_mm"":-1.9352930619538704,""physical_z_mm"":47.398710909428644,""internal_x_mm"":180.0956991309362,""internal_y_mm"":1.9352930619538704,""internal_z_mm"":47.398710909428644,""position_error_mm"":2.017161896996448,""robot_timestamp_utc"":""2026-09-10T15:51:53.320+00:00"",""extra"":{""cycle"":5,""point"":""P02""},""target_x_mm"":179.66816315130788,""target_y_mm"":0.0,""target_z_mm"":47.02348315303158}"
2026-09-10T15:51:55.440Z,20260910T154752.561Z-3e1ee303,200,repeatability_phase_measured,telemetry,242.87330280000242,116,1580,2277,3870,565,,138.867,200.127,340.137,49.658,,-29.61932812500001,20.30278125000001,-15.732140625,49.658000000000015,256.70968757501,145.94596602056853,49.576532780830945,256.70968757501,-145.94596602056853,49.576532780830945,257.0,145.0,50.0,1.0763166364433034,"{""elapsed_s"":242.87330280000242,""sample_index"":116,""id11_raw"":1580,""id12_raw"":2277,""id13_raw"":3870,""id14_raw"":565,""id11_deg"":138.867,""id12_deg"":200.127,""id13_deg"":340.137,""id14_deg"":49.658,""q1_deg"":-29.61932812500001,""q2_deg"":20.30278125000001,""q3_deg"":-15.732140625,""q4_deg"":49.658000000000015,""physical_x_mm"":256.70968757501,""physical_y_mm"":145.94596602056853,""physical_z_mm"":49.576532780830945,""internal_x_mm"":256.70968757501,""internal_y_mm"":-145.94596602056853,""internal_z_mm"":49.576532780830945,""position_error_mm"":1.0763166364433034,""robot_timestamp_utc"":""2026-09-10T15:51:55.440+00:00"",""extra"":{""cycle"":5,""point"":""P03"",""phase"":""APPROACH""},""target_x_mm"":257.0,""target_y_mm"":145.0,""target_z_mm"":50.0}"
2026-09-10T15:51:57.965Z,20260910T154752.561Z-3e1ee303,202,repeatability_touch_sample,telemetry,245.39761820000058,117,1580,2398,3869,508,,138.8671875,210.76171875,340.048828125,44.6484375,,-29.619140625,30.9375,-15.8203125,44.6484375,259.06994267318356,147.2867090553704,4.49983333140753,259.06994267318356,-147.2867090553704,4.49983333140753,257.0,145.0,0.0,5.455474405093065,"{""elapsed_s"":245.39761820000058,""sample_index"":117,""id11_raw"":1580,""id12_raw"":2398,""id13_raw"":3869,""id14_raw"":508,""id11_deg"":138.8671875,""id12_deg"":210.76171875,""id13_deg"":340.048828125,""id14_deg"":44.6484375,""q1_deg"":-29.619140625,""q2_deg"":30.9375,""q3_deg"":-15.8203125,""q4_deg"":44.6484375,""physical_x_mm"":259.06994267318356,""physical_y_mm"":147.2867090553704,""physical_z_mm"":4.49983333140753,""internal_x_mm"":259.06994267318356,""internal_y_mm"":-147.2867090553704,""internal_z_mm"":4.49983333140753,""position_error_mm"":5.455474405093065,""robot_timestamp_utc"":""2026-09-10T15:51:57.964+00:00"",""extra"":{""cycle"":5,""point"":""P03"",""touch_index"":14,""touch_sample_index"":1,""id11_velocity_raw"":0,""id11_velocity_rpm"":0.0,""id11_current_raw"":16,""id11_current_ma"":43.04,""id11_pwm_raw"":13,""id11_pwm_percent"":1.4689265536723164,""id11_voltage_raw"":122,""id11_voltage_v"":12.200000000000001,""id11_temperature_c"":33,""id11_hardware_error"":0,""id11_moving"":0,""id11_moving_status"":49,""id12_velocity_raw"":0,""id12_velocity_rpm"":0.0,""id12_current_raw"":-14,""id12_current_ma"":-37.66,""id12_pwm_raw"":-9,""id12_pwm_percent"":-1.0169491525423728,""id12_voltage_raw"":121,""id12_voltage_v"":12.100000000000001,""id12_temperature_c"":36,""id12_hardware_error"":0,""id12_moving"":0,""id12_moving_status"":49,""id13_velocity_raw"":0,""id13_velocity_rpm"":0.0,""id13_current_raw"":-9,""id13_current_ma"":-24.21,""id13_pwm_raw"":-11,""id13_pwm_percent"":-1.2429378531073447,""id13_voltage_raw"":120,""id13_voltage_v"":12.0,""id13_temperature_c"":34,""id13_hardware_error"":0,""id13_moving"":0,""id13_moving_status"":49,""id14_velocity_raw"":0,""id14_velocity_rpm"":0.0,""id14_current_raw"":10,""id14_current_ma"":26.9,""id14_pwm_raw"":9,""id14_pwm_percent"":1.0169491525423728,""id14_voltage_raw"":120,""id14_voltage_v"":12.0,""id14_temperature_c"":34,""id14_hardware_error"":0,""id14_moving"":0,""id14_moving_status"":1},""target_x_mm"":257.0,""target_y_mm"":145.0,""target_z_mm"":0.0}"
2026-09-10T15:51:58.041Z,20260910T154752.561Z-3e1ee303,203,repeatability_touch_sample,telemetry,245.4743793000016,118,1580,2398,3869,508,,138.8671875,210.76171875,340.048828125,44.6484375,,-29.619140625,30.9375,-15.8203125,44.6484375,259.06994267318356,147.2867090553704,4.49983333140753,259.06994267318356,-147.2867090553704,4.49983333140753,257.0,145.0,0.0,5.455474405093065,"{""elapsed_s"":245.4743793000016,""sample_index"":118,""id11_raw"":1580,""id12_raw"":2398,""id13_raw"":3869,""id14_raw"":508,""id11_deg"":138.8671875,""id12_deg"":210.76171875,""id13_deg"":340.048828125,""id14_deg"":44.6484375,""q1_deg"":-29.619140625,""q2_deg"":30.9375,""q3_deg"":-15.8203125,""q4_deg"":44.6484375,""physical_x_mm"":259.06994267318356,""physical_y_mm"":147.2867090553704,""physical_z_mm"":4.49983333140753,""internal_x_mm"":259.06994267318356,""internal_y_mm"":-147.2867090553704,""internal_z_mm"":4.49983333140753,""position_error_mm"":5.455474405093065,""robot_timestamp_utc"":""2026-09-10T15:51:58.041+00:00"",""extra"":{""cycle"":5,""point"":""P03"",""touch_index"":14,""touch_sample_index"":2,""id11_velocity_raw"":0,""id11_velocity_rpm"":0.0,""id11_current_raw"":16,""id11_current_ma"":43.04,""id11_pwm_raw"":14,""id11_pwm_percent"":1.5819209039548023,""id11_voltage_raw"":121,""id11_voltage_v"":12.100000000000001,""id11_temperature_c"":33,""id11_hardware_error"":0,""id11_moving"":0,""id11_moving_status"":49,""id12_velocity_raw"":0,""id12_velocity_rpm"":0.0,""id12_current_raw"":-14,""id12_current_ma"":-37.66,""id12_pwm_raw"":-8,""id12_pwm_percent"":-0.903954802259887,""id12_voltage_raw"":121,""id12_voltage_v"":12.100000000000001,""id12_temperature_c"":36,""id12_hardware_error"":0,""id12_moving"":0,""id12_moving_status"":49,""id13_velocity_raw"":0,""id13_velocity_rpm"":0.0,""id13_current_raw"":-11,""id13_current_ma"":-29.59,""id13_pwm_raw"":-9,""id13_pwm_percent"":-1.0169491525423728,""id13_voltage_raw"":120,""id13_voltage_v"":12.0,""id13_temperature_c"":34,""id13_hardware_error"":0,""id13_moving"":0,""id13_moving_status"":49,""id14_velocity_raw"":0,""id14_velocity_rpm"":0.0,""id14_current_raw"":9,""id14_current_ma"":24.21,""id14_pwm_raw"":3,""id14_pwm_percent"":0.3389830508474576,""id14_voltage_raw"":120,""id14_voltage_v"":12.0,""id14_temperature_c"":34,""id14_hardware_error"":0,""id14_moving"":0,""id14_moving_status"":1},""target_x_mm"":257.0,""target_y_mm"":145.0,""target_z_mm"":0.0}"
2026-09-10T15:51:58.121Z,20260910T154752.561Z-3e1ee303,204,repeatability_touch_sample,telemetry,245.55386740000176,119,1580,2399,3869,509,,138.8671875,210.849609375,340.048828125,44.736328125,,-29.619140625,31.025390625,-15.8203125,44.736328125,258.7905463590069,147.12786637677686,3.9390842228763745,258.7905463590069,-147.12786637677686,3.9390842228763745,257.0,145.0,0.0,4.821851936350175,"{""elapsed_s"":245.55386740000176,""sample_index"":119,""id11_raw"":1580,""id12_raw"":2399,""id13_raw"":3869,""id14_raw"":509,""id11_deg"":138.8671875,""id12_deg"":210.849609375,""id13_deg"":340.048828125,""id14_deg"":44.736328125,""q1_deg"":-29.619140625,""q2_deg"":31.025390625,""q3_deg"":-15.8203125,""q4_deg"":44.736328125,""physical_x_mm"":258.7905463590069,""physical_y_mm"":147.12786637677686,""physical_z_mm"":3.9390842228763745,""internal_x_mm"":258.7905463590069,""internal_y_mm"":-147.12786637677686,""internal_z_mm"":3.9390842228763745,""position_error_mm"":4.821851936350175,""robot_timestamp_utc"":""2026-09-10T15:51:58.121+00:00"",""extra"":{""cycle"":5,""point"":""P03"",""touch_index"":14,""touch_sample_index"":3,""id11_velocity_raw"":0,""id11_velocity_rpm"":0.0,""id11_current_raw"":16,""id11_current_ma"":43.04,""id11_pwm_raw"":14,""id11_pwm_percent"":1.5819209039548023,""id11_voltage_raw"":121,""id11_voltage_v"":12.100000000000001,""id11_temperature_c"":33,""id11_hardware_error"":0,""id11_moving"":0,""id11_moving_status"":49,""id12_velocity_raw"":0,""id12_velocity_rpm"":0.0,""id12_current_raw"":-10,""id12_current_ma"":-26.9,""id12_pwm_raw"":-14,""id12_pwm_percent"":-1.5819209039548023,""id12_voltage_raw"":120,""id12_voltage_v"":12.0,""id12_temperature_c"":36,""id12_hardware_error"":0,""id12_moving"":0,""id12_moving_status"":49,""id13_velocity_raw"":0,""id13_velocity_rpm"":0.0,""id13_current_raw"":-9,""id13_current_ma"":-24.21,""id13_pwm_raw"":-2,""id13_pwm_percent"":-0.22598870056497175,""id13_voltage_raw"":120,""id13_voltage_v"":12.0,""id13_temperature_c"":33,""id13_hardware_error"":0,""id13_moving"":0,""id13_moving_status"":49,""id14_velocity_raw"":0,""id14_velocity_rpm"":0.0,""id14_current_raw"":0,""id14_current_ma"":0.0,""id14_pwm_raw"":4,""id14_pwm_percent"":0.4519774011299435,""id14_voltage_raw"":121,""id14_voltage_v"":12.100000000000001,""id14_temperature_c"":34,""id14_hardware_error"":0,""id14_moving"":0,""id14_moving_status"":1},""target_x_mm"":257.0,""target_y_mm"":145.0,""target_z_mm"":0.0}"
2026-09-10T15:51:58.197Z,20260910T154752.561Z-3e1ee303,205,repeatability_touch_sample,telemetry,245.62992280000253,120,1580,2399,3869,509,,138.8671875,210.849609375,340.048828125,44.736328125,,-29.619140625,31.025390625,-15.8203125,44.736328125,258.7905463590069,147.12786637677686,3.9390842228763745,258.7905463590069,-147.12786637677686,3.9390842228763745,257.0,145.0,0.0,4.821851936350175,"{""elapsed_s"":245.62992280000253,""sample_index"":120,""id11_raw"":1580,""id12_raw"":2399,""id13_raw"":3869,""id14_raw"":509,""id11_deg"":138.8671875,""id12_deg"":210.849609375,""id13_deg"":340.048828125,""id14_deg"":44.736328125,""q1_deg"":-29.619140625,""q2_deg"":31.025390625,""q3_deg"":-15.8203125,""q4_deg"":44.736328125,""physical_x_mm"":258.7905463590069,""physical_y_mm"":147.12786637677686,""physical_z_mm"":3.9390842228763745,""internal_x_mm"":258.7905463590069,""internal_y_mm"":-147.12786637677686,""internal_z_mm"":3.9390842228763745,""position_error_mm"":4.821851936350175,""robot_timestamp_utc"":""2026-09-10T15:51:58.197+00:00"",""extra"":{""cycle"":5,""point"":""P03"",""touch_index"":14,""touch_sample_index"":4,""id11_velocity_raw"":0,""id11_velocity_rpm"":0.0,""id11_current_raw"":16,""id11_current_ma"":43.04,""id11_pwm_raw"":15,""id11_pwm_percent"":1.694915254237288,""id11_voltage_raw"":122,""id11_voltage_v"":12.200000000000001,""id11_temperature_c"":32,""id11_hardware_error"":0,""id11_moving"":0,""id11_moving_status"":49,""id12_velocity_raw"":0,""id12_velocity_rpm"":0.0,""id12_current_raw"":-19,""id12_current_ma"":-51.11,""id12_pwm_raw"":-14,""id12_pwm_percent"":-1.5819209039548023,""id12_voltage_raw"":121,""id12_voltage_v"":12.100000000000001,""id12_temperature_c"":36,""id12_hardware_error"":0,""id12_moving"":0,""id12_moving_status"":49,""id13_velocity_raw"":0,""id13_velocity_rpm"":0.0,""id13_current_raw"":-4,""id13_current_ma"":-10.76,""id13_pwm_raw"":-6,""id13_pwm_percent"":-0.6779661016949152,""id13_voltage_raw"":120,""id13_voltage_v"":12.0,""id13_temperature_c"":35,""id13_hardware_error"":0,""id13_moving"":0,""id13_moving_status"":49,""id14_velocity_raw"":0,""id14_velocity_rpm"":0.0,""id14_current_raw"":0,""id14_current_ma"":0.0,""id14_pwm_raw"":5,""id14_pwm_percent"":0.5649717514124294,""id14_voltage_raw"":121,""id14_voltage_v"":12.100000000000001,""id14_temperature_c"":34,""id14_hardware_error"":0,""id14_moving"":0,""id14_moving_status"":1},""target_x_mm"":257.0,""target_y_mm"":145.0,""target_z_mm"":0.0}"
2026-09-10T15:51:58.276Z,20260910T154752.561Z-3e1ee303,206,repeatability_touch_sample,telemetry,245.7093605000009,121,1580,2399,3870,509,,138.8671875,210.849609375,340.13671875,44.736328125,,-29.619140625,31.025390625,-15.732421875,44.736328125,258.56380300796263,146.99895801469174,3.63379244044566,258.56380300796263,-146.99895801469174,3.63379244044566,257.0,145.0,0.0,4.432353832046054,"{""elapsed_s"":245.7093605000009,""sample_index"":121,""id11_raw"":1580,""id12_raw"":2399,""id13_raw"":3870,""id14_raw"":509,""id11_deg"":138.8671875,""id12_deg"":210.849609375,""id13_deg"":340.13671875,""id14_deg"":44.736328125,""q1_deg"":-29.619140625,""q2_deg"":31.025390625,""q3_deg"":-15.732421875,""q4_deg"":44.736328125,""physical_x_mm"":258.56380300796263,""physical_y_mm"":146.99895801469174,""physical_z_mm"":3.63379244044566,""internal_x_mm"":258.56380300796263,""internal_y_mm"":-146.99895801469174,""internal_z_mm"":3.63379244044566,""position_error_mm"":4.432353832046054,""robot_timestamp_utc"":""2026-09-10T15:51:58.276+00:00"",""extra"":{""cycle"":5,""point"":""P03"",""touch_index"":14,""touch_sample_index"":5,""id11_velocity_raw"":0,""id11_velocity_rpm"":0.0,""id11_current_raw"":17,""id11_current_ma"":45.73,""id11_pwm_raw"":15,""id11_pwm_percent"":1.694915254237288,""id11_voltage_raw"":122,""id11_voltage_v"":12.200000000000001,""id11_temperature_c"":33,""id11_hardware_error"":0,""id11_moving"":0,""id11_moving_status"":49,""id12_velocity_raw"":0,""id12_velocity_rpm"":0.0,""id12_current_raw"":-15,""id12_current_ma"":-40.35,""id12_pwm_raw"":-13,""id12_pwm_percent"":-1.4689265536723164,""id12_voltage_raw"":121,""id12_voltage_v"":12.100000000000001,""id12_temperature_c"":35,""id12_hardware_error"":0,""id12_moving"":0,""id12_moving_status"":49,""id13_velocity_raw"":0,""id13_velocity_rpm"":0.0,""id13_current_raw"":-8,""id13_current_ma"":-21.52,""id13_pwm_raw"":-11,""id13_pwm_percent"":-1.2429378531073447,""id13_voltage_raw"":120,""id13_voltage_v"":12.0,""id13_temperature_c"":35,""id13_hardware_error"":0,""id13_moving"":0,""id13_moving_status"":49,""id14_velocity_raw"":0,""id14_velocity_rpm"":0.0,""id14_current_raw"":0,""id14_current_ma"":0.0,""id14_pwm_raw"":6,""id14_pwm_percent"":0.6779661016949152,""id14_voltage_raw"":120,""id14_voltage_v"":12.0,""id14_temperature_c"":34,""id14_hardware_error"":0,""id14_moving"":0,""id14_moving_status"":1},""target_x_mm"":257.0,""target_y_mm"":145.0,""target_z_mm"":0.0}"
2026-09-10T15:52:01.285Z,20260910T154752.561Z-3e1ee303,209,repeatability_phase_measured,telemetry,248.7179348000027,122,1582,2284,3869,569,,139.043,200.742,340.049,50.01,,-29.443328124999994,20.91778124999999,-15.820140625000022,50.00999999999999,256.3843069106964,144.72068157948357,46.307309426803414,256.3843069106964,-144.72068157948357,46.307309426803414,257.0,145.0,50.0,3.7540725125696395,"{""elapsed_s"":248.7179348000027,""sample_index"":122,""id11_raw"":1582,""id12_raw"":2284,""id13_raw"":3869,""id14_raw"":569,""id11_deg"":139.043,""id12_deg"":200.742,""id13_deg"":340.049,""id14_deg"":50.01,""q1_deg"":-29.443328124999994,""q2_deg"":20.91778124999999,""q3_deg"":-15.820140625000022,""q4_deg"":50.00999999999999,""physical_x_mm"":256.3843069106964,""physical_y_mm"":144.72068157948357,""physical_z_mm"":46.307309426803414,""internal_x_mm"":256.3843069106964,""internal_y_mm"":-144.72068157948357,""internal_z_mm"":46.307309426803414,""position_error_mm"":3.7540725125696395,""robot_timestamp_utc"":""2026-09-10T15:52:01.285+00:00"",""extra"":{""cycle"":5,""point"":""P03"",""phase"":""RETRACT""},""target_x_mm"":257.0,""target_y_mm"":145.0,""target_z_mm"":50.0}"
2026-09-10T15:52:03.373Z,20260910T154752.561Z-3e1ee303,210,repeatability_return_work,telemetry,250.80560550000155,123,1922,2040,4049,947,,168.926,179.297,355.869,83.232,,0.4396718749999877,-0.527218750000003,-0.00014062499997180566,83.23199999999997,178.96306458231342,-1.373339735458121,48.44143745403585,178.96306458231342,1.373339735458121,48.44143745403585,179.66816315130788,0.0,47.02348315303158,2.096144179373816,"{""elapsed_s"":250.80560550000155,""sample_index"":123,""id11_raw"":1922,""id12_raw"":2040,""id13_raw"":4049,""id14_raw"":947,""id11_deg"":168.926,""id12_deg"":179.297,""id13_deg"":355.869,""id14_deg"":83.232,""q1_deg"":0.4396718749999877,""q2_deg"":-0.527218750000003,""q3_deg"":-0.00014062499997180566,""q4_deg"":83.23199999999997,""physical_x_mm"":178.96306458231342,""physical_y_mm"":-1.373339735458121,""physical_z_mm"":48.44143745403585,""internal_x_mm"":178.96306458231342,""internal_y_mm"":1.373339735458121,""internal_z_mm"":48.44143745403585,""position_error_mm"":2.096144179373816,""robot_timestamp_utc"":""2026-09-10T15:52:03.373+00:00"",""extra"":{""cycle"":5,""point"":""P03""},""target_x_mm"":179.66816315130788,""target_y_mm"":0.0,""target_z_mm"":47.02348315303158}"
2026-09-10T15:52:05.289Z,20260910T154752.561Z-3e1ee303,213,repeatability_phase_measured,telemetry,252.72245530000146,124,1919,2170,3957,682,,168.662,190.723,347.783,59.941,,0.17567187500000614,10.898781250000013,-8.086140624999985,59.941,256.27369118392403,-0.7857510849783462,50.47710788358006,256.27369118392403,0.7857510849783462,50.47710788358006,257.0,0.0,50.0,1.171563569094128,"{""elapsed_s"":252.72245530000146,""sample_index"":124,""id11_raw"":1919,""id12_raw"":2170,""id13_raw"":3957,""id14_raw"":682,""id11_deg"":168.662,""id12_deg"":190.723,""id13_deg"":347.783,""id14_deg"":59.941,""q1_deg"":0.17567187500000614,""q2_deg"":10.898781250000013,""q3_deg"":-8.086140624999985,""q4_deg"":59.941,""physical_x_mm"":256.27369118392403,""physical_y_mm"":-0.7857510849783462,""physical_z_mm"":50.47710788358006,""internal_x_mm"":256.27369118392403,""internal_y_mm"":0.7857510849783462,""internal_z_mm"":50.47710788358006,""position_error_mm"":1.171563569094128,""robot_timestamp_utc"":""2026-09-10T15:52:05.289+00:00"",""extra"":{""cycle"":5,""point"":""P04"",""phase"":""APPROACH""},""target_x_mm"":257.0,""target_y_mm"":0.0,""target_z_mm"":50.0}"
2026-09-10T15:52:07.216Z,20260910T154752.561Z-3e1ee303,215,repeatability_touch_sample,telemetry,254.64885800000047,125,1918,2312,3950,624,,168.57421875,203.203125,347.16796875,54.84375,,0.087890625,23.37890625,-8.701171875,54.84375,260.29657878565837,-0.3992902641991921,4.377780790595494,260.29657878565837,0.3992902641991921,4.377780790595494,257.0,0.0,0.0,5.494709187540682,"{""elapsed_s"":254.64885800000047,""sample_index"":125,""id11_raw"":1918,""id12_raw"":2312,""id13_raw"":3950,""id14_raw"":624,""id11_deg"":168.57421875,""id12_deg"":203.203125,""id13_deg"":347.16796875,""id14_deg"":54.84375,""q1_deg"":0.087890625,""q2_deg"":23.37890625,""q3_deg"":-8.701171875,""q4_deg"":54.84375,""physical_x_mm"":260.29657878565837,""physical_y_mm"":-0.3992902641991921,""physical_z_mm"":4.377780790595494,""internal_x_mm"":260.29657878565837,""internal_y_mm"":0.3992902641991921,""internal_z_mm"":4.377780790595494,""position_error_mm"":5.494709187540682,""robot_timestamp_utc"":""2026-09-10T15:52:07.216+00:00"",""extra"":{""cycle"":5,""point"":""P04"",""touch_index"":15,""touch_sample_index"":1,""id11_velocity_raw"":0,""id11_velocity_rpm"":0.0,""id11_current_raw"":-3,""id11_current_ma"":-8.07,""id11_pwm_raw"":-12,""id11_pwm_percent"":-1.3559322033898304,""id11_voltage_raw"":122,""id11_voltage_v"":12.200000000000001,""id11_temperature_c"":33,""id11_hardware_error"":0,""id11_moving"":0,""id11_moving_status"":1,""id12_velocity_raw"":0,""id12_velocity_rpm"":0.0,""id12_current_raw"":-26,""id12_current_ma"":-69.94,""id12_pwm_raw"":-17,""id12_pwm_percent"":-1.92090395480226,""id12_voltage_raw"":121,""id12_voltage_v"":12.100000000000001,""id12_temperature_c"":36,""id12_hardware_error"":0,""id12_moving"":0,""id12_moving_status"":49,""id13_velocity_raw"":0,""id13_velocity_rpm"":0.0,""id13_current_raw"":-14,""id13_current_ma"":-37.66,""id13_pwm_raw"":-10,""id13_pwm_percent"":-1.1299435028248588,""id13_voltage_raw"":120,""id13_voltage_v"":12.0,""id13_temperature_c"":35,""id13_hardware_error"":0,""id13_moving"":0,""id13_moving_status"":49,""id14_velocity_raw"":0,""id14_velocity_rpm"":0.0,""id14_current_raw"":-1,""id14_current_ma"":-2.69,""id14_pwm_raw"":-4,""id14_pwm_percent"":-0.4519774011299435,""id14_voltage_raw"":120,""id14_voltage_v"":12.0,""id14_temperature_c"":34,""id14_hardware_error"":0,""id14_moving"":0,""id14_moving_status"":1},""target_x_mm"":257.0,""target_y_mm"":0.0,""target_z_mm"":0.0}"
2026-09-10T15:52:07.295Z,20260910T154752.561Z-3e1ee303,216,repeatability_touch_sample,telemetry,254.72820259999935,126,1918,2312,3950,624,,168.57421875,203.203125,347.16796875,54.84375,,0.087890625,23.37890625,-8.701171875,54.84375,260.29657878565837,-0.3992902641991921,4.377780790595494,260.29657878565837,0.3992902641991921,4.377780790595494,257.0,0.0,0.0,5.494709187540682,"{""elapsed_s"":254.72820259999935,""sample_index"":126,""id11_raw"":1918,""id12_raw"":2312,""id13_raw"":3950,""id14_raw"":624,""id11_deg"":168.57421875,""id12_deg"":203.203125,""id13_deg"":347.16796875,""id14_deg"":54.84375,""q1_deg"":0.087890625,""q2_deg"":23.37890625,""q3_deg"":-8.701171875,""q4_deg"":54.84375,""physical_x_mm"":260.29657878565837,""physical_y_mm"":-0.3992902641991921,""physical_z_mm"":4.377780790595494,""internal_x_mm"":260.29657878565837,""internal_y_mm"":0.3992902641991921,""internal_z_mm"":4.377780790595494,""position_error_mm"":5.494709187540682,""robot_timestamp_utc"":""2026-09-10T15:52:07.295+00:00"",""extra"":{""cycle"":5,""point"":""P04"",""touch_index"":15,""touch_sample_index"":2,""id11_velocity_raw"":0,""id11_velocity_rpm"":0.0,""id11_current_raw"":-1,""id11_current_ma"":-2.69,""id11_pwm_raw"":-6,""id11_pwm_percent"":-0.6779661016949152,""id11_voltage_raw"":122,""id11_voltage_v"":12.200000000000001,""id11_temperature_c"":33,""id11_hardware_error"":0,""id11_moving"":0,""id11_moving_status"":1,""id12_velocity_raw"":0,""id12_velocity_rpm"":0.0,""id12_current_raw"":-24,""id12_current_ma"":-64.56,""id12_pwm_raw"":-16,""id12_pwm_percent"":-1.807909604519774,""id12_voltage_raw"":121,""id12_voltage_v"":12.100000000000001,""id12_temperature_c"":36,""id12_hardware_error"":0,""id12_moving"":0,""id12_moving_status"":49,""id13_velocity_raw"":0,""id13_velocity_rpm"":0.0,""id13_current_raw"":-13,""id13_current_ma"":-34.97,""id13_pwm_raw"":-8,""id13_pwm_percent"":-0.903954802259887,""id13_voltage_raw"":120,""id13_voltage_v"":12.0,""id13_temperature_c"":35,""id13_hardware_error"":0,""id13_moving"":0,""id13_moving_status"":49,""id14_velocity_raw"":0,""id14_velocity_rpm"":0.0,""id14_current_raw"":-1,""id14_current_ma"":-2.69,""id14_pwm_raw"":-4,""id14_pwm_percent"":-0.4519774011299435,""id14_voltage_raw"":120,""id14_voltage_v"":12.0,""id14_temperature_c"":34,""id14_hardware_error"":0,""id14_moving"":0,""id14_moving_status"":1},""target_x_mm"":257.0,""target_y_mm"":0.0,""target_z_mm"":0.0}"
2026-09-10T15:52:07.372Z,20260910T154752.561Z-3e1ee303,217,repeatability_touch_sample,telemetry,254.80545490000077,127,1918,2313,3951,623,,168.57421875,203.291015625,347.255859375,54.755859375,,0.087890625,23.466796875,-8.61328125,54.755859375,260.1370328105881,-0.3990455235466837,3.81308830611286,260.1370328105881,0.3990455235466837,3.81308830611286,257.0,0.0,0.0,4.953771756427978,"{""elapsed_s"":254.80545490000077,""sample_index"":127,""id11_raw"":1918,""id12_raw"":2313,""id13_raw"":3951,""id14_raw"":623,""id11_deg"":168.57421875,""id12_deg"":203.291015625,""id13_deg"":347.255859375,""id14_deg"":54.755859375,""q1_deg"":0.087890625,""q2_deg"":23.466796875,""q3_deg"":-8.61328125,""q4_deg"":54.755859375,""physical_x_mm"":260.1370328105881,""physical_y_mm"":-0.3990455235466837,""physical_z_mm"":3.81308830611286,""internal_x_mm"":260.1370328105881,""internal_y_mm"":0.3990455235466837,""internal_z_mm"":3.81308830611286,""position_error_mm"":4.953771756427978,""robot_timestamp_utc"":""2026-09-10T15:52:07.372+00:00"",""extra"":{""cycle"":5,""point"":""P04"",""touch_index"":15,""touch_sample_index"":3,""id11_velocity_raw"":0,""id11_velocity_rpm"":0.0,""id11_current_raw"":-1,""id11_current_ma"":-2.69,""id11_pwm_raw"":-6,""id11_pwm_percent"":-0.6779661016949152,""id11_voltage_raw"":122,""id11_voltage_v"":12.200000000000001,""id11_temperature_c"":33,""id11_hardware_error"":0,""id11_moving"":0,""id11_moving_status"":1,""id12_velocity_raw"":0,""id12_velocity_rpm"":0.0,""id12_current_raw"":-24,""id12_current_ma"":-64.56,""id12_pwm_raw"":-21,""id12_pwm_percent"":-2.3728813559322033,""id12_voltage_raw"":121,""id12_voltage_v"":12.100000000000001,""id12_temperature_c"":36,""id12_hardware_error"":0,""id12_moving"":0,""id12_moving_status"":49,""id13_velocity_raw"":0,""id13_velocity_rpm"":0.0,""id13_current_raw"":-11,""id13_current_ma"":-29.59,""id13_pwm_raw"":-14,""id13_pwm_percent"":-1.5819209039548023,""id13_voltage_raw"":120,""id13_voltage_v"":12.0,""id13_temperature_c"":34,""id13_hardware_error"":0,""id13_moving"":0,""id13_moving_status"":49,""id14_velocity_raw"":0,""id14_velocity_rpm"":0.0,""id14_current_raw"":-1,""id14_current_ma"":-2.69,""id14_pwm_raw"":3,""id14_pwm_percent"":0.3389830508474576,""id14_voltage_raw"":120,""id14_voltage_v"":12.0,""id14_temperature_c"":34,""id14_hardware_error"":0,""id14_moving"":0,""id14_moving_status"":1},""target_x_mm"":257.0,""target_y_mm"":0.0,""target_z_mm"":0.0}"
2026-09-10T15:52:07.449Z,20260910T154752.561Z-3e1ee303,218,repeatability_touch_sample,telemetry,254.88153299999976,128,1918,2313,3951,624,,168.57421875,203.291015625,347.255859375,54.84375,,0.087890625,23.466796875,-8.61328125,54.84375,259.90877972480206,-0.3986953874236775,3.7284433556121144,259.90877972480206,0.3986953874236775,3.7284433556121144,257.0,0.0,0.0,4.745655629665999,"{""elapsed_s"":254.88153299999976,""sample_index"":128,""id11_raw"":1918,""id12_raw"":2313,""id13_raw"":3951,""id14_raw"":624,""id11_deg"":168.57421875,""id12_deg"":203.291015625,""id13_deg"":347.255859375,""id14_deg"":54.84375,""q1_deg"":0.087890625,""q2_deg"":23.466796875,""q3_deg"":-8.61328125,""q4_deg"":54.84375,""physical_x_mm"":259.90877972480206,""physical_y_mm"":-0.3986953874236775,""physical_z_mm"":3.7284433556121144,""internal_x_mm"":259.90877972480206,""internal_y_mm"":0.3986953874236775,""internal_z_mm"":3.7284433556121144,""position_error_mm"":4.745655629665999,""robot_timestamp_utc"":""2026-09-10T15:52:07.448+00:00"",""extra"":{""cycle"":5,""point"":""P04"",""touch_index"":15,""touch_sample_index"":4,""id11_velocity_raw"":0,""id11_velocity_rpm"":0.0,""id11_current_raw"":-5,""id11_current_ma"":-13.45,""id11_pwm_raw"":-7,""id11_pwm_percent"":-0.7909604519774012,""id11_voltage_raw"":122,""id11_voltage_v"":12.200000000000001,""id11_temperature_c"":33,""id11_hardware_error"":0,""id11_moving"":0,""id11_moving_status"":1,""id12_velocity_raw"":0,""id12_velocity_rpm"":0.0,""id12_current_raw"":-24,""id12_current_ma"":-64.56,""id12_pwm_raw"":-20,""id12_pwm_percent"":-2.2598870056497176,""id12_voltage_raw"":121,""id12_voltage_v"":12.100000000000001,""id12_temperature_c"":36,""id12_hardware_error"":0,""id12_moving"":0,""id12_moving_status"":49,""id13_velocity_raw"":0,""id13_velocity_rpm"":0.0,""id13_current_raw"":-10,""id13_current_ma"":-26.9,""id13_pwm_raw"":-12,""id13_pwm_percent"":-1.3559322033898304,""id13_voltage_raw"":120,""id13_voltage_v"":12.0,""id13_temperature_c"":34,""id13_hardware_error"":0,""id13_moving"":0,""id13_moving_status"":49,""id14_velocity_raw"":0,""id14_velocity_rpm"":0.0,""id14_current_raw"":-1,""id14_current_ma"":-2.69,""id14_pwm_raw"":-3,""id14_pwm_percent"":-0.3389830508474576,""id14_voltage_raw"":120,""id14_voltage_v"":12.0,""id14_temperature_c"":34,""id14_hardware_error"":0,""id14_moving"":0,""id14_moving_status"":1},""target_x_mm"":257.0,""target_y_mm"":0.0,""target_z_mm"":0.0}"
2026-09-10T15:52:07.528Z,20260910T154752.561Z-3e1ee303,219,repeatability_touch_sample,telemetry,254.9608874000005,129,1918,2313,3951,624,,168.57421875,203.291015625,347.255859375,54.84375,,0.087890625,23.466796875,-8.61328125,54.84375,259.90877972480206,-0.3986953874236775,3.7284433556121144,259.90877972480206,0.3986953874236775,3.7284433556121144,257.0,0.0,0.0,4.745655629665999,"{""elapsed_s"":254.9608874000005,""sample_index"":129,""id11_raw"":1918,""id12_raw"":2313,""id13_raw"":3951,""id14_raw"":624,""id11_deg"":168.57421875,""id12_deg"":203.291015625,""id13_deg"":347.255859375,""id14_deg"":54.84375,""q1_deg"":0.087890625,""q2_deg"":23.466796875,""q3_deg"":-8.61328125,""q4_deg"":54.84375,""physical_x_mm"":259.90877972480206,""physical_y_mm"":-0.3986953874236775,""physical_z_mm"":3.7284433556121144,""internal_x_mm"":259.90877972480206,""internal_y_mm"":0.3986953874236775,""internal_z_mm"":3.7284433556121144,""position_error_mm"":4.745655629665999,""robot_timestamp_utc"":""2026-09-10T15:52:07.528+00:00"",""extra"":{""cycle"":5,""point"":""P04"",""touch_index"":15,""touch_sample_index"":5,""id11_velocity_raw"":0,""id11_velocity_rpm"":0.0,""id11_current_raw"":-4,""id11_current_ma"":-10.76,""id11_pwm_raw"":-7,""id11_pwm_percent"":-0.7909604519774012,""id11_voltage_raw"":122,""id11_voltage_v"":12.200000000000001,""id11_temperature_c"":33,""id11_hardware_error"":0,""id11_moving"":0,""id11_moving_status"":1,""id12_velocity_raw"":0,""id12_velocity_rpm"":0.0,""id12_current_raw"":-29,""id12_current_ma"":-78.01,""id12_pwm_raw"":-19,""id12_pwm_percent"":-2.146892655367232,""id12_voltage_raw"":121,""id12_voltage_v"":12.100000000000001,""id12_temperature_c"":36,""id12_hardware_error"":0,""id12_moving"":0,""id12_moving_status"":49,""id13_velocity_raw"":0,""id13_velocity_rpm"":0.0,""id13_current_raw"":-10,""id13_current_ma"":-26.9,""id13_pwm_raw"":-3,""id13_pwm_percent"":-0.3389830508474576,""id13_voltage_raw"":119,""id13_voltage_v"":11.9,""id13_temperature_c"":35,""id13_hardware_error"":0,""id13_moving"":0,""id13_moving_status"":49,""id14_velocity_raw"":0,""id14_velocity_rpm"":0.0,""id14_current_raw"":-1,""id14_current_ma"":-2.69,""id14_pwm_raw"":-2,""id14_pwm_percent"":-0.22598870056497175,""id14_voltage_raw"":120,""id14_voltage_v"":12.0,""id14_temperature_c"":34,""id14_hardware_error"":0,""id14_moving"":0,""id14_moving_status"":1},""target_x_mm"":257.0,""target_y_mm"":0.0,""target_z_mm"":0.0}"
2026-09-10T15:52:11.708Z,20260910T154752.561Z-3e1ee303,223,repeatability_phase_measured,telemetry,259.14128260000143,130,1917,2171,3952,684,,168.486,190.811,347.344,60.117,,-0.00032812500001000444,10.986781250000007,-8.525140625000006,60.11699999999999,256.9264692403629,0.0014713823328599102,51.38500081319515,256.9264692403629,-0.0014713823328599102,51.38500081319515,257.0,0.0,50.0,1.3869521225081995,"{""elapsed_s"":259.14128260000143,""sample_index"":130,""id11_raw"":1917,""id12_raw"":2171,""id13_raw"":3952,""id14_raw"":684,""id11_deg"":168.486,""id12_deg"":190.811,""id13_deg"":347.344,""id14_deg"":60.117,""q1_deg"":-0.00032812500001000444,""q2_deg"":10.986781250000007,""q3_deg"":-8.525140625000006,""q4_deg"":60.11699999999999,""physical_x_mm"":256.9264692403629,""physical_y_mm"":0.0014713823328599102,""physical_z_mm"":51.38500081319515,""internal_x_mm"":256.9264692403629,""internal_y_mm"":-0.0014713823328599102,""internal_z_mm"":51.38500081319515,""position_error_mm"":1.3869521225081995,""robot_timestamp_utc"":""2026-09-10T15:52:11.708+00:00"",""extra"":{""cycle"":5,""point"":""P04"",""phase"":""RETRACT""},""target_x_mm"":257.0,""target_y_mm"":0.0,""target_z_mm"":50.0}"
2026-09-10T15:52:13.578Z,20260910T154752.561Z-3e1ee303,224,repeatability_return_work,telemetry,261.01120730000184,131,1917,2042,4049,946,,168.486,179.473,355.869,83.145,,-0.00032812500001000444,-0.3512187499999868,-0.00014062499997180566,83.14499999999998,179.12045179839603,0.0010257980386733968,47.95872803584416,179.12045179839603,-0.0010257980386733968,47.95872803584416,179.66816315130788,0.0,47.02348315303158,1.0838227572796504,"{""elapsed_s"":261.01120730000184,""sample_index"":131,""id11_raw"":1917,""id12_raw"":2042,""id13_raw"":4049,""id14_raw"":946,""id11_deg"":168.486,""id12_deg"":179.473,""id13_deg"":355.869,""id14_deg"":83.145,""q1_deg"":-0.00032812500001000444,""q2_deg"":-0.3512187499999868,""q3_deg"":-0.00014062499997180566,""q4_deg"":83.14499999999998,""physical_x_mm"":179.12045179839603,""physical_y_mm"":0.0010257980386733968,""physical_z_mm"":47.95872803584416,""internal_x_mm"":179.12045179839603,""internal_y_mm"":-0.0010257980386733968,""internal_z_mm"":47.95872803584416,""position_error_mm"":1.0838227572796504,""robot_timestamp_utc"":""2026-09-10T15:52:13.578+00:00"",""extra"":{""cycle"":5,""point"":""P04""},""target_x_mm"":179.66816315130788,""target_y_mm"":0.0,""target_z_mm"":47.02348315303158}"
