timestamp_utc,session_id,sequence,event,category,elapsed_s,sample_index,id11_raw,id12_raw,id13_raw,id14_raw,id15_raw,id11_deg,id12_deg,id13_deg,id14_deg,id15_deg,q1_deg,q2_deg,q3_deg,q4_deg,physical_x_mm,physical_y_mm,physical_z_mm,internal_x_mm,internal_y_mm,internal_z_mm,target_x_mm,target_y_mm,target_z_mm,position_error_mm,values_json
2026-09-10T14:52:38.832Z,20260910T145211.196Z-c4765e66,5,analysis_reference,telemetry,27.631450299999415,1,1917,2048,-45,-8,,168.486,180.0,356.045,359.297,,-0.00032812500001000444,0.17578125,0.17585937500001592,-0.7029999999999745,319.0872661778792,0.0018273686143854158,204.63795015439064,319.0872661778792,-0.0018273686143854158,204.63795015439064,,,,,"{""elapsed_s"":27.631450299999415,""sample_index"":1,""id11_raw"":1917,""id12_raw"":2048,""id13_raw"":-45,""id14_raw"":-8,""id11_deg"":168.486,""id12_deg"":180.0,""id13_deg"":356.045,""id14_deg"":359.297,""q1_deg"":-0.00032812500001000444,""q2_deg"":0.17578125,""q3_deg"":0.17585937500001592,""q4_deg"":-0.7029999999999745,""physical_x_mm"":319.0872661778792,""physical_y_mm"":0.0018273686143854158,""physical_z_mm"":204.63795015439064,""internal_x_mm"":319.0872661778792,""internal_y_mm"":-0.0018273686143854158,""internal_z_mm"":204.63795015439064,""position_error_mm"":null,""robot_timestamp_utc"":""2026-09-10T14:52:38.832+00:00"",""extra"":null}"
2026-09-10T14:52:51.873Z,20260910T145211.196Z-c4765e66,10,point_phase_measured,telemetry,40.6722265999997,2,3102,1910,78,972,,272.637,167.871,6.855,85.43,,104.150671875,-11.95321874999999,10.985859375000018,85.43,-36.24678706559424,-143.76626368967473,50.82933418140499,-36.24678706559424,143.76626368967473,50.82933418140499,-35.0,-145.0,50.0,1.9402006223055361,"{""elapsed_s"":40.6722265999997,""sample_index"":2,""id11_raw"":3102,""id12_raw"":1910,""id13_raw"":78,""id14_raw"":972,""id11_deg"":272.637,""id12_deg"":167.871,""id13_deg"":6.855,""id14_deg"":85.43,""q1_deg"":104.150671875,""q2_deg"":-11.95321874999999,""q3_deg"":10.985859375000018,""q4_deg"":85.43,""physical_x_mm"":-36.24678706559424,""physical_y_mm"":-143.76626368967473,""physical_z_mm"":50.82933418140499,""internal_x_mm"":-36.24678706559424,""internal_y_mm"":143.76626368967473,""internal_z_mm"":50.82933418140499,""position_error_mm"":1.9402006223055361,""robot_timestamp_utc"":""2026-09-10T14:52:51.873+00:00"",""extra"":{""point"":""P07"",""phase"":""APPROACH""},""target_x_mm"":-35.0,""target_y_mm"":-145.0,""target_z_mm"":50.0}"
2026-09-10T14:52:53.837Z,20260910T145211.196Z-c4765e66,13,point_phase_measured,telemetry,42.63564190000034,3,3098,2053,187,796,,272.285,180.439,16.436,69.961,,103.79867187500003,0.614781249999993,20.56685937499998,69.96100000000001,-35.73605253764313,-145.50570422548873,0.7622754981544801,-35.73605253764313,145.50570422548873,0.7622754981544801,-35.0,-145.0,0.0,1.1741269253938051,"{""elapsed_s"":42.63564190000034,""sample_index"":3,""id11_raw"":3098,""id12_raw"":2053,""id13_raw"":187,""id14_raw"":796,""id11_deg"":272.285,""id12_deg"":180.439,""id13_deg"":16.436,""id14_deg"":69.961,""q1_deg"":103.79867187500003,""q2_deg"":0.614781249999993,""q3_deg"":20.56685937499998,""q4_deg"":69.96100000000001,""physical_x_mm"":-35.73605253764313,""physical_y_mm"":-145.50570422548873,""physical_z_mm"":0.7622754981544801,""internal_x_mm"":-35.73605253764313,""internal_y_mm"":145.50570422548873,""internal_z_mm"":0.7622754981544801,""position_error_mm"":1.1741269253938051,""robot_timestamp_utc"":""2026-09-10T14:52:53.837+00:00"",""extra"":{""point"":""P07"",""phase"":""TOUCH""},""target_x_mm"":-35.0,""target_y_mm"":-145.0,""target_z_mm"":0.0}"
2026-09-10T14:52:55.552Z,20260910T145211.196Z-c4765e66,16,point_phase_measured,telemetry,44.35123599999861,4,3096,1914,84,969,,272.109,168.223,7.383,85.166,,103.62267187499998,-11.601218749999987,11.513859374999981,85.166,-34.71275594307226,-143.23731747216308,48.78558435724557,-34.71275594307226,143.23731747216308,48.78558435724557,-35.0,-145.0,50.0,2.1597139152092586,"{""elapsed_s"":44.35123599999861,""sample_index"":4,""id11_raw"":3096,""id12_raw"":1914,""id13_raw"":84,""id14_raw"":969,""id11_deg"":272.109,""id12_deg"":168.223,""id13_deg"":7.383,""id14_deg"":85.166,""q1_deg"":103.62267187499998,""q2_deg"":-11.601218749999987,""q3_deg"":11.513859374999981,""q4_deg"":85.166,""physical_x_mm"":-34.71275594307226,""physical_y_mm"":-143.23731747216308,""physical_z_mm"":48.78558435724557,""internal_x_mm"":-34.71275594307226,""internal_y_mm"":143.23731747216308,""internal_z_mm"":48.78558435724557,""position_error_mm"":2.1597139152092586,""robot_timestamp_utc"":""2026-09-10T14:52:55.552+00:00"",""extra"":{""point"":""P07"",""phase"":""RETRACT""},""target_x_mm"":-35.0,""target_y_mm"":-145.0,""target_z_mm"":50.0}"
2026-09-10T14:52:59.940Z,20260910T145211.196Z-c4765e66,19,point_return_work_measured,telemetry,48.73926479999864,5,1909,2045,-46,944,,167.783,179.736,355.957,82.969,,-0.703328125000013,-0.08821875000001,0.08785937499999363,82.969,179.21626040451525,2.2000602668360796,47.031113950493335,179.21626040451525,-2.2000602668360796,47.031113950493335,179.66816315130788,0.0,47.02348315303158,2.2460052313695678,"{""elapsed_s"":48.73926479999864,""sample_index"":5,""id11_raw"":1909,""id12_raw"":2045,""id13_raw"":-46,""id14_raw"":944,""id11_deg"":167.783,""id12_deg"":179.736,""id13_deg"":355.957,""id14_deg"":82.969,""q1_deg"":-0.703328125000013,""q2_deg"":-0.08821875000001,""q3_deg"":0.08785937499999363,""q4_deg"":82.969,""physical_x_mm"":179.21626040451525,""physical_y_mm"":2.2000602668360796,""physical_z_mm"":47.031113950493335,""internal_x_mm"":179.21626040451525,""internal_y_mm"":-2.2000602668360796,""internal_z_mm"":47.031113950493335,""position_error_mm"":2.2460052313695678,""robot_timestamp_utc"":""2026-09-10T14:52:59.940+00:00"",""extra"":{""point"":""P07"",""phase"":""RETURN_WORK""},""target_x_mm"":179.66816315130788,""target_y_mm"":0.0,""target_z_mm"":47.02348315303158}"
2026-09-10T14:53:05.747Z,20260910T145211.196Z-c4765e66,25,point_phase_measured,telemetry,54.54618699999992,6,1442,1919,80,1139,,126.738,168.662,7.031,100.107,,-41.748328125,-11.162218749999994,11.161859375000006,100.10699999999997,79.76903234662261,71.19240167349653,50.48807555777091,79.76903234662261,-71.19240167349653,50.48807555777091,80.0,70.0,50.0,1.3089635434027105,"{""elapsed_s"":54.54618699999992,""sample_index"":6,""id11_raw"":1442,""id12_raw"":1919,""id13_raw"":80,""id14_raw"":1139,""id11_deg"":126.738,""id12_deg"":168.662,""id13_deg"":7.031,""id14_deg"":100.107,""q1_deg"":-41.748328125,""q2_deg"":-11.162218749999994,""q3_deg"":11.161859375000006,""q4_deg"":100.10699999999997,""physical_x_mm"":79.76903234662261,""physical_y_mm"":71.19240167349653,""physical_z_mm"":50.48807555777091,""internal_x_mm"":79.76903234662261,""internal_y_mm"":-71.19240167349653,""internal_z_mm"":50.48807555777091,""position_error_mm"":1.3089635434027105,""robot_timestamp_utc"":""2026-09-10T14:53:05.747+00:00"",""extra"":{""point"":""P08"",""phase"":""APPROACH""},""target_x_mm"":80.0,""target_y_mm"":70.0,""target_z_mm"":50.0}"
2026-09-10T14:53:07.759Z,20260910T145211.196Z-c4765e66,28,point_phase_measured,telemetry,56.558513899999525,7,1446,2108,173,966,,127.09,185.273,15.205,84.902,,-41.396328125,5.448781249999996,19.335859374999984,84.90199999999999,80.3880021859711,70.86240185666239,0.23696199539537588,80.3880021859711,-70.86240185666239,0.23696199539537588,80.0,70.0,0.0,0.9749018647817052,"{""elapsed_s"":56.558513899999525,""sample_index"":7,""id11_raw"":1446,""id12_raw"":2108,""id13_raw"":173,""id14_raw"":966,""id11_deg"":127.09,""id12_deg"":185.273,""id13_deg"":15.205,""id14_deg"":84.902,""q1_deg"":-41.396328125,""q2_deg"":5.448781249999996,""q3_deg"":19.335859374999984,""q4_deg"":84.90199999999999,""physical_x_mm"":80.3880021859711,""physical_y_mm"":70.86240185666239,""physical_z_mm"":0.23696199539537588,""internal_x_mm"":80.3880021859711,""internal_y_mm"":-70.86240185666239,""internal_z_mm"":0.23696199539537588,""position_error_mm"":0.9749018647817052,""robot_timestamp_utc"":""2026-09-10T14:53:07.759+00:00"",""extra"":{""point"":""P08"",""phase"":""TOUCH""},""target_x_mm"":80.0,""target_y_mm"":70.0,""target_z_mm"":0.0}"
2026-09-10T14:53:09.490Z,20260910T145211.196Z-c4765e66,31,point_phase_measured,telemetry,58.28885589999845,8,1447,1918,89,1140,,127.178,168.574,7.822,100.195,,-41.308328125,-11.250218749999988,11.952859375000003,100.195,78.53796564739147,69.01751772111385,49.36397228348375,78.53796564739147,-69.01751772111385,49.36397228348375,80.0,70.0,50.0,1.872791267789777,"{""elapsed_s"":58.28885589999845,""sample_index"":8,""id11_raw"":1447,""id12_raw"":1918,""id13_raw"":89,""id14_raw"":1140,""id11_deg"":127.178,""id12_deg"":168.574,""id13_deg"":7.822,""id14_deg"":100.195,""q1_deg"":-41.308328125,""q2_deg"":-11.250218749999988,""q3_deg"":11.952859375000003,""q4_deg"":100.195,""physical_x_mm"":78.53796564739147,""physical_y_mm"":69.01751772111385,""physical_z_mm"":49.36397228348375,""internal_x_mm"":78.53796564739147,""internal_y_mm"":-69.01751772111385,""internal_z_mm"":49.36397228348375,""position_error_mm"":1.872791267789777,""robot_timestamp_utc"":""2026-09-10T14:53:09.490+00:00"",""extra"":{""point"":""P08"",""phase"":""RETRACT""},""target_x_mm"":80.0,""target_y_mm"":70.0,""target_z_mm"":50.0}"
2026-09-10T14:53:11.780Z,20260910T145211.196Z-c4765e66,34,point_return_work_measured,telemetry,60.578601099998195,9,1923,2045,-46,942,,169.014,179.736,355.957,82.793,,0.52767187500001,-0.08821875000001,0.08785937499999363,82.793,179.70587526630158,-1.6550681043216477,47.09153203363394,179.70587526630158,1.6550681043216477,47.09153203363394,179.66816315130788,0.0,47.02348315303158,1.6568956767737022,"{""elapsed_s"":60.578601099998195,""sample_index"":9,""id11_raw"":1923,""id12_raw"":2045,""id13_raw"":-46,""id14_raw"":942,""id11_deg"":169.014,""id12_deg"":179.736,""id13_deg"":355.957,""id14_deg"":82.793,""q1_deg"":0.52767187500001,""q2_deg"":-0.08821875000001,""q3_deg"":0.08785937499999363,""q4_deg"":82.793,""physical_x_mm"":179.70587526630158,""physical_y_mm"":-1.6550681043216477,""physical_z_mm"":47.09153203363394,""internal_x_mm"":179.70587526630158,""internal_y_mm"":1.6550681043216477,""internal_z_mm"":47.09153203363394,""position_error_mm"":1.6568956767737022,""robot_timestamp_utc"":""2026-09-10T14:53:11.779+00:00"",""extra"":{""point"":""P08"",""phase"":""RETURN_WORK""},""target_x_mm"":179.66816315130788,""target_y_mm"":0.0,""target_z_mm"":47.02348315303158}"
2026-09-10T14:53:22.917Z,20260910T145211.196Z-c4765e66,40,point_phase_measured,telemetry,71.71594869999899,10,733,2043,-60,1082,,64.424,179.561,354.727,95.098,,-104.062328125,-0.26321874999999295,-1.1421406250000246,95.09800000000001,-36.24090485699878,144.68364373443336,49.279568358742836,-36.24090485699878,-144.68364373443336,49.279568358742836,-35.0,145.0,50.0,1.4693358705928772,"{""elapsed_s"":71.71594869999899,""sample_index"":10,""id11_raw"":733,""id12_raw"":2043,""id13_raw"":-60,""id14_raw"":1082,""id11_deg"":64.424,""id12_deg"":179.561,""id13_deg"":354.727,""id14_deg"":95.098,""q1_deg"":-104.062328125,""q2_deg"":-0.26321874999999295,""q3_deg"":-1.1421406250000246,""q4_deg"":95.09800000000001,""physical_x_mm"":-36.24090485699878,""physical_y_mm"":144.68364373443336,""physical_z_mm"":49.279568358742836,""internal_x_mm"":-36.24090485699878,""internal_y_mm"":-144.68364373443336,""internal_z_mm"":49.279568358742836,""position_error_mm"":1.4693358705928772,""robot_timestamp_utc"":""2026-09-10T14:53:22.917+00:00"",""extra"":{""point"":""P01"",""phase"":""APPROACH""},""target_x_mm"":-35.0,""target_y_mm"":145.0,""target_z_mm"":50.0}"
2026-09-10T14:53:24.972Z,20260910T145211.196Z-c4765e66,43,point_phase_measured,telemetry,73.77121120000083,11,736,2218,-14,967,,64.688,194.941,358.77,84.99,,-103.798328125,15.116781250000003,2.900859374999982,84.99000000000001,-35.95444025616562,146.39870071163003,0.82964856363472,-35.95444025616562,-146.39870071163003,0.82964856363472,-35.0,145.0,0.0,1.8856395791468186,"{""elapsed_s"":73.77121120000083,""sample_index"":11,""id11_raw"":736,""id12_raw"":2218,""id13_raw"":-14,""id14_raw"":967,""id11_deg"":64.688,""id12_deg"":194.941,""id13_deg"":358.77,""id14_deg"":84.99,""q1_deg"":-103.798328125,""q2_deg"":15.116781250000003,""q3_deg"":2.900859374999982,""q4_deg"":84.99000000000001,""physical_x_mm"":-35.95444025616562,""physical_y_mm"":146.39870071163003,""physical_z_mm"":0.82964856363472,""internal_x_mm"":-35.95444025616562,""internal_y_mm"":-146.39870071163003,""internal_z_mm"":0.82964856363472,""position_error_mm"":1.8856395791468186,""robot_timestamp_utc"":""2026-09-10T14:53:24.972+00:00"",""extra"":{""point"":""P01"",""phase"":""TOUCH""},""target_x_mm"":-35.0,""target_y_mm"":145.0,""target_z_mm"":0.0}"
2026-09-10T14:53:26.689Z,20260910T145211.196Z-c4765e66,46,point_phase_measured,telemetry,75.48813660000087,12,736,2103,-126,1139,,64.688,184.834,348.926,100.107,,-103.798328125,5.009781250000003,-6.943140625000012,100.10699999999997,-35.40667800029079,144.1683313333946,49.01070927979828,-35.40667800029079,-144.1683313333946,49.01070927979828,-35.0,145.0,50.0,1.354900695996188,"{""elapsed_s"":75.48813660000087,""sample_index"":12,""id11_raw"":736,""id12_raw"":2103,""id13_raw"":-126,""id14_raw"":1139,""id11_deg"":64.688,""id12_deg"":184.834,""id13_deg"":348.926,""id14_deg"":100.107,""q1_deg"":-103.798328125,""q2_deg"":5.009781250000003,""q3_deg"":-6.943140625000012,""q4_deg"":100.10699999999997,""physical_x_mm"":-35.40667800029079,""physical_y_mm"":144.1683313333946,""physical_z_mm"":49.01070927979828,""internal_x_mm"":-35.40667800029079,""internal_y_mm"":-144.1683313333946,""internal_z_mm"":49.01070927979828,""position_error_mm"":1.354900695996188,""robot_timestamp_utc"":""2026-09-10T14:53:26.689+00:00"",""extra"":{""point"":""P01"",""phase"":""RETRACT""},""target_x_mm"":-35.0,""target_y_mm"":145.0,""target_z_mm"":50.0}"
2026-09-10T14:53:31.224Z,20260910T145211.196Z-c4765e66,49,point_return_work_measured,telemetry,80.02266669999881,13,1924,2045,-47,943,,169.102,179.736,355.869,82.881,,0.6156718750000039,-0.08821875000001,-0.00014062499997180566,82.88099999999997,179.7029738646084,-1.9310728696514121,47.28198228581303,179.7029738646084,1.9310728696514121,47.28198228581303,179.66816315130788,0.0,47.02348315303158,1.9486087383856703,"{""elapsed_s"":80.02266669999881,""sample_index"":13,""id11_raw"":1924,""id12_raw"":2045,""id13_raw"":-47,""id14_raw"":943,""id11_deg"":169.102,""id12_deg"":179.736,""id13_deg"":355.869,""id14_deg"":82.881,""q1_deg"":0.6156718750000039,""q2_deg"":-0.08821875000001,""q3_deg"":-0.00014062499997180566,""q4_deg"":82.88099999999997,""physical_x_mm"":179.7029738646084,""physical_y_mm"":-1.9310728696514121,""physical_z_mm"":47.28198228581303,""internal_x_mm"":179.7029738646084,""internal_y_mm"":1.9310728696514121,""internal_z_mm"":47.28198228581303,""position_error_mm"":1.9486087383856703,""robot_timestamp_utc"":""2026-09-10T14:53:31.224+00:00"",""extra"":{""point"":""P01"",""phase"":""RETURN_WORK""},""target_x_mm"":179.66816315130788,""target_y_mm"":0.0,""target_z_mm"":47.02348315303158}"
2026-09-10T14:53:33.675Z,20260910T145211.196Z-c4765e66,53,point_phase_measured,telemetry,82.47388299999875,14,1402,2067,-67,852,,123.223,181.67,354.111,74.883,,-45.26332812499999,1.8457812499999875,-1.75814062500001,74.88299999999998,144.474493292216,145.808627302147,50.19952733846901,144.474493292216,-145.808627302147,50.19952733846901,146.0,145.0,50.0,1.7380621358478499,"{""elapsed_s"":82.47388299999875,""sample_index"":14,""id11_raw"":1402,""id12_raw"":2067,""id13_raw"":-67,""id14_raw"":852,""id11_deg"":123.223,""id12_deg"":181.67,""id13_deg"":354.111,""id14_deg"":74.883,""q1_deg"":-45.26332812499999,""q2_deg"":1.8457812499999875,""q3_deg"":-1.75814062500001,""q4_deg"":74.88299999999998,""physical_x_mm"":144.474493292216,""physical_y_mm"":145.808627302147,""physical_z_mm"":50.19952733846901,""internal_x_mm"":144.474493292216,""internal_y_mm"":-145.808627302147,""internal_z_mm"":50.19952733846901,""position_error_mm"":1.7380621358478499,""robot_timestamp_utc"":""2026-09-10T14:53:33.675+00:00"",""extra"":{""point"":""P02"",""phase"":""APPROACH""},""target_x_mm"":146.0,""target_y_mm"":145.0,""target_z_mm"":50.0}"
2026-09-10T14:53:35.584Z,20260910T145211.196Z-c4765e66,56,point_phase_measured,telemetry,84.38263630000074,15,1405,2205,-15,737,,123.486,193.799,358.682,64.775,,-45.00032812500001,13.974781250000007,2.8128593750000164,64.775,147.2202536406244,147.22193987031827,2.1188908752016005,147.2202536406244,-147.22193987031827,2.1188908752016005,146.0,145.0,0.0,3.303896831891044,"{""elapsed_s"":84.38263630000074,""sample_index"":15,""id11_raw"":1405,""id12_raw"":2205,""id13_raw"":-15,""id14_raw"":737,""id11_deg"":123.486,""id12_deg"":193.799,""id13_deg"":358.682,""id14_deg"":64.775,""q1_deg"":-45.00032812500001,""q2_deg"":13.974781250000007,""q3_deg"":2.8128593750000164,""q4_deg"":64.775,""physical_x_mm"":147.2202536406244,""physical_y_mm"":147.22193987031827,""physical_z_mm"":2.1188908752016005,""internal_x_mm"":147.2202536406244,""internal_y_mm"":-147.22193987031827,""internal_z_mm"":2.1188908752016005,""position_error_mm"":3.303896831891044,""robot_timestamp_utc"":""2026-09-10T14:53:35.584+00:00"",""extra"":{""point"":""P02"",""phase"":""TOUCH""},""target_x_mm"":146.0,""target_y_mm"":145.0,""target_z_mm"":0.0}"
2026-09-10T14:53:37.208Z,20260910T145211.196Z-c4765e66,59,point_phase_measured,telemetry,86.00668080000105,16,1406,2075,-67,853,,123.574,182.373,354.111,74.971,,-44.91232812499999,2.5487812499999905,-1.75814062500001,74.971,144.9589060989649,144.5159620552769,47.77015803272147,144.9589060989649,-144.5159620552769,47.77015803272147,146.0,145.0,50.0,2.508059895963583,"{""elapsed_s"":86.00668080000105,""sample_index"":16,""id11_raw"":1406,""id12_raw"":2075,""id13_raw"":-67,""id14_raw"":853,""id11_deg"":123.574,""id12_deg"":182.373,""id13_deg"":354.111,""id14_deg"":74.971,""q1_deg"":-44.91232812499999,""q2_deg"":2.5487812499999905,""q3_deg"":-1.75814062500001,""q4_deg"":74.971,""physical_x_mm"":144.9589060989649,""physical_y_mm"":144.5159620552769,""physical_z_mm"":47.77015803272147,""internal_x_mm"":144.9589060989649,""internal_y_mm"":-144.5159620552769,""internal_z_mm"":47.77015803272147,""position_error_mm"":2.508059895963583,""robot_timestamp_utc"":""2026-09-10T14:53:37.208+00:00"",""extra"":{""point"":""P02"",""phase"":""RETRACT""},""target_x_mm"":146.0,""target_y_mm"":145.0,""target_z_mm"":50.0}"
2026-09-10T14:53:39.590Z,20260910T145211.196Z-c4765e66,62,point_return_work_measured,telemetry,88.38898229999904,17,1924,2048,-50,944,,169.102,180.0,355.605,82.969,,0.6156718750000039,0.17578125,-0.2641406249999818,82.969,180.05080709148194,-1.9348106559169023,47.1405529052532,180.05080709148194,1.9348106559169023,47.1405529052532,179.66816315130788,0.0,47.02348315303158,1.9757565604311575,"{""elapsed_s"":88.38898229999904,""sample_index"":17,""id11_raw"":1924,""id12_raw"":2048,""id13_raw"":-50,""id14_raw"":944,""id11_deg"":169.102,""id12_deg"":180.0,""id13_deg"":355.605,""id14_deg"":82.969,""q1_deg"":0.6156718750000039,""q2_deg"":0.17578125,""q3_deg"":-0.2641406249999818,""q4_deg"":82.969,""physical_x_mm"":180.05080709148194,""physical_y_mm"":-1.9348106559169023,""physical_z_mm"":47.1405529052532,""internal_x_mm"":180.05080709148194,""internal_y_mm"":1.9348106559169023,""internal_z_mm"":47.1405529052532,""position_error_mm"":1.9757565604311575,""robot_timestamp_utc"":""2026-09-10T14:53:39.590+00:00"",""extra"":{""point"":""P02"",""phase"":""RETURN_WORK""},""target_x_mm"":179.66816315130788,""target_y_mm"":0.0,""target_z_mm"":47.02348315303158}"
2026-09-10T14:53:41.704Z,20260910T145211.196Z-c4765e66,66,point_phase_measured,telemetry,90.50340140000117,18,1581,2277,-227,566,,138.955,200.127,340.049,49.746,,-29.531328124999987,20.30278125000001,-15.820140625000022,49.74600000000001,256.9466197414647,145.5589249501662,49.7663890270309,256.9466197414647,-145.5589249501662,49.7663890270309,257.0,145.0,50.0,0.6081288010044754,"{""elapsed_s"":90.50340140000117,""sample_index"":18,""id11_raw"":1581,""id12_raw"":2277,""id13_raw"":-227,""id14_raw"":566,""id11_deg"":138.955,""id12_deg"":200.127,""id13_deg"":340.049,""id14_deg"":49.746,""q1_deg"":-29.531328124999987,""q2_deg"":20.30278125000001,""q3_deg"":-15.820140625000022,""q4_deg"":49.74600000000001,""physical_x_mm"":256.9466197414647,""physical_y_mm"":145.5589249501662,""physical_z_mm"":49.7663890270309,""internal_x_mm"":256.9466197414647,""internal_y_mm"":-145.5589249501662,""internal_z_mm"":49.7663890270309,""position_error_mm"":0.6081288010044754,""robot_timestamp_utc"":""2026-09-10T14:53:41.704+00:00"",""extra"":{""point"":""P03"",""phase"":""APPROACH""},""target_x_mm"":257.0,""target_y_mm"":145.0,""target_z_mm"":50.0}"
2026-09-10T14:53:44.249Z,20260910T145211.196Z-c4765e66,69,point_phase_measured,telemetry,93.04843450000044,19,1580,2398,-227,509,,138.867,210.762,340.049,44.736,,-29.61932812500001,30.93778125,-15.820140625000022,44.73599999999999,258.88646824426365,147.18352102127844,4.375867259112198,258.88646824426365,-147.18352102127844,4.375867259112198,257.0,145.0,0.0,5.24163531317757,"{""elapsed_s"":93.04843450000044,""sample_index"":19,""id11_raw"":1580,""id12_raw"":2398,""id13_raw"":-227,""id14_raw"":509,""id11_deg"":138.867,""id12_deg"":210.762,""id13_deg"":340.049,""id14_deg"":44.736,""q1_deg"":-29.61932812500001,""q2_deg"":30.93778125,""q3_deg"":-15.820140625000022,""q4_deg"":44.73599999999999,""physical_x_mm"":258.88646824426365,""physical_y_mm"":147.18352102127844,""physical_z_mm"":4.375867259112198,""internal_x_mm"":258.88646824426365,""internal_y_mm"":-147.18352102127844,""internal_z_mm"":4.375867259112198,""position_error_mm"":5.24163531317757,""robot_timestamp_utc"":""2026-09-10T14:53:44.249+00:00"",""extra"":{""point"":""P03"",""phase"":""TOUCH""},""target_x_mm"":257.0,""target_y_mm"":145.0,""target_z_mm"":0.0}"
2026-09-10T14:53:47.107Z,20260910T145211.196Z-c4765e66,74,point_phase_measured,telemetry,95.9057415999996,20,1582,2279,-230,569,,139.043,200.303,339.785,50.01,,-29.443328124999994,20.478781249999997,-16.084140624999975,50.00999999999999,257.13647023733256,145.14525354569128,49.465813923179155,257.13647023733256,-145.14525354569128,49.465813923179155,257.0,145.0,50.0,0.5701556654833294,"{""elapsed_s"":95.9057415999996,""sample_index"":20,""id11_raw"":1582,""id12_raw"":2279,""id13_raw"":-230,""id14_raw"":569,""id11_deg"":139.043,""id12_deg"":200.303,""id13_deg"":339.785,""id14_deg"":50.01,""q1_deg"":-29.443328124999994,""q2_deg"":20.478781249999997,""q3_deg"":-16.084140624999975,""q4_deg"":50.00999999999999,""physical_x_mm"":257.13647023733256,""physical_y_mm"":145.14525354569128,""physical_z_mm"":49.465813923179155,""internal_x_mm"":257.13647023733256,""internal_y_mm"":-145.14525354569128,""internal_z_mm"":49.465813923179155,""position_error_mm"":0.5701556654833294,""robot_timestamp_utc"":""2026-09-10T14:53:47.107+00:00"",""extra"":{""point"":""P03"",""phase"":""RETRACT""},""target_x_mm"":257.0,""target_y_mm"":145.0,""target_z_mm"":50.0}"
2026-09-10T14:53:49.192Z,20260910T145211.196Z-c4765e66,77,point_return_work_measured,telemetry,97.99069759999838,21,1922,2040,-46,947,,168.926,179.297,355.957,83.232,,0.4396718749999877,-0.527218750000003,0.08785937499999363,83.23199999999997,178.722882125194,-1.3714966059112956,48.22022773181817,178.722882125194,1.3714966059112956,48.22022773181817,179.66816315130788,0.0,47.02348315303158,2.0510379677646706,"{""elapsed_s"":97.99069759999838,""sample_index"":21,""id11_raw"":1922,""id12_raw"":2040,""id13_raw"":-46,""id14_raw"":947,""id11_deg"":168.926,""id12_deg"":179.297,""id13_deg"":355.957,""id14_deg"":83.232,""q1_deg"":0.4396718749999877,""q2_deg"":-0.527218750000003,""q3_deg"":0.08785937499999363,""q4_deg"":83.23199999999997,""physical_x_mm"":178.722882125194,""physical_y_mm"":-1.3714966059112956,""physical_z_mm"":48.22022773181817,""internal_x_mm"":178.722882125194,""internal_y_mm"":1.3714966059112956,""internal_z_mm"":48.22022773181817,""position_error_mm"":2.0510379677646706,""robot_timestamp_utc"":""2026-09-10T14:53:49.192+00:00"",""extra"":{""point"":""P03"",""phase"":""RETURN_WORK""},""target_x_mm"":179.66816315130788,""target_y_mm"":0.0,""target_z_mm"":47.02348315303158}"
2026-09-10T14:53:51.132Z,20260910T145211.196Z-c4765e66,81,point_phase_measured,telemetry,99.93102590000126,22,1919,2169,-136,682,,168.662,190.635,348.047,59.941,,0.17567187500000614,10.810781249999991,-7.8221406249999745,59.941,255.63453996481516,-0.7837914075664361,49.94740379056074,255.63453996481516,0.7837914075664361,49.94740379056074,257.0,0.0,50.0,1.575302015332087,"{""elapsed_s"":99.93102590000126,""sample_index"":22,""id11_raw"":1919,""id12_raw"":2169,""id13_raw"":-136,""id14_raw"":682,""id11_deg"":168.662,""id12_deg"":190.635,""id13_deg"":348.047,""id14_deg"":59.941,""q1_deg"":0.17567187500000614,""q2_deg"":10.810781249999991,""q3_deg"":-7.8221406249999745,""q4_deg"":59.941,""physical_x_mm"":255.63453996481516,""physical_y_mm"":-0.7837914075664361,""physical_z_mm"":49.94740379056074,""internal_x_mm"":255.63453996481516,""internal_y_mm"":0.7837914075664361,""internal_z_mm"":49.94740379056074,""position_error_mm"":1.575302015332087,""robot_timestamp_utc"":""2026-09-10T14:53:51.132+00:00"",""extra"":{""point"":""P04"",""phase"":""APPROACH""},""target_x_mm"":257.0,""target_y_mm"":0.0,""target_z_mm"":50.0}"
2026-09-10T14:53:53.058Z,20260910T145211.196Z-c4765e66,84,point_phase_measured,telemetry,101.85674749999816,23,1918,2312,-144,624,,168.574,203.203,347.344,54.844,,0.08767187500001228,23.378781250000003,-8.525140625000006,54.843999999999994,259.741967503051,-0.39744782728417033,3.83981379519102,259.741967503051,0.39744782728417033,3.83981379519102,257.0,0.0,0.0,4.735031208444133,"{""elapsed_s"":101.85674749999816,""sample_index"":23,""id11_raw"":1918,""id12_raw"":2312,""id13_raw"":-144,""id14_raw"":624,""id11_deg"":168.574,""id12_deg"":203.203,""id13_deg"":347.344,""id14_deg"":54.844,""q1_deg"":0.08767187500001228,""q2_deg"":23.378781250000003,""q3_deg"":-8.525140625000006,""q4_deg"":54.843999999999994,""physical_x_mm"":259.741967503051,""physical_y_mm"":-0.39744782728417033,""physical_z_mm"":3.83981379519102,""internal_x_mm"":259.741967503051,""internal_y_mm"":0.39744782728417033,""internal_z_mm"":3.83981379519102,""position_error_mm"":4.735031208444133,""robot_timestamp_utc"":""2026-09-10T14:53:53.058+00:00"",""extra"":{""point"":""P04"",""phase"":""TOUCH""},""target_x_mm"":257.0,""target_y_mm"":0.0,""target_z_mm"":0.0}"
2026-09-10T14:53:56.001Z,20260910T145211.196Z-c4765e66,87,point_phase_measured,telemetry,104.80028250000032,24,1917,2174,-145,684,,168.486,191.074,347.256,60.117,,-0.00032812500001000444,11.249781250000012,-8.613140625000028,60.11699999999999,257.0343000374695,0.0014719998649120572,50.562670444213296,257.0343000374695,-0.0014719998649120572,50.562670444213296,257.0,0.0,50.0,0.563716851038888,"{""elapsed_s"":104.80028250000032,""sample_index"":24,""id11_raw"":1917,""id12_raw"":2174,""id13_raw"":-145,""id14_raw"":684,""id11_deg"":168.486,""id12_deg"":191.074,""id13_deg"":347.256,""id14_deg"":60.117,""q1_deg"":-0.00032812500001000444,""q2_deg"":11.249781250000012,""q3_deg"":-8.613140625000028,""q4_deg"":60.11699999999999,""physical_x_mm"":257.0343000374695,""physical_y_mm"":0.0014719998649120572,""physical_z_mm"":50.562670444213296,""internal_x_mm"":257.0343000374695,""internal_y_mm"":-0.0014719998649120572,""internal_z_mm"":50.562670444213296,""position_error_mm"":0.563716851038888,""robot_timestamp_utc"":""2026-09-10T14:53:56.001+00:00"",""extra"":{""point"":""P04"",""phase"":""RETRACT""},""target_x_mm"":257.0,""target_y_mm"":0.0,""target_z_mm"":50.0}"
2026-09-10T14:53:57.872Z,20260910T145211.196Z-c4765e66,90,point_return_work_measured,telemetry,106.67134290000104,25,1917,2045,-46,945,,168.486,179.736,355.957,83.057,,-0.00032812500001000444,-0.08821875000001,0.08785937499999363,83.05700000000002,178.9878284892888,0.001025038523336099,47.00146219993968,178.9878284892888,-0.001025038523336099,47.00146219993968,179.66816315130788,0.0,47.02348315303158,0.6806917256906116,"{""elapsed_s"":106.67134290000104,""sample_index"":25,""id11_raw"":1917,""id12_raw"":2045,""id13_raw"":-46,""id14_raw"":945,""id11_deg"":168.486,""id12_deg"":179.736,""id13_deg"":355.957,""id14_deg"":83.057,""q1_deg"":-0.00032812500001000444,""q2_deg"":-0.08821875000001,""q3_deg"":0.08785937499999363,""q4_deg"":83.05700000000002,""physical_x_mm"":178.9878284892888,""physical_y_mm"":0.001025038523336099,""physical_z_mm"":47.00146219993968,""internal_x_mm"":178.9878284892888,""internal_y_mm"":-0.001025038523336099,""internal_z_mm"":47.00146219993968,""position_error_mm"":0.6806917256906116,""robot_timestamp_utc"":""2026-09-10T14:53:57.872+00:00"",""extra"":{""point"":""P04"",""phase"":""RETURN_WORK""},""target_x_mm"":179.66816315130788,""target_y_mm"":0.0,""target_z_mm"":47.02348315303158}"
2026-09-10T14:54:00.132Z,20260910T145211.196Z-c4765e66,94,point_phase_measured,telemetry,108.93133179999859,26,2256,2249,-168,508,,198.281,197.666,345.234,44.648,,29.794671875000006,17.841781249999997,-10.63514062500002,44.647999999999996,256.096830505436,-146.63641291316847,50.626042476513604,256.096830505436,146.63641291316847,50.626042476513604,257.0,-145.0,50.0,1.9711650211727054,"{""elapsed_s"":108.93133179999859,""sample_index"":26,""id11_raw"":2256,""id12_raw"":2249,""id13_raw"":-168,""id14_raw"":508,""id11_deg"":198.281,""id12_deg"":197.666,""id13_deg"":345.234,""id14_deg"":44.648,""q1_deg"":29.794671875000006,""q2_deg"":17.841781249999997,""q3_deg"":-10.63514062500002,""q4_deg"":44.647999999999996,""physical_x_mm"":256.096830505436,""physical_y_mm"":-146.63641291316847,""physical_z_mm"":50.626042476513604,""internal_x_mm"":256.096830505436,""internal_y_mm"":146.63641291316847,""internal_z_mm"":50.626042476513604,""position_error_mm"":1.9711650211727054,""robot_timestamp_utc"":""2026-09-10T14:54:00.132+00:00"",""extra"":{""point"":""P05"",""phase"":""APPROACH""},""target_x_mm"":257.0,""target_y_mm"":-145.0,""target_z_mm"":50.0}"
2026-09-10T14:54:02.528Z,20260910T145211.196Z-c4765e66,97,point_phase_measured,telemetry,111.32741140000144,27,2254,2377,-174,451,,198.105,208.916,344.707,39.639,,29.61867187499999,29.091781249999997,-11.162140625000006,39.63900000000001,259.3171814885573,-147.42446228517326,4.561193589236467,259.3171814885573,147.42446228517326,4.561193589236467,257.0,-145.0,0.0,5.661433951008532,"{""elapsed_s"":111.32741140000144,""sample_index"":27,""id11_raw"":2254,""id12_raw"":2377,""id13_raw"":-174,""id14_raw"":451,""id11_deg"":198.105,""id12_deg"":208.916,""id13_deg"":344.707,""id14_deg"":39.639,""q1_deg"":29.61867187499999,""q2_deg"":29.091781249999997,""q3_deg"":-11.162140625000006,""q4_deg"":39.63900000000001,""physical_x_mm"":259.3171814885573,""physical_y_mm"":-147.42446228517326,""physical_z_mm"":4.561193589236467,""internal_x_mm"":259.3171814885573,""internal_y_mm"":147.42446228517326,""internal_z_mm"":4.561193589236467,""position_error_mm"":5.661433951008532,""robot_timestamp_utc"":""2026-09-10T14:54:02.528+00:00"",""extra"":{""point"":""P05"",""phase"":""TOUCH""},""target_x_mm"":257.0,""target_y_mm"":-145.0,""target_z_mm"":0.0}"
2026-09-10T14:54:05.704Z,20260910T145211.196Z-c4765e66,102,point_phase_measured,telemetry,114.50340549999964,28,2253,2252,-172,513,,198.018,197.93,344.883,45.088,,29.531671875,18.105781250000007,-10.986140625000019,45.087999999999994,256.5754106702486,-145.3506702890716,49.924131268640764,256.5754106702486,145.3506702890716,49.924131268640764,257.0,-145.0,50.0,0.5558793169154403,"{""elapsed_s"":114.50340549999964,""sample_index"":28,""id11_raw"":2253,""id12_raw"":2252,""id13_raw"":-172,""id14_raw"":513,""id11_deg"":198.018,""id12_deg"":197.93,""id13_deg"":344.883,""id14_deg"":45.088,""q1_deg"":29.531671875,""q2_deg"":18.105781250000007,""q3_deg"":-10.986140625000019,""q4_deg"":45.087999999999994,""physical_x_mm"":256.5754106702486,""physical_y_mm"":-145.3506702890716,""physical_z_mm"":49.924131268640764,""internal_x_mm"":256.5754106702486,""internal_y_mm"":145.3506702890716,""internal_z_mm"":49.924131268640764,""position_error_mm"":0.5558793169154403,""robot_timestamp_utc"":""2026-09-10T14:54:05.704+00:00"",""extra"":{""point"":""P05"",""phase"":""RETRACT""},""target_x_mm"":257.0,""target_y_mm"":-145.0,""target_z_mm"":50.0}"
2026-09-10T14:54:07.900Z,20260910T145211.196Z-c4765e66,105,point_return_work_measured,telemetry,116.69925209999928,29,1913,2042,-46,947,,168.135,179.473,355.957,83.232,,-0.3513281250000091,-0.3512187499999868,0.08785937499999363,83.23199999999997,178.6371303221698,1.0953866965175798,47.70820986542384,178.6371303221698,-1.0953866965175798,47.70820986542384,179.66816315130788,0.0,47.02348315303158,1.652801071009958,"{""elapsed_s"":116.69925209999928,""sample_index"":29,""id11_raw"":1913,""id12_raw"":2042,""id13_raw"":-46,""id14_raw"":947,""id11_deg"":168.135,""id12_deg"":179.473,""id13_deg"":355.957,""id14_deg"":83.232,""q1_deg"":-0.3513281250000091,""q2_deg"":-0.3512187499999868,""q3_deg"":0.08785937499999363,""q4_deg"":83.23199999999997,""physical_x_mm"":178.6371303221698,""physical_y_mm"":1.0953866965175798,""physical_z_mm"":47.70820986542384,""internal_x_mm"":178.6371303221698,""internal_y_mm"":-1.0953866965175798,""internal_z_mm"":47.70820986542384,""position_error_mm"":1.652801071009958,""robot_timestamp_utc"":""2026-09-10T14:54:07.900+00:00"",""extra"":{""point"":""P05"",""phase"":""RETURN_WORK""},""target_x_mm"":179.66816315130788,""target_y_mm"":0.0,""target_z_mm"":47.02348315303158}"
2026-09-10T14:54:10.433Z,20260910T145211.196Z-c4765e66,109,point_phase_measured,telemetry,119.23223090000101,30,2432,2065,-66,854,,213.75,181.494,354.199,75.059,,45.263671875,1.6697812499999998,-1.6701406249999877,75.059,144.03297442298316,-145.3647755903018,50.412700457998824,144.03297442298316,145.3647755903018,50.412700457998824,146.0,-145.0,50.0,2.042687572770468,"{""elapsed_s"":119.23223090000101,""sample_index"":30,""id11_raw"":2432,""id12_raw"":2065,""id13_raw"":-66,""id14_raw"":854,""id11_deg"":213.75,""id12_deg"":181.494,""id13_deg"":354.199,""id14_deg"":75.059,""q1_deg"":45.263671875,""q2_deg"":1.6697812499999998,""q3_deg"":-1.6701406249999877,""q4_deg"":75.059,""physical_x_mm"":144.03297442298316,""physical_y_mm"":-145.3647755903018,""physical_z_mm"":50.412700457998824,""internal_x_mm"":144.03297442298316,""internal_y_mm"":145.3647755903018,""internal_z_mm"":50.412700457998824,""position_error_mm"":2.042687572770468,""robot_timestamp_utc"":""2026-09-10T14:54:10.433+00:00"",""extra"":{""point"":""P06"",""phase"":""APPROACH""},""target_x_mm"":146.0,""target_y_mm"":-145.0,""target_z_mm"":50.0}"
2026-09-10T14:54:12.323Z,20260910T145211.196Z-c4765e66,112,point_phase_measured,telemetry,121.1220699000005,31,2429,2205,-14,738,,213.486,193.799,358.77,64.863,,44.99967187499999,13.974781250000007,2.900859374999982,64.863,146.8418881680183,-146.8402062913065,1.8658115868120149,146.8418881680183,146.8402062913065,1.8658115868120149,146.0,-145.0,0.0,2.7525238889962704,"{""elapsed_s"":121.1220699000005,""sample_index"":31,""id11_raw"":2429,""id12_raw"":2205,""id13_raw"":-14,""id14_raw"":738,""id11_deg"":213.486,""id12_deg"":193.799,""id13_deg"":358.77,""id14_deg"":64.863,""q1_deg"":44.99967187499999,""q2_deg"":13.974781250000007,""q3_deg"":2.900859374999982,""q4_deg"":64.863,""physical_x_mm"":146.8418881680183,""physical_y_mm"":-146.8402062913065,""physical_z_mm"":1.8658115868120149,""internal_x_mm"":146.8418881680183,""internal_y_mm"":146.8402062913065,""internal_z_mm"":1.8658115868120149,""position_error_mm"":2.7525238889962704,""robot_timestamp_utc"":""2026-09-10T14:54:12.323+00:00"",""extra"":{""point"":""P06"",""phase"":""TOUCH""},""target_x_mm"":146.0,""target_y_mm"":-145.0,""target_z_mm"":0.0}"
2026-09-10T14:54:13.957Z,20260910T145211.196Z-c4765e66,115,point_phase_measured,telemetry,122.75620350000099,32,2428,2074,-68,853,,213.398,182.285,354.023,74.971,,44.911671874999996,2.4607812499999966,-1.8461406249999754,74.971,145.16041930282537,-144.71354443343523,48.31707488387062,145.16041930282537,144.71354443343523,48.31707488387062,146.0,-145.0,50.0,1.9024167485551815,"{""elapsed_s"":122.75620350000099,""sample_index"":32,""id11_raw"":2428,""id12_raw"":2074,""id13_raw"":-68,""id14_raw"":853,""id11_deg"":213.398,""id12_deg"":182.285,""id13_deg"":354.023,""id14_deg"":74.971,""q1_deg"":44.911671874999996,""q2_deg"":2.4607812499999966,""q3_deg"":-1.8461406249999754,""q4_deg"":74.971,""physical_x_mm"":145.16041930282537,""physical_y_mm"":-144.71354443343523,""physical_z_mm"":48.31707488387062,""internal_x_mm"":145.16041930282537,""internal_y_mm"":144.71354443343523,""internal_z_mm"":48.31707488387062,""position_error_mm"":1.9024167485551815,""robot_timestamp_utc"":""2026-09-10T14:54:13.957+00:00"",""extra"":{""point"":""P06"",""phase"":""RETRACT""},""target_x_mm"":146.0,""target_y_mm"":-145.0,""target_z_mm"":50.0}"
2026-09-10T14:54:16.311Z,20260910T145211.196Z-c4765e66,118,point_return_work_measured,telemetry,125.109626999998,33,1911,2046,-50,944,,167.959,179.824,355.605,82.969,,-0.5273281249999968,-0.00021874999998772182,-0.2641406249999818,82.969,180.1429652473609,1.6580127752701004,47.6569375622889,180.1429652473609,-1.6580127752701004,47.6569375622889,179.66816315130788,0.0,47.02348315303158,1.837309958058997,"{""elapsed_s"":125.109626999998,""sample_index"":33,""id11_raw"":1911,""id12_raw"":2046,""id13_raw"":-50,""id14_raw"":944,""id11_deg"":167.959,""id12_deg"":179.824,""id13_deg"":355.605,""id14_deg"":82.969,""q1_deg"":-0.5273281249999968,""q2_deg"":-0.00021874999998772182,""q3_deg"":-0.2641406249999818,""q4_deg"":82.969,""physical_x_mm"":180.1429652473609,""physical_y_mm"":1.6580127752701004,""physical_z_mm"":47.6569375622889,""internal_x_mm"":180.1429652473609,""internal_y_mm"":-1.6580127752701004,""internal_z_mm"":47.6569375622889,""position_error_mm"":1.837309958058997,""robot_timestamp_utc"":""2026-09-10T14:54:16.311+00:00"",""extra"":{""point"":""P06"",""phase"":""RETURN_WORK""},""target_x_mm"":179.66816315130788,""target_y_mm"":0.0,""target_z_mm"":47.02348315303158}"
2026-09-10T14:54:19.969Z,20260910T145211.196Z-c4765e66,122,point_phase_measured,telemetry,128.76753129999997,34,3104,2038,-55,1082,,272.812,179.121,355.166,95.098,,104.32567187500001,-0.7032187499999907,-0.7031406250000032,95.09800000000001,-36.66259311943037,-143.5642979758358,49.45756330429225,-36.66259311943037,143.5642979758358,49.45756330429225,-35.0,-145.0,50.0,2.2626740268577548,"{""elapsed_s"":128.76753129999997,""sample_index"":34,""id11_raw"":3104,""id12_raw"":2038,""id13_raw"":-55,""id14_raw"":1082,""id11_deg"":272.812,""id12_deg"":179.121,""id13_deg"":355.166,""id14_deg"":95.098,""q1_deg"":104.32567187500001,""q2_deg"":-0.7032187499999907,""q3_deg"":-0.7031406250000032,""q4_deg"":95.09800000000001,""physical_x_mm"":-36.66259311943037,""physical_y_mm"":-143.5642979758358,""physical_z_mm"":49.45756330429225,""internal_x_mm"":-36.66259311943037,""internal_y_mm"":143.5642979758358,""internal_z_mm"":49.45756330429225,""position_error_mm"":2.2626740268577548,""robot_timestamp_utc"":""2026-09-10T14:54:19.968+00:00"",""extra"":{""point"":""P07"",""phase"":""APPROACH""},""target_x_mm"":-35.0,""target_y_mm"":-145.0,""target_z_mm"":50.0}"
2026-09-10T14:54:22.009Z,20260910T145211.196Z-c4765e66,125,point_phase_measured,telemetry,130.80785370000012,35,3099,2214,-14,967,,272.373,194.59,358.77,84.99,,103.88667187499999,14.765781250000003,2.900859374999982,84.99000000000001,-36.290758992099356,-146.79057432049703,1.681055021351483,-36.290758992099356,146.79057432049703,1.681055021351483,-35.0,-145.0,0.0,2.774556028938644,"{""elapsed_s"":130.80785370000012,""sample_index"":35,""id11_raw"":3099,""id12_raw"":2214,""id13_raw"":-14,""id14_raw"":967,""id11_deg"":272.373,""id12_deg"":194.59,""id13_deg"":358.77,""id14_deg"":84.99,""q1_deg"":103.88667187499999,""q2_deg"":14.765781250000003,""q3_deg"":2.900859374999982,""q4_deg"":84.99000000000001,""physical_x_mm"":-36.290758992099356,""physical_y_mm"":-146.79057432049703,""physical_z_mm"":1.681055021351483,""internal_x_mm"":-36.290758992099356,""internal_y_mm"":146.79057432049703,""internal_z_mm"":1.681055021351483,""position_error_mm"":2.774556028938644,""robot_timestamp_utc"":""2026-09-10T14:54:22.009+00:00"",""extra"":{""point"":""P07"",""phase"":""TOUCH""},""target_x_mm"":-35.0,""target_y_mm"":-145.0,""target_z_mm"":0.0}"
2026-09-10T14:54:23.723Z,20260910T145211.196Z-c4765e66,128,point_phase_measured,telemetry,132.5219365999983,36,3097,2103,-125,1140,,272.197,184.834,349.014,100.195,,103.710671875,5.009781250000003,-6.85514062499999,100.195,-35.073217564498,-143.75974584138245,48.89041191579915,-35.073217564498,143.75974584138245,48.89041191579915,-35.0,-145.0,50.0,1.6657661619566089,"{""elapsed_s"":132.5219365999983,""sample_index"":36,""id11_raw"":3097,""id12_raw"":2103,""id13_raw"":-125,""id14_raw"":1140,""id11_deg"":272.197,""id12_deg"":184.834,""id13_deg"":349.014,""id14_deg"":100.195,""q1_deg"":103.710671875,""q2_deg"":5.009781250000003,""q3_deg"":-6.85514062499999,""q4_deg"":100.195,""physical_x_mm"":-35.073217564498,""physical_y_mm"":-143.75974584138245,""physical_z_mm"":48.89041191579915,""internal_x_mm"":-35.073217564498,""internal_y_mm"":143.75974584138245,""internal_z_mm"":48.89041191579915,""position_error_mm"":1.6657661619566089,""robot_timestamp_utc"":""2026-09-10T14:54:23.723+00:00"",""extra"":{""point"":""P07"",""phase"":""RETRACT""},""target_x_mm"":-35.0,""target_y_mm"":-145.0,""target_z_mm"":50.0}"
2026-09-10T14:54:28.319Z,20260910T145211.196Z-c4765e66,131,point_return_work_measured,telemetry,137.1182289999997,37,1910,2045,-47,942,,167.871,179.736,355.869,82.793,,-0.6153281249999907,-0.08821875000001,-0.00014062499997180566,82.793,179.94476769232242,1.9325914498538999,47.312748475876305,179.94476769232242,-1.9325914498538999,47.312748475876305,179.66816315130788,0.0,47.02348315303158,1.973599303597041,"{""elapsed_s"":137.1182289999997,""sample_index"":37,""id11_raw"":1910,""id12_raw"":2045,""id13_raw"":-47,""id14_raw"":942,""id11_deg"":167.871,""id12_deg"":179.736,""id13_deg"":355.869,""id14_deg"":82.793,""q1_deg"":-0.6153281249999907,""q2_deg"":-0.08821875000001,""q3_deg"":-0.00014062499997180566,""q4_deg"":82.793,""physical_x_mm"":179.94476769232242,""physical_y_mm"":1.9325914498538999,""physical_z_mm"":47.312748475876305,""internal_x_mm"":179.94476769232242,""internal_y_mm"":-1.9325914498538999,""internal_z_mm"":47.312748475876305,""position_error_mm"":1.973599303597041,""robot_timestamp_utc"":""2026-09-10T14:54:28.319+00:00"",""extra"":{""point"":""P07"",""phase"":""RETURN_WORK""},""target_x_mm"":179.66816315130788,""target_y_mm"":0.0,""target_z_mm"":47.02348315303158}"
2026-09-10T14:54:30.705Z,20260910T145211.196Z-c4765e66,135,point_phase_measured,telemetry,139.50361469999916,38,1442,1914,84,1139,,126.738,168.223,7.383,100.107,,-41.748328125,-11.601218749999987,11.513859374999981,100.10699999999997,79.20155826840363,70.6859414429109,50.6209839126617,79.20155826840363,-70.6859414429109,50.6209839126617,80.0,70.0,50.0,1.2221480604419146,"{""elapsed_s"":139.50361469999916,""sample_index"":38,""id11_raw"":1442,""id12_raw"":1914,""id13_raw"":84,""id14_raw"":1139,""id11_deg"":126.738,""id12_deg"":168.223,""id13_deg"":7.383,""id14_deg"":100.107,""q1_deg"":-41.748328125,""q2_deg"":-11.601218749999987,""q3_deg"":11.513859374999981,""q4_deg"":100.10699999999997,""physical_x_mm"":79.20155826840363,""physical_y_mm"":70.6859414429109,""physical_z_mm"":50.6209839126617,""internal_x_mm"":79.20155826840363,""internal_y_mm"":-70.6859414429109,""internal_z_mm"":50.6209839126617,""position_error_mm"":1.2221480604419146,""robot_timestamp_utc"":""2026-09-10T14:54:30.704+00:00"",""extra"":{""point"":""P08"",""phase"":""APPROACH""},""target_x_mm"":80.0,""target_y_mm"":70.0,""target_z_mm"":50.0}"
2026-09-10T14:54:32.748Z,20260910T145211.196Z-c4765e66,138,point_phase_measured,telemetry,141.54728389999946,39,1446,2105,175,966,,127.09,185.01,15.381,84.902,,-41.396328125,5.185781249999991,19.511859374999972,84.90199999999999,80.18616877924333,70.6844847597484,0.4910978382842188,80.18616877924333,-70.6844847597484,0.4910978382842188,80.0,70.0,0.0,0.862760272300603,"{""elapsed_s"":141.54728389999946,""sample_index"":39,""id11_raw"":1446,""id12_raw"":2105,""id13_raw"":175,""id14_raw"":966,""id11_deg"":127.09,""id12_deg"":185.01,""id13_deg"":15.381,""id14_deg"":84.902,""q1_deg"":-41.396328125,""q2_deg"":5.185781249999991,""q3_deg"":19.511859374999972,""q4_deg"":84.90199999999999,""physical_x_mm"":80.18616877924333,""physical_y_mm"":70.6844847597484,""physical_z_mm"":0.4910978382842188,""internal_x_mm"":80.18616877924333,""internal_y_mm"":-70.6844847597484,""internal_z_mm"":0.4910978382842188,""position_error_mm"":0.862760272300603,""robot_timestamp_utc"":""2026-09-10T14:54:32.748+00:00"",""extra"":{""point"":""P08"",""phase"":""TOUCH""},""target_x_mm"":80.0,""target_y_mm"":70.0,""target_z_mm"":0.0}"
2026-09-10T14:54:34.495Z,20260910T145211.196Z-c4765e66,141,point_phase_measured,telemetry,143.29449540000132,40,1448,1916,90,1140,,127.266,168.398,7.91,100.195,,-41.22032812499998,-11.426218750000004,12.040859375000025,100.195,78.52470573335223,68.7924100827645,49.5034956074621,78.52470573335223,-68.7924100827645,49.5034956074621,80.0,70.0,50.0,1.9700972547623192,"{""elapsed_s"":143.29449540000132,""sample_index"":40,""id11_raw"":1448,""id12_raw"":1916,""id13_raw"":90,""id14_raw"":1140,""id11_deg"":127.266,""id12_deg"":168.398,""id13_deg"":7.91,""id14_deg"":100.195,""q1_deg"":-41.22032812499998,""q2_deg"":-11.426218750000004,""q3_deg"":12.040859375000025,""q4_deg"":100.195,""physical_x_mm"":78.52470573335223,""physical_y_mm"":68.7924100827645,""physical_z_mm"":49.5034956074621,""internal_x_mm"":78.52470573335223,""internal_y_mm"":-68.7924100827645,""internal_z_mm"":49.5034956074621,""position_error_mm"":1.9700972547623192,""robot_timestamp_utc"":""2026-09-10T14:54:34.495+00:00"",""extra"":{""point"":""P08"",""phase"":""RETRACT""},""target_x_mm"":80.0,""target_y_mm"":70.0,""target_z_mm"":50.0}"
2026-09-10T14:54:36.793Z,20260910T145211.196Z-c4765e66,144,point_return_work_measured,telemetry,145.59234619999916,41,1922,2045,-46,942,,168.926,179.736,355.957,82.793,,0.4396718749999877,-0.08821875000001,0.08785937499999363,82.793,179.7082053082241,-1.379057850365181,47.09153203363394,179.7082053082241,1.379057850365181,47.09153203363394,179.66816315130788,0.0,47.02348315303158,1.3813162487770758,"{""elapsed_s"":145.59234619999916,""sample_index"":41,""id11_raw"":1922,""id12_raw"":2045,""id13_raw"":-46,""id14_raw"":942,""id11_deg"":168.926,""id12_deg"":179.736,""id13_deg"":355.957,""id14_deg"":82.793,""q1_deg"":0.4396718749999877,""q2_deg"":-0.08821875000001,""q3_deg"":0.08785937499999363,""q4_deg"":82.793,""physical_x_mm"":179.7082053082241,""physical_y_mm"":-1.379057850365181,""physical_z_mm"":47.09153203363394,""internal_x_mm"":179.7082053082241,""internal_y_mm"":1.379057850365181,""internal_z_mm"":47.09153203363394,""position_error_mm"":1.3813162487770758,""robot_timestamp_utc"":""2026-09-10T14:54:36.793+00:00"",""extra"":{""point"":""P08"",""phase"":""RETURN_WORK""},""target_x_mm"":179.66816315130788,""target_y_mm"":0.0,""target_z_mm"":47.02348315303158}"
2026-09-10T14:54:38.582Z,20260910T145211.196Z-c4765e66,148,point_phase_measured,telemetry,147.38148010000077,42,1724,2140,-120,738,,151.523,188.086,349.453,64.863,,-16.963328125000004,8.261781250000013,-6.4161406250000255,64.863,230.35264755759243,70.26468634916125,49.9623258074416,230.35264755759243,-70.26468634916125,49.9623258074416,230.0,70.0,50.0,0.44253644832165906,"{""elapsed_s"":147.38148010000077,""sample_index"":42,""id11_raw"":1724,""id12_raw"":2140,""id13_raw"":-120,""id14_raw"":738,""id11_deg"":151.523,""id12_deg"":188.086,""id13_deg"":349.453,""id14_deg"":64.863,""q1_deg"":-16.963328125000004,""q2_deg"":8.261781250000013,""q3_deg"":-6.4161406250000255,""q4_deg"":64.863,""physical_x_mm"":230.35264755759243,""physical_y_mm"":70.26468634916125,""physical_z_mm"":49.9623258074416,""internal_x_mm"":230.35264755759243,""internal_y_mm"":-70.26468634916125,""internal_z_mm"":49.9623258074416,""position_error_mm"":0.44253644832165906,""robot_timestamp_utc"":""2026-09-10T14:54:38.582+00:00"",""extra"":{""point"":""P09"",""phase"":""APPROACH""},""target_x_mm"":230.0,""target_y_mm"":70.0,""target_z_mm"":50.0}"
2026-09-10T14:54:40.538Z,20260910T145211.196Z-c4765e66,151,point_phase_measured,telemetry,149.33686849999867,43,1724,2258,-62,622,,151.523,198.457,354.551,54.668,,-16.963328125000004,18.632781249999994,-1.3181406250000123,54.668000000000006,232.5287629565619,70.92846889123054,2.300402643875344,232.5287629565619,-70.92846889123054,2.300402643875344,230.0,70.0,0.0,3.542393103032362,"{""elapsed_s"":149.33686849999867,""sample_index"":43,""id11_raw"":1724,""id12_raw"":2258,""id13_raw"":-62,""id14_raw"":622,""id11_deg"":151.523,""id12_deg"":198.457,""id13_deg"":354.551,""id14_deg"":54.668,""q1_deg"":-16.963328125000004,""q2_deg"":18.632781249999994,""q3_deg"":-1.3181406250000123,""q4_deg"":54.668000000000006,""physical_x_mm"":232.5287629565619,""physical_y_mm"":70.92846889123054,""physical_z_mm"":2.300402643875344,""internal_x_mm"":232.5287629565619,""internal_y_mm"":-70.92846889123054,""internal_z_mm"":2.300402643875344,""position_error_mm"":3.542393103032362,""robot_timestamp_utc"":""2026-09-10T14:54:40.538+00:00"",""extra"":{""point"":""P09"",""phase"":""TOUCH""},""target_x_mm"":230.0,""target_y_mm"":70.0,""target_z_mm"":0.0}"
2026-09-10T14:54:43.234Z,20260910T145211.196Z-c4765e66,154,point_phase_measured,telemetry,152.03257369999847,44,1725,2143,-119,740,,151.611,188.35,349.541,65.039,,-16.87532812500001,8.525781249999994,-6.328140625000003,65.03899999999999,229.68949021431567,69.67698156045493,48.433431819156425,229.68949021431567,-69.67698156045493,48.433431819156425,230.0,70.0,50.0,1.6293842715956868,"{""elapsed_s"":152.03257369999847,""sample_index"":44,""id11_raw"":1725,""id12_raw"":2143,""id13_raw"":-119,""id14_raw"":740,""id11_deg"":151.611,""id12_deg"":188.35,""id13_deg"":349.541,""id14_deg"":65.039,""q1_deg"":-16.87532812500001,""q2_deg"":8.525781249999994,""q3_deg"":-6.328140625000003,""q4_deg"":65.03899999999999,""physical_x_mm"":229.68949021431567,""physical_y_mm"":69.67698156045493,""physical_z_mm"":48.433431819156425,""internal_x_mm"":229.68949021431567,""internal_y_mm"":-69.67698156045493,""internal_z_mm"":48.433431819156425,""position_error_mm"":1.6293842715956868,""robot_timestamp_utc"":""2026-09-10T14:54:43.233+00:00"",""extra"":{""point"":""P09"",""phase"":""RETRACT""},""target_x_mm"":230.0,""target_y_mm"":70.0,""target_z_mm"":50.0}"
2026-09-10T14:54:45.040Z,20260910T145211.196Z-c4765e66,157,point_return_work_measured,telemetry,153.8387647999989,45,1920,2045,-51,945,,168.75,179.736,355.518,83.057,,0.263671875,-0.08821875000001,-0.35114062500002774,83.05700000000002,180.18874080442248,-0.8292240535041746,48.10315794127192,180.18874080442248,0.8292240535041746,48.10315794127192,179.66816315130788,0.0,47.02348315303158,1.4575017228785772,"{""elapsed_s"":153.8387647999989,""sample_index"":45,""id11_raw"":1920,""id12_raw"":2045,""id13_raw"":-51,""id14_raw"":945,""id11_deg"":168.75,""id12_deg"":179.736,""id13_deg"":355.518,""id14_deg"":83.057,""q1_deg"":0.263671875,""q2_deg"":-0.08821875000001,""q3_deg"":-0.35114062500002774,""q4_deg"":83.05700000000002,""physical_x_mm"":180.18874080442248,""physical_y_mm"":-0.8292240535041746,""physical_z_mm"":48.10315794127192,""internal_x_mm"":180.18874080442248,""internal_y_mm"":0.8292240535041746,""internal_z_mm"":48.10315794127192,""position_error_mm"":1.4575017228785772,""robot_timestamp_utc"":""2026-09-10T14:54:45.040+00:00"",""extra"":{""point"":""P09"",""phase"":""RETURN_WORK""},""target_x_mm"":179.66816315130788,""target_y_mm"":0.0,""target_z_mm"":47.02348315303158}"
2026-09-10T14:54:47.327Z,20260910T145211.196Z-c4765e66,161,point_phase_measured,telemetry,156.12558880000142,46,2393,1913,83,1141,,210.322,168.135,7.295,100.283,,41.835671875,-11.689218750000009,11.425859375000016,100.28300000000002,78.94383847649529,-70.6724282904386,50.99830258032975,78.94383847649529,70.6724282904386,50.99830258032975,80.0,-70.0,50.0,1.601326016589693,"{""elapsed_s"":156.12558880000142,""sample_index"":46,""id11_raw"":2393,""id12_raw"":1913,""id13_raw"":83,""id14_raw"":1141,""id11_deg"":210.322,""id12_deg"":168.135,""id13_deg"":7.295,""id14_deg"":100.283,""q1_deg"":41.835671875,""q2_deg"":-11.689218750000009,""q3_deg"":11.425859375000016,""q4_deg"":100.28300000000002,""physical_x_mm"":78.94383847649529,""physical_y_mm"":-70.6724282904386,""physical_z_mm"":50.99830258032975,""internal_x_mm"":78.94383847649529,""internal_y_mm"":70.6724282904386,""internal_z_mm"":50.99830258032975,""position_error_mm"":1.601326016589693,""robot_timestamp_utc"":""2026-09-10T14:54:47.326+00:00"",""extra"":{""point"":""P10"",""phase"":""APPROACH""},""target_x_mm"":80.0,""target_y_mm"":-70.0,""target_z_mm"":50.0}"
2026-09-10T14:54:49.353Z,20260910T145211.196Z-c4765e66,164,point_phase_measured,telemetry,158.15193880000152,47,2389,2104,173,967,,209.971,184.922,15.205,84.99,,41.484671875000004,5.097781249999997,19.335859374999984,84.99000000000001,80.45504425485318,-71.14224801433924,0.9022434735413185,80.45504425485318,71.14224801433924,0.9022434735413185,80.0,-70.0,0.0,1.5250701904124726,"{""elapsed_s"":158.15193880000152,""sample_index"":47,""id11_raw"":2389,""id12_raw"":2104,""id13_raw"":173,""id14_raw"":967,""id11_deg"":209.971,""id12_deg"":184.922,""id13_deg"":15.205,""id14_deg"":84.99,""q1_deg"":41.484671875000004,""q2_deg"":5.097781249999997,""q3_deg"":19.335859374999984,""q4_deg"":84.99000000000001,""physical_x_mm"":80.45504425485318,""physical_y_mm"":-71.14224801433924,""physical_z_mm"":0.9022434735413185,""internal_x_mm"":80.45504425485318,""internal_y_mm"":71.14224801433924,""internal_z_mm"":0.9022434735413185,""position_error_mm"":1.5250701904124726,""robot_timestamp_utc"":""2026-09-10T14:54:49.353+00:00"",""extra"":{""point"":""P10"",""phase"":""TOUCH""},""target_x_mm"":80.0,""target_y_mm"":-70.0,""target_z_mm"":0.0}"
2026-09-10T14:54:51.099Z,20260910T145211.196Z-c4765e66,167,point_phase_measured,telemetry,159.89851609999823,48,2387,1916,90,1139,,209.795,168.398,7.91,100.107,,41.30867187499999,-11.426218750000004,12.040859375000025,100.10699999999997,78.5984126461538,-69.07147299825577,49.457965811443955,78.5984126461538,69.07147299825577,49.457965811443955,80.0,-70.0,50.0,1.766468387770729,"{""elapsed_s"":159.89851609999823,""sample_index"":48,""id11_raw"":2387,""id12_raw"":1916,""id13_raw"":90,""id14_raw"":1139,""id11_deg"":209.795,""id12_deg"":168.398,""id13_deg"":7.91,""id14_deg"":100.107,""q1_deg"":41.30867187499999,""q2_deg"":-11.426218750000004,""q3_deg"":12.040859375000025,""q4_deg"":100.10699999999997,""physical_x_mm"":78.5984126461538,""physical_y_mm"":-69.07147299825577,""physical_z_mm"":49.457965811443955,""internal_x_mm"":78.5984126461538,""internal_y_mm"":69.07147299825577,""internal_z_mm"":49.457965811443955,""position_error_mm"":1.766468387770729,""robot_timestamp_utc"":""2026-09-10T14:54:51.099+00:00"",""extra"":{""point"":""P10"",""phase"":""RETRACT""},""target_x_mm"":80.0,""target_y_mm"":-70.0,""target_z_mm"":50.0}"
2026-09-10T14:54:53.397Z,20260910T145211.196Z-c4765e66,170,point_return_work_measured,telemetry,162.1962934000003,49,1911,2045,-46,942,,167.959,179.736,355.957,82.793,,-0.5273281249999968,-0.08821875000001,0.08785937499999363,82.793,179.70588519276313,1.6539899464388785,47.09153203363394,179.70588519276313,-1.6539899464388785,47.09153203363394,179.66816315130788,0.0,47.02348315303158,1.6558189349937,"{""elapsed_s"":162.1962934000003,""sample_index"":49,""id11_raw"":1911,""id12_raw"":2045,""id13_raw"":-46,""id14_raw"":942,""id11_deg"":167.959,""id12_deg"":179.736,""id13_deg"":355.957,""id14_deg"":82.793,""q1_deg"":-0.5273281249999968,""q2_deg"":-0.08821875000001,""q3_deg"":0.08785937499999363,""q4_deg"":82.793,""physical_x_mm"":179.70588519276313,""physical_y_mm"":1.6539899464388785,""physical_z_mm"":47.09153203363394,""internal_x_mm"":179.70588519276313,""internal_y_mm"":-1.6539899464388785,""internal_z_mm"":47.09153203363394,""position_error_mm"":1.6558189349937,""robot_timestamp_utc"":""2026-09-10T14:54:53.397+00:00"",""extra"":{""point"":""P10"",""phase"":""RETURN_WORK""},""target_x_mm"":179.66816315130788,""target_y_mm"":0.0,""target_z_mm"":47.02348315303158}"
2026-09-10T14:54:55.176Z,20260910T145211.196Z-c4765e66,174,point_phase_measured,telemetry,163.9748456999987,50,2111,2140,-120,738,,185.537,188.086,349.453,64.863,,17.050671875000006,8.261781250000013,-6.4161406250000255,64.863,230.2452659215746,-70.61576244183594,49.9623258074416,230.2452659215746,70.61576244183594,49.9623258074416,230.0,-70.0,50.0,0.6638810901407908,"{""elapsed_s"":163.9748456999987,""sample_index"":50,""id11_raw"":2111,""id12_raw"":2140,""id13_raw"":-120,""id14_raw"":738,""id11_deg"":185.537,""id12_deg"":188.086,""id13_deg"":349.453,""id14_deg"":64.863,""q1_deg"":17.050671875000006,""q2_deg"":8.261781250000013,""q3_deg"":-6.4161406250000255,""q4_deg"":64.863,""physical_x_mm"":230.2452659215746,""physical_y_mm"":-70.61576244183594,""physical_z_mm"":49.9623258074416,""internal_x_mm"":230.2452659215746,""internal_y_mm"":70.61576244183594,""internal_z_mm"":49.9623258074416,""position_error_mm"":0.6638810901407908,""robot_timestamp_utc"":""2026-09-10T14:54:55.176+00:00"",""extra"":{""point"":""P11"",""phase"":""APPROACH""},""target_x_mm"":230.0,""target_y_mm"":-70.0,""target_z_mm"":50.0}"
2026-09-10T14:54:57.142Z,20260910T145211.196Z-c4765e66,177,point_phase_measured,telemetry,165.9407147999991,51,2110,2258,-63,622,,185.449,198.457,354.463,54.668,,16.962671875000012,18.632781249999994,-1.4061406249999777,54.668000000000006,232.8053109247523,-71.00991000224262,2.5578359009940925,232.8053109247523,71.00991000224262,2.5578359009940925,230.0,-70.0,0.0,3.9283854308835973,"{""elapsed_s"":165.9407147999991,""sample_index"":51,""id11_raw"":2110,""id12_raw"":2258,""id13_raw"":-63,""id14_raw"":622,""id11_deg"":185.449,""id12_deg"":198.457,""id13_deg"":354.463,""id14_deg"":54.668,""q1_deg"":16.962671875000012,""q2_deg"":18.632781249999994,""q3_deg"":-1.4061406249999777,""q4_deg"":54.668000000000006,""physical_x_mm"":232.8053109247523,""physical_y_mm"":-71.00991000224262,""physical_z_mm"":2.5578359009940925,""internal_x_mm"":232.8053109247523,""internal_y_mm"":71.00991000224262,""internal_z_mm"":2.5578359009940925,""position_error_mm"":3.9283854308835973,""robot_timestamp_utc"":""2026-09-10T14:54:57.142+00:00"",""extra"":{""point"":""P11"",""phase"":""TOUCH""},""target_x_mm"":230.0,""target_y_mm"":-70.0,""target_z_mm"":0.0}"
2026-09-10T14:54:59.838Z,20260910T145211.196Z-c4765e66,180,point_phase_measured,telemetry,168.63686360000065,52,2110,2143,-118,740,,185.449,188.35,349.629,65.039,,16.962671875000012,8.525781249999994,-6.240140624999981,65.03899999999999,229.36082853859642,-69.95927939904175,48.14898834837439,229.36082853859642,69.95927939904175,48.14898834837439,230.0,-70.0,50.0,1.958683858837092,"{""elapsed_s"":168.63686360000065,""sample_index"":52,""id11_raw"":2110,""id12_raw"":2143,""id13_raw"":-118,""id14_raw"":740,""id11_deg"":185.449,""id12_deg"":188.35,""id13_deg"":349.629,""id14_deg"":65.039,""q1_deg"":16.962671875000012,""q2_deg"":8.525781249999994,""q3_deg"":-6.240140624999981,""q4_deg"":65.03899999999999,""physical_x_mm"":229.36082853859642,""physical_y_mm"":-69.95927939904175,""physical_z_mm"":48.14898834837439,""internal_x_mm"":229.36082853859642,""internal_y_mm"":69.95927939904175,""internal_z_mm"":48.14898834837439,""position_error_mm"":1.958683858837092,""robot_timestamp_utc"":""2026-09-10T14:54:59.838+00:00"",""extra"":{""point"":""P11"",""phase"":""RETRACT""},""target_x_mm"":230.0,""target_y_mm"":-70.0,""target_z_mm"":50.0}"
2026-09-10T14:55:01.598Z,20260910T145211.196Z-c4765e66,183,point_return_work_measured,telemetry,170.39704079999865,53,1915,2045,-51,945,,168.311,179.736,355.518,83.057,,-0.17532812499999295,-0.08821875000001,-0.35114062500002774,83.05700000000002,180.18980518326626,0.5513920844638283,48.10315794127192,180.18980518326626,-0.5513920844638283,48.10315794127192,179.66816315130788,0.0,47.02348315303158,1.3197883499549667,"{""elapsed_s"":170.39704079999865,""sample_index"":53,""id11_raw"":1915,""id12_raw"":2045,""id13_raw"":-51,""id14_raw"":945,""id11_deg"":168.311,""id12_deg"":179.736,""id13_deg"":355.518,""id14_deg"":83.057,""q1_deg"":-0.17532812499999295,""q2_deg"":-0.08821875000001,""q3_deg"":-0.35114062500002774,""q4_deg"":83.05700000000002,""physical_x_mm"":180.18980518326626,""physical_y_mm"":0.5513920844638283,""physical_z_mm"":48.10315794127192,""internal_x_mm"":180.18980518326626,""internal_y_mm"":-0.5513920844638283,""internal_z_mm"":48.10315794127192,""position_error_mm"":1.3197883499549667,""robot_timestamp_utc"":""2026-09-10T14:55:01.598+00:00"",""extra"":{""point"":""P11"",""phase"":""RETURN_WORK""},""target_x_mm"":179.66816315130788,""target_y_mm"":0.0,""target_z_mm"":47.02348315303158}"
2026-09-10T14:57:14.549Z,20260910T145211.196Z-c4765e66,189,point_phase_measured,telemetry,303.34796859999915,54,1722,2135,-114,739,,151.348,187.646,349.98,64.951,,-17.138328124999987,7.821781249999987,-5.889140624999982,64.951,228.7998577361837,70.55560329056964,49.903166229714,228.7998577361837,-70.55560329056964,49.903166229714,230.0,70.0,50.0,1.326051751990747,"{""elapsed_s"":303.34796859999915,""sample_index"":54,""id11_raw"":1722,""id12_raw"":2135,""id13_raw"":-114,""id14_raw"":739,""id11_deg"":151.348,""id12_deg"":187.646,""id13_deg"":349.98,""id14_deg"":64.951,""q1_deg"":-17.138328124999987,""q2_deg"":7.821781249999987,""q3_deg"":-5.889140624999982,""q4_deg"":64.951,""physical_x_mm"":228.7998577361837,""physical_y_mm"":70.55560329056964,""physical_z_mm"":49.903166229714,""internal_x_mm"":228.7998577361837,""internal_y_mm"":-70.55560329056964,""internal_z_mm"":49.903166229714,""position_error_mm"":1.326051751990747,""robot_timestamp_utc"":""2026-09-10T14:57:14.549+00:00"",""extra"":{""point"":""P09"",""phase"":""APPROACH""},""target_x_mm"":230.0,""target_y_mm"":70.0,""target_z_mm"":50.0}"
2026-09-10T14:57:15.914Z,20260910T145211.196Z-c4765e66,193,telemetry_sample,telemetry,304.7134451999991,55,1721,2253,-65,623,,151.26,198.018,354.287,54.756,,-17.22632812500001,18.19378125,-1.5821406250000223,54.756,233.33593146574194,72.3470481027171,4.775463791058598,233.33593146574194,-72.3470481027171,4.775463791058598,230.0,70.0,0.0,6.280296805112544,"{""elapsed_s"":304.7134451999991,""sample_index"":55,""id11_raw"":1721,""id12_raw"":2253,""id13_raw"":-65,""id14_raw"":623,""id11_deg"":151.26,""id12_deg"":198.018,""id13_deg"":354.287,""id14_deg"":54.756,""q1_deg"":-17.22632812500001,""q2_deg"":18.19378125,""q3_deg"":-1.5821406250000223,""q4_deg"":54.756,""physical_x_mm"":233.33593146574194,""physical_y_mm"":72.3470481027171,""physical_z_mm"":4.775463791058598,""internal_x_mm"":233.33593146574194,""internal_y_mm"":-72.3470481027171,""internal_z_mm"":4.775463791058598,""position_error_mm"":6.280296805112544,""robot_timestamp_utc"":""2026-09-10T14:57:15.899+00:00"",""extra"":null,""target_x_mm"":230.0,""target_y_mm"":70.0,""target_z_mm"":0.0}"
2026-09-10T14:57:15.986Z,20260910T145211.196Z-c4765e66,195,telemetry_sample,telemetry,304.7846548000016,56,1721,2254,-62,622,,151.26,198.105,354.551,54.668,,-17.22632812500001,18.28078124999999,-1.3181406250000123,54.668000000000006,232.6319702521109,72.1287811797229,3.721606634673435,232.6319702521109,-72.1287811797229,3.721606634673435,230.0,70.0,0.0,5.030838166984157,"{""elapsed_s"":304.7846548000016,""sample_index"":56,""id11_raw"":1721,""id12_raw"":2254,""id13_raw"":-62,""id14_raw"":622,""id11_deg"":151.26,""id12_deg"":198.105,""id13_deg"":354.551,""id14_deg"":54.668,""q1_deg"":-17.22632812500001,""q2_deg"":18.28078124999999,""q3_deg"":-1.3181406250000123,""q4_deg"":54.668000000000006,""physical_x_mm"":232.6319702521109,""physical_y_mm"":72.1287811797229,""physical_z_mm"":3.721606634673435,""internal_x_mm"":232.6319702521109,""internal_y_mm"":-72.1287811797229,""internal_z_mm"":3.721606634673435,""position_error_mm"":5.030838166984157,""robot_timestamp_utc"":""2026-09-10T14:57:15.969+00:00"",""extra"":null,""target_x_mm"":230.0,""target_y_mm"":70.0,""target_z_mm"":0.0}"
2026-09-10T14:57:16.408Z,20260910T145211.196Z-c4765e66,196,point_phase_measured,telemetry,305.2066292999989,57,1722,2255,-60,622,,151.348,198.193,354.727,54.668,,-17.138328124999987,18.368781250000012,-1.1421406250000246,54.668000000000006,232.08558281893173,71.56883082381202,2.8498527390856054,232.08558281893173,-71.56883082381202,2.8498527390856054,230.0,70.0,0.0,3.86426532252117,"{""elapsed_s"":305.2066292999989,""sample_index"":57,""id11_raw"":1722,""id12_raw"":2255,""id13_raw"":-60,""id14_raw"":622,""id11_deg"":151.348,""id12_deg"":198.193,""id13_deg"":354.727,""id14_deg"":54.668,""q1_deg"":-17.138328124999987,""q2_deg"":18.368781250000012,""q3_deg"":-1.1421406250000246,""q4_deg"":54.668000000000006,""physical_x_mm"":232.08558281893173,""physical_y_mm"":71.56883082381202,""physical_z_mm"":2.8498527390856054,""internal_x_mm"":232.08558281893173,""internal_y_mm"":-71.56883082381202,""internal_z_mm"":2.8498527390856054,""position_error_mm"":3.86426532252117,""robot_timestamp_utc"":""2026-09-10T14:57:16.407+00:00"",""extra"":{""point"":""P09"",""phase"":""TOUCH""},""target_x_mm"":230.0,""target_y_mm"":70.0,""target_z_mm"":0.0}"
2026-09-10T14:57:18.643Z,20260910T145211.196Z-c4765e66,200,telemetry_sample,telemetry,307.44240929999796,58,1723,2146,-114,740,,151.436,188.613,349.98,65.039,,-17.050328124999993,8.78878125,-5.889140624999982,65.03899999999999,228.23194977553007,69.99678431617997,45.97697394714359,228.23194977553007,-69.99678431617997,45.97697394714359,230.0,70.0,50.0,4.394399908842164,"{""elapsed_s"":307.44240929999796,""sample_index"":58,""id11_raw"":1723,""id12_raw"":2146,""id13_raw"":-114,""id14_raw"":740,""id11_deg"":151.436,""id12_deg"":188.613,""id13_deg"":349.98,""id14_deg"":65.039,""q1_deg"":-17.050328124999993,""q2_deg"":8.78878125,""q3_deg"":-5.889140624999982,""q4_deg"":65.03899999999999,""physical_x_mm"":228.23194977553007,""physical_y_mm"":69.99678431617997,""physical_z_mm"":45.97697394714359,""internal_x_mm"":228.23194977553007,""internal_y_mm"":-69.99678431617997,""internal_z_mm"":45.97697394714359,""position_error_mm"":4.394399908842164,""robot_timestamp_utc"":""2026-09-10T14:57:18.637+00:00"",""extra"":null,""target_x_mm"":230.0,""target_y_mm"":70.0,""target_z_mm"":50.0}"
2026-09-10T14:57:18.892Z,20260910T145211.196Z-c4765e66,201,point_phase_measured,telemetry,307.69072750000123,59,1724,2142,-118,741,,151.523,188.262,349.629,65.127,,-16.963328125000004,8.43778125,-6.240140624999981,65.12700000000001,229.18636894801244,69.90893527980406,48.40474770354314,229.18636894801244,-69.90893527980406,48.40474770354314,230.0,70.0,50.0,1.7930750573731258,"{""elapsed_s"":307.69072750000123,""sample_index"":59,""id11_raw"":1724,""id12_raw"":2142,""id13_raw"":-118,""id14_raw"":741,""id11_deg"":151.523,""id12_deg"":188.262,""id13_deg"":349.629,""id14_deg"":65.127,""q1_deg"":-16.963328125000004,""q2_deg"":8.43778125,""q3_deg"":-6.240140624999981,""q4_deg"":65.12700000000001,""physical_x_mm"":229.18636894801244,""physical_y_mm"":69.90893527980406,""physical_z_mm"":48.40474770354314,""internal_x_mm"":229.18636894801244,""internal_y_mm"":-69.90893527980406,""internal_z_mm"":48.40474770354314,""position_error_mm"":1.7930750573731258,""robot_timestamp_utc"":""2026-09-10T14:57:18.892+00:00"",""extra"":{""point"":""P09"",""phase"":""RETRACT""},""target_x_mm"":230.0,""target_y_mm"":70.0,""target_z_mm"":50.0}"
2026-09-10T14:57:20.653Z,20260910T145211.196Z-c4765e66,204,point_return_work_measured,telemetry,309.45236640000076,60,1918,2045,-51,945,,168.574,179.736,355.518,83.057,,0.08767187500001228,-0.08821875000001,-0.35114062500002774,83.05700000000002,180.19043787942937,-0.2757209345914469,48.10315794127192,180.19043787942937,0.2757209345914469,48.10315794127192,179.66816315130788,0.0,47.02348315303158,1.2306464048491659,"{""elapsed_s"":309.45236640000076,""sample_index"":60,""id11_raw"":1918,""id12_raw"":2045,""id13_raw"":-51,""id14_raw"":945,""id11_deg"":168.574,""id12_deg"":179.736,""id13_deg"":355.518,""id14_deg"":83.057,""q1_deg"":0.08767187500001228,""q2_deg"":-0.08821875000001,""q3_deg"":-0.35114062500002774,""q4_deg"":83.05700000000002,""physical_x_mm"":180.19043787942937,""physical_y_mm"":-0.2757209345914469,""physical_z_mm"":48.10315794127192,""internal_x_mm"":180.19043787942937,""internal_y_mm"":0.2757209345914469,""internal_z_mm"":48.10315794127192,""position_error_mm"":1.2306464048491659,""robot_timestamp_utc"":""2026-09-10T14:57:20.653+00:00"",""extra"":{""point"":""P09"",""phase"":""RETURN_WORK""},""target_x_mm"":179.66816315130788,""target_y_mm"":0.0,""target_z_mm"":47.02348315303158}"
2026-09-10T14:57:26.414Z,20260910T145211.196Z-c4765e66,210,point_phase_measured,telemetry,315.21262710000155,61,1722,2135,-114,738,,151.348,187.646,349.98,64.863,,-17.138328124999987,7.821781249999987,-5.889140624999982,64.863,229.01400839590482,70.6216414828185,49.999032843703674,229.01400839590482,-70.6216414828185,49.999032843703674,230.0,70.0,50.0,1.1655979203388567,"{""elapsed_s"":315.21262710000155,""sample_index"":61,""id11_raw"":1722,""id12_raw"":2135,""id13_raw"":-114,""id14_raw"":738,""id11_deg"":151.348,""id12_deg"":187.646,""id13_deg"":349.98,""id14_deg"":64.863,""q1_deg"":-17.138328124999987,""q2_deg"":7.821781249999987,""q3_deg"":-5.889140624999982,""q4_deg"":64.863,""physical_x_mm"":229.01400839590482,""physical_y_mm"":70.6216414828185,""physical_z_mm"":49.999032843703674,""internal_x_mm"":229.01400839590482,""internal_y_mm"":-70.6216414828185,""internal_z_mm"":49.999032843703674,""position_error_mm"":1.1655979203388567,""robot_timestamp_utc"":""2026-09-10T14:57:26.413+00:00"",""extra"":{""point"":""P09"",""phase"":""APPROACH""},""target_x_mm"":230.0,""target_y_mm"":70.0,""target_z_mm"":50.0}"
2026-09-10T14:57:28.261Z,20260910T145211.196Z-c4765e66,213,point_phase_measured,telemetry,317.0599750000001,62,1722,2255,-60,623,,151.348,198.193,354.727,54.756,,-17.138328124999987,18.368781250000012,-1.1421406250000246,54.756,231.8641376425693,71.5005432026193,2.7742829684760864,231.8641376425693,-71.5005432026193,2.7742829684760864,230.0,70.0,0.0,3.6637801575077145,"{""elapsed_s"":317.0599750000001,""sample_index"":62,""id11_raw"":1722,""id12_raw"":2255,""id13_raw"":-60,""id14_raw"":623,""id11_deg"":151.348,""id12_deg"":198.193,""id13_deg"":354.727,""id14_deg"":54.756,""q1_deg"":-17.138328124999987,""q2_deg"":18.368781250000012,""q3_deg"":-1.1421406250000246,""q4_deg"":54.756,""physical_x_mm"":231.8641376425693,""physical_y_mm"":71.5005432026193,""physical_z_mm"":2.7742829684760864,""internal_x_mm"":231.8641376425693,""internal_y_mm"":-71.5005432026193,""internal_z_mm"":2.7742829684760864,""position_error_mm"":3.6637801575077145,""robot_timestamp_utc"":""2026-09-10T14:57:28.261+00:00"",""extra"":{""point"":""P09"",""phase"":""TOUCH""},""target_x_mm"":230.0,""target_y_mm"":70.0,""target_z_mm"":0.0}"
2026-09-10T14:57:30.754Z,20260910T145211.196Z-c4765e66,216,point_phase_measured,telemetry,319.55343899999934,63,1724,2142,-118,740,,151.523,188.262,349.629,65.039,,-16.963328125000004,8.43778125,-6.240140624999981,65.03899999999999,229.40141972663295,69.97453242257245,48.49888660648827,229.40141972663295,-69.97453242257245,48.49888660648827,230.0,70.0,50.0,1.6162575170264484,"{""elapsed_s"":319.55343899999934,""sample_index"":63,""id11_raw"":1724,""id12_raw"":2142,""id13_raw"":-118,""id14_raw"":740,""id11_deg"":151.523,""id12_deg"":188.262,""id13_deg"":349.629,""id14_deg"":65.039,""q1_deg"":-16.963328125000004,""q2_deg"":8.43778125,""q3_deg"":-6.240140624999981,""q4_deg"":65.03899999999999,""physical_x_mm"":229.40141972663295,""physical_y_mm"":69.97453242257245,""physical_z_mm"":48.49888660648827,""internal_x_mm"":229.40141972663295,""internal_y_mm"":-69.97453242257245,""internal_z_mm"":48.49888660648827,""position_error_mm"":1.6162575170264484,""robot_timestamp_utc"":""2026-09-10T14:57:30.754+00:00"",""extra"":{""point"":""P09"",""phase"":""RETRACT""},""target_x_mm"":230.0,""target_y_mm"":70.0,""target_z_mm"":50.0}"
2026-09-10T14:57:32.520Z,20260910T145211.196Z-c4765e66,219,point_return_work_measured,telemetry,321.31885519999923,64,1918,2045,-51,945,,168.574,179.736,355.518,83.057,,0.08767187500001228,-0.08821875000001,-0.35114062500002774,83.05700000000002,180.19043787942937,-0.2757209345914469,48.10315794127192,180.19043787942937,0.2757209345914469,48.10315794127192,179.66816315130788,0.0,47.02348315303158,1.2306464048491659,"{""elapsed_s"":321.31885519999923,""sample_index"":64,""id11_raw"":1918,""id12_raw"":2045,""id13_raw"":-51,""id14_raw"":945,""id11_deg"":168.574,""id12_deg"":179.736,""id13_deg"":355.518,""id14_deg"":83.057,""q1_deg"":0.08767187500001228,""q2_deg"":-0.08821875000001,""q3_deg"":-0.35114062500002774,""q4_deg"":83.05700000000002,""physical_x_mm"":180.19043787942937,""physical_y_mm"":-0.2757209345914469,""physical_z_mm"":48.10315794127192,""internal_x_mm"":180.19043787942937,""internal_y_mm"":0.2757209345914469,""internal_z_mm"":48.10315794127192,""position_error_mm"":1.2306464048491659,""robot_timestamp_utc"":""2026-09-10T14:57:32.520+00:00"",""extra"":{""point"":""P09"",""phase"":""RETURN_WORK""},""target_x_mm"":179.66816315130788,""target_y_mm"":0.0,""target_z_mm"":47.02348315303158}"
2026-09-10T14:57:35.402Z,20260910T145211.196Z-c4765e66,224,telemetry_sample,telemetry,324.20084679999854,65,1918,2045,-48,944,,168.574,179.736,355.781,82.969,,0.08767187500001228,-0.08821875000001,-0.08814062499999409,82.969,179.71269878758446,-0.27498991539617484,47.472432086893605,179.71269878758446,0.27498991539617484,47.472432086893605,,,,,"{""elapsed_s"":324.20084679999854,""sample_index"":65,""id11_raw"":1918,""id12_raw"":2045,""id13_raw"":-48,""id14_raw"":944,""id11_deg"":168.574,""id12_deg"":179.736,""id13_deg"":355.781,""id14_deg"":82.969,""q1_deg"":0.08767187500001228,""q2_deg"":-0.08821875000001,""q3_deg"":-0.08814062499999409,""q4_deg"":82.969,""physical_x_mm"":179.71269878758446,""physical_y_mm"":-0.27498991539617484,""physical_z_mm"":47.472432086893605,""internal_x_mm"":179.71269878758446,""internal_y_mm"":0.27498991539617484,""internal_z_mm"":47.472432086893605,""position_error_mm"":null,""robot_timestamp_utc"":""2026-09-10T14:57:35.397+00:00"",""extra"":null}"
2026-09-10T14:57:35.651Z,20260910T145211.196Z-c4765e66,225,telemetry_sample,telemetry,324.45031440000093,66,1918,2045,-48,943,,168.574,179.736,355.781,82.881,,0.08767187500001228,-0.08821875000001,-0.08814062499999409,82.88099999999997,179.954494693734,-0.2753599028050991,47.50319827695691,179.954494693734,0.2753599028050991,47.50319827695691,,,,,"{""elapsed_s"":324.45031440000093,""sample_index"":66,""id11_raw"":1918,""id12_raw"":2045,""id13_raw"":-48,""id14_raw"":943,""id11_deg"":168.574,""id12_deg"":179.736,""id13_deg"":355.781,""id14_deg"":82.881,""q1_deg"":0.08767187500001228,""q2_deg"":-0.08821875000001,""q3_deg"":-0.08814062499999409,""q4_deg"":82.88099999999997,""physical_x_mm"":179.954494693734,""physical_y_mm"":-0.2753599028050991,""physical_z_mm"":47.50319827695691,""internal_x_mm"":179.954494693734,""internal_y_mm"":0.2753599028050991,""internal_z_mm"":47.50319827695691,""position_error_mm"":null,""robot_timestamp_utc"":""2026-09-10T14:57:35.648+00:00"",""extra"":null}"
2026-09-10T14:57:35.907Z,20260910T145211.196Z-c4765e66,226,telemetry_sample,telemetry,324.7062761999987,67,1918,2045,-47,943,,168.574,179.736,355.869,82.881,,0.08767187500001228,-0.08821875000001,-0.00014062499997180566,82.88099999999997,179.71313874724964,-0.2749905886066487,47.28198228581303,179.71313874724964,0.2749905886066487,47.28198228581303,,,,,"{""elapsed_s"":324.7062761999987,""sample_index"":67,""id11_raw"":1918,""id12_raw"":2045,""id13_raw"":-47,""id14_raw"":943,""id11_deg"":168.574,""id12_deg"":179.736,""id13_deg"":355.869,""id14_deg"":82.881,""q1_deg"":0.08767187500001228,""q2_deg"":-0.08821875000001,""q3_deg"":-0.00014062499997180566,""q4_deg"":82.88099999999997,""physical_x_mm"":179.71313874724964,""physical_y_mm"":-0.2749905886066487,""physical_z_mm"":47.28198228581303,""internal_x_mm"":179.71313874724964,""internal_y_mm"":0.2749905886066487,""internal_z_mm"":47.28198228581303,""position_error_mm"":null,""robot_timestamp_utc"":""2026-09-10T14:57:35.905+00:00"",""extra"":null}"
2026-09-10T14:57:36.163Z,20260910T145211.196Z-c4765e66,227,telemetry_sample,telemetry,324.9619864000015,68,1917,2045,-47,944,,168.486,179.736,355.869,82.969,,-0.00032812500001000444,-0.08821875000001,-0.00014062499997180566,82.969,179.47150597705937,0.0010278084773716323,47.25158750417839,179.47150597705937,-0.0010278084773716323,47.25158750417839,,,,,"{""elapsed_s"":324.9619864000015,""sample_index"":68,""id11_raw"":1917,""id12_raw"":2045,""id13_raw"":-47,""id14_raw"":944,""id11_deg"":168.486,""id12_deg"":179.736,""id13_deg"":355.869,""id14_deg"":82.969,""q1_deg"":-0.00032812500001000444,""q2_deg"":-0.08821875000001,""q3_deg"":-0.00014062499997180566,""q4_deg"":82.969,""physical_x_mm"":179.47150597705937,""physical_y_mm"":0.0010278084773716323,""physical_z_mm"":47.25158750417839,""internal_x_mm"":179.47150597705937,""internal_y_mm"":-0.0010278084773716323,""internal_z_mm"":47.25158750417839,""position_error_mm"":null,""robot_timestamp_utc"":""2026-09-10T14:57:36.155+00:00"",""extra"":null}"
2026-09-10T14:57:36.421Z,20260910T145211.196Z-c4765e66,228,telemetry_sample,telemetry,325.22032110000146,69,1917,2045,-47,944,,168.486,179.736,355.869,82.969,,-0.00032812500001000444,-0.08821875000001,-0.00014062499997180566,82.969,179.47150597705937,0.0010278084773716323,47.25158750417839,179.47150597705937,-0.0010278084773716323,47.25158750417839,,,,,"{""elapsed_s"":325.22032110000146,""sample_index"":69,""id11_raw"":1917,""id12_raw"":2045,""id13_raw"":-47,""id14_raw"":944,""id11_deg"":168.486,""id12_deg"":179.736,""id13_deg"":355.869,""id14_deg"":82.969,""q1_deg"":-0.00032812500001000444,""q2_deg"":-0.08821875000001,""q3_deg"":-0.00014062499997180566,""q4_deg"":82.969,""physical_x_mm"":179.47150597705937,""physical_y_mm"":0.0010278084773716323,""physical_z_mm"":47.25158750417839,""internal_x_mm"":179.47150597705937,""internal_y_mm"":-0.0010278084773716323,""internal_z_mm"":47.25158750417839,""position_error_mm"":null,""robot_timestamp_utc"":""2026-09-10T14:57:36.418+00:00"",""extra"":null}"
2026-09-10T14:57:36.675Z,20260910T145211.196Z-c4765e66,229,telemetry_sample,telemetry,325.4743583999989,70,1917,2045,-46,943,,168.486,179.736,355.957,82.881,,-0.00032812500001000444,-0.08821875000001,0.08785937499999363,82.88099999999997,179.47165342694,0.0010278093217966932,47.06113725199933,179.47165342694,-0.0010278093217966932,47.06113725199933,,,,,"{""elapsed_s"":325.4743583999989,""sample_index"":70,""id11_raw"":1917,""id12_raw"":2045,""id13_raw"":-46,""id14_raw"":943,""id11_deg"":168.486,""id12_deg"":179.736,""id13_deg"":355.957,""id14_deg"":82.881,""q1_deg"":-0.00032812500001000444,""q2_deg"":-0.08821875000001,""q3_deg"":0.08785937499999363,""q4_deg"":82.88099999999997,""physical_x_mm"":179.47165342694,""physical_y_mm"":0.0010278093217966932,""physical_z_mm"":47.06113725199933,""internal_x_mm"":179.47165342694,""internal_y_mm"":-0.0010278093217966932,""internal_z_mm"":47.06113725199933,""position_error_mm"":null,""robot_timestamp_utc"":""2026-09-10T14:57:36.672+00:00"",""extra"":null}"
2026-09-10T14:57:36.936Z,20260910T145211.196Z-c4765e66,230,telemetry_sample,telemetry,325.73452760000146,71,1917,2045,-47,943,,168.486,179.736,355.869,82.881,,-0.00032812500001000444,-0.08821875000001,-0.00014062499997180566,82.88099999999997,179.71334913453921,0.0010291934796654444,47.28198228581303,179.71334913453921,-0.0010291934796654444,47.28198228581303,,,,,"{""elapsed_s"":325.73452760000146,""sample_index"":71,""id11_raw"":1917,""id12_raw"":2045,""id13_raw"":-47,""id14_raw"":943,""id11_deg"":168.486,""id12_deg"":179.736,""id13_deg"":355.869,""id14_deg"":82.881,""q1_deg"":-0.00032812500001000444,""q2_deg"":-0.08821875000001,""q3_deg"":-0.00014062499997180566,""q4_deg"":82.88099999999997,""physical_x_mm"":179.71334913453921,""physical_y_mm"":0.0010291934796654444,""physical_z_mm"":47.28198228581303,""internal_x_mm"":179.71334913453921,""internal_y_mm"":-0.0010291934796654444,""internal_z_mm"":47.28198228581303,""position_error_mm"":null,""robot_timestamp_utc"":""2026-09-10T14:57:36.933+00:00"",""extra"":null}"
2026-09-10T14:57:37.204Z,20260910T145211.196Z-c4765e66,231,telemetry_sample,telemetry,326.0029891000013,72,1917,2045,-46,944,,168.486,179.736,355.957,82.969,,-0.00032812500001000444,-0.08821875000001,0.08785937499999363,82.969,179.229763871694,0.0010264240537892952,47.031113950493335,179.229763871694,-0.0010264240537892952,47.031113950493335,,,,,"{""elapsed_s"":326.0029891000013,""sample_index"":72,""id11_raw"":1917,""id12_raw"":2045,""id13_raw"":-46,""id14_raw"":944,""id11_deg"":168.486,""id12_deg"":179.736,""id13_deg"":355.957,""id14_deg"":82.969,""q1_deg"":-0.00032812500001000444,""q2_deg"":-0.08821875000001,""q3_deg"":0.08785937499999363,""q4_deg"":82.969,""physical_x_mm"":179.229763871694,""physical_y_mm"":0.0010264240537892952,""physical_z_mm"":47.031113950493335,""internal_x_mm"":179.229763871694,""internal_y_mm"":-0.0010264240537892952,""internal_z_mm"":47.031113950493335,""position_error_mm"":null,""robot_timestamp_utc"":""2026-09-10T14:57:37.186+00:00"",""extra"":null}"
2026-09-10T14:57:37.468Z,20260910T145211.196Z-c4765e66,232,telemetry_sample,telemetry,326.26687980000133,73,1917,2046,-46,943,,168.486,179.824,355.957,82.881,,-0.00032812500001000444,-0.00021874999998772182,0.08785937499999363,82.88099999999997,179.42624106821307,0.0010275492515029554,46.80395408109251,179.42624106821307,-0.0010275492515029554,46.80395408109251,,,,,"{""elapsed_s"":326.26687980000133,""sample_index"":73,""id11_raw"":1917,""id12_raw"":2046,""id13_raw"":-46,""id14_raw"":943,""id11_deg"":168.486,""id12_deg"":179.824,""id13_deg"":355.957,""id14_deg"":82.881,""q1_deg"":-0.00032812500001000444,""q2_deg"":-0.00021874999998772182,""q3_deg"":0.08785937499999363,""q4_deg"":82.88099999999997,""physical_x_mm"":179.42624106821307,""physical_y_mm"":0.0010275492515029554,""physical_z_mm"":46.80395408109251,""internal_x_mm"":179.42624106821307,""internal_y_mm"":-0.0010275492515029554,""internal_z_mm"":46.80395408109251,""position_error_mm"":null,""robot_timestamp_utc"":""2026-09-10T14:57:37.450+00:00"",""extra"":null}"
2026-09-10T14:57:37.718Z,20260910T145211.196Z-c4765e66,233,telemetry_sample,telemetry,326.5174729999999,74,1917,2045,-46,943,,168.486,179.736,355.957,82.881,,-0.00032812500001000444,-0.08821875000001,0.08785937499999363,82.88099999999997,179.47165342694,0.0010278093217966932,47.06113725199933,179.47165342694,-0.0010278093217966932,47.06113725199933,,,,,"{""elapsed_s"":326.5174729999999,""sample_index"":74,""id11_raw"":1917,""id12_raw"":2045,""id13_raw"":-46,""id14_raw"":943,""id11_deg"":168.486,""id12_deg"":179.736,""id13_deg"":355.957,""id14_deg"":82.881,""q1_deg"":-0.00032812500001000444,""q2_deg"":-0.08821875000001,""q3_deg"":0.08785937499999363,""q4_deg"":82.88099999999997,""physical_x_mm"":179.47165342694,""physical_y_mm"":0.0010278093217966932,""physical_z_mm"":47.06113725199933,""internal_x_mm"":179.47165342694,""internal_y_mm"":-0.0010278093217966932,""internal_z_mm"":47.06113725199933,""position_error_mm"":null,""robot_timestamp_utc"":""2026-09-10T14:57:37.711+00:00"",""extra"":null}"
2026-09-10T14:57:37.986Z,20260910T145211.196Z-c4765e66,234,telemetry_sample,telemetry,326.7854694999987,75,1917,2045,-46,943,,168.486,179.736,355.957,82.881,,-0.00032812500001000444,-0.08821875000001,0.08785937499999363,82.88099999999997,179.47165342694,0.0010278093217966932,47.06113725199933,179.47165342694,-0.0010278093217966932,47.06113725199933,,,,,"{""elapsed_s"":326.7854694999987,""sample_index"":75,""id11_raw"":1917,""id12_raw"":2045,""id13_raw"":-46,""id14_raw"":943,""id11_deg"":168.486,""id12_deg"":179.736,""id13_deg"":355.957,""id14_deg"":82.881,""q1_deg"":-0.00032812500001000444,""q2_deg"":-0.08821875000001,""q3_deg"":0.08785937499999363,""q4_deg"":82.88099999999997,""physical_x_mm"":179.47165342694,""physical_y_mm"":0.0010278093217966932,""physical_z_mm"":47.06113725199933,""internal_x_mm"":179.47165342694,""internal_y_mm"":-0.0010278093217966932,""internal_z_mm"":47.06113725199933,""position_error_mm"":null,""robot_timestamp_utc"":""2026-09-10T14:57:37.969+00:00"",""extra"":null}"
2026-09-10T14:57:39.590Z,20260910T145211.196Z-c4765e66,237,telemetry_sample,telemetry,328.38904510000066,76,1723,2132,-114,738,,151.436,187.383,349.98,64.863,,-17.050328124999993,7.55878125000001,-5.889140624999982,64.863,229.2362104998971,70.30478247940763,51.04429697051998,229.2362104998971,-70.30478247940763,51.04429697051998,230.0,70.0,50.0,1.3292189145729507,"{""elapsed_s"":328.38904510000066,""sample_index"":76,""id11_raw"":1723,""id12_raw"":2132,""id13_raw"":-114,""id14_raw"":738,""id11_deg"":151.436,""id12_deg"":187.383,""id13_deg"":349.98,""id14_deg"":64.863,""q1_deg"":-17.050328124999993,""q2_deg"":7.55878125000001,""q3_deg"":-5.889140624999982,""q4_deg"":64.863,""physical_x_mm"":229.2362104998971,""physical_y_mm"":70.30478247940763,""physical_z_mm"":51.04429697051998,""internal_x_mm"":229.2362104998971,""internal_y_mm"":-70.30478247940763,""internal_z_mm"":51.04429697051998,""position_error_mm"":1.3292189145729507,""robot_timestamp_utc"":""2026-09-10T14:57:39.588+00:00"",""extra"":null,""target_x_mm"":230.0,""target_y_mm"":70.0,""target_z_mm"":50.0}"
2026-09-10T14:57:39.744Z,20260910T145211.196Z-c4765e66,238,telemetry_sample,telemetry,328.54350310000154,77,1722,2135,-114,738,,151.348,187.646,349.98,64.863,,-17.138328124999987,7.821781249999987,-5.889140624999982,64.863,229.01400839590482,70.6216414828185,49.999032843703674,229.01400839590482,-70.6216414828185,49.999032843703674,230.0,70.0,50.0,1.1655979203388567,"{""elapsed_s"":328.54350310000154,""sample_index"":77,""id11_raw"":1722,""id12_raw"":2135,""id13_raw"":-114,""id14_raw"":738,""id11_deg"":151.348,""id12_deg"":187.646,""id13_deg"":349.98,""id14_deg"":64.863,""q1_deg"":-17.138328124999987,""q2_deg"":7.821781249999987,""q3_deg"":-5.889140624999982,""q4_deg"":64.863,""physical_x_mm"":229.01400839590482,""physical_y_mm"":70.6216414828185,""physical_z_mm"":49.999032843703674,""internal_x_mm"":229.01400839590482,""internal_y_mm"":-70.6216414828185,""internal_z_mm"":49.999032843703674,""position_error_mm"":1.1655979203388567,""robot_timestamp_utc"":""2026-09-10T14:57:39.742+00:00"",""extra"":null,""target_x_mm"":230.0,""target_y_mm"":70.0,""target_z_mm"":50.0}"
2026-09-10T14:57:39.851Z,20260910T145211.196Z-c4765e66,239,point_phase_measured,telemetry,328.65045180000016,78,1722,2135,-115,738,,151.348,187.646,349.893,64.863,,-17.138328124999987,7.821781249999987,-5.976140625000028,64.863,229.23151834371535,70.68871558741505,50.28233206930966,229.23151834371535,-70.68871558741505,50.28233206930966,230.0,70.0,50.0,1.0698619601402442,"{""elapsed_s"":328.65045180000016,""sample_index"":78,""id11_raw"":1722,""id12_raw"":2135,""id13_raw"":-115,""id14_raw"":738,""id11_deg"":151.348,""id12_deg"":187.646,""id13_deg"":349.893,""id14_deg"":64.863,""q1_deg"":-17.138328124999987,""q2_deg"":7.821781249999987,""q3_deg"":-5.976140625000028,""q4_deg"":64.863,""physical_x_mm"":229.23151834371535,""physical_y_mm"":70.68871558741505,""physical_z_mm"":50.28233206930966,""internal_x_mm"":229.23151834371535,""internal_y_mm"":-70.68871558741505,""internal_z_mm"":50.28233206930966,""position_error_mm"":1.0698619601402442,""robot_timestamp_utc"":""2026-09-10T14:57:39.851+00:00"",""extra"":{""point"":""P09"",""phase"":""APPROACH""},""target_x_mm"":230.0,""target_y_mm"":70.0,""target_z_mm"":50.0}"
2026-09-10T14:57:41.255Z,20260910T145211.196Z-c4765e66,242,telemetry_sample,telemetry,330.0536768999991,79,1721,2254,-63,623,,151.26,198.105,354.463,54.756,,-17.22632812500001,18.28078124999999,-1.4061406249999777,54.756,232.68490768610187,72.14519471303224,3.9038140557717043,232.68490768610187,-72.14519471303224,3.9038140557717043,230.0,70.0,0.0,5.200995464500144,"{""elapsed_s"":330.0536768999991,""sample_index"":79,""id11_raw"":1721,""id12_raw"":2254,""id13_raw"":-63,""id14_raw"":623,""id11_deg"":151.26,""id12_deg"":198.105,""id13_deg"":354.463,""id14_deg"":54.756,""q1_deg"":-17.22632812500001,""q2_deg"":18.28078124999999,""q3_deg"":-1.4061406249999777,""q4_deg"":54.756,""physical_x_mm"":232.68490768610187,""physical_y_mm"":72.14519471303224,""physical_z_mm"":3.9038140557717043,""internal_x_mm"":232.68490768610187,""internal_y_mm"":-72.14519471303224,""internal_z_mm"":3.9038140557717043,""position_error_mm"":5.200995464500144,""robot_timestamp_utc"":""2026-09-10T14:57:41.252+00:00"",""extra"":null,""target_x_mm"":230.0,""target_y_mm"":70.0,""target_z_mm"":0.0}"
2026-09-10T14:57:41.276Z,20260910T145211.196Z-c4765e66,243,telemetry_sample,telemetry,330.074652700001,80,1721,2254,-62,623,,151.26,198.105,354.551,54.756,,-17.22632812500001,18.28078124999999,-1.3181406250000123,54.756,232.41096514862582,72.06025737049924,3.644969911261228,232.41096514862582,-72.06025737049924,3.644969911261228,230.0,70.0,0.0,4.831482074331277,"{""elapsed_s"":330.074652700001,""sample_index"":80,""id11_raw"":1721,""id12_raw"":2254,""id13_raw"":-62,""id14_raw"":623,""id11_deg"":151.26,""id12_deg"":198.105,""id13_deg"":354.551,""id14_deg"":54.756,""q1_deg"":-17.22632812500001,""q2_deg"":18.28078124999999,""q3_deg"":-1.3181406250000123,""q4_deg"":54.756,""physical_x_mm"":232.41096514862582,""physical_y_mm"":72.06025737049924,""physical_z_mm"":3.644969911261228,""internal_x_mm"":232.41096514862582,""internal_y_mm"":-72.06025737049924,""internal_z_mm"":3.644969911261228,""position_error_mm"":4.831482074331277,""robot_timestamp_utc"":""2026-09-10T14:57:41.273+00:00"",""extra"":null,""target_x_mm"":230.0,""target_y_mm"":70.0,""target_z_mm"":0.0}"
2026-09-10T14:57:41.539Z,20260910T145211.196Z-c4765e66,244,telemetry_sample,telemetry,330.3378460999993,81,1721,2255,-61,623,,151.26,198.193,354.639,54.756,,-17.22632812500001,18.368781250000012,-1.23014062499999,54.756,232.02912604957146,71.94186612448217,3.031802853263855,232.02912604957146,-71.94186612448217,3.031802853263855,230.0,70.0,0.0,4.132798702032287,"{""elapsed_s"":330.3378460999993,""sample_index"":81,""id11_raw"":1721,""id12_raw"":2255,""id13_raw"":-61,""id14_raw"":623,""id11_deg"":151.26,""id12_deg"":198.193,""id13_deg"":354.639,""id14_deg"":54.756,""q1_deg"":-17.22632812500001,""q2_deg"":18.368781250000012,""q3_deg"":-1.23014062499999,""q4_deg"":54.756,""physical_x_mm"":232.02912604957146,""physical_y_mm"":71.94186612448217,""physical_z_mm"":3.031802853263855,""internal_x_mm"":232.02912604957146,""internal_y_mm"":-71.94186612448217,""internal_z_mm"":3.031802853263855,""position_error_mm"":4.132798702032287,""robot_timestamp_utc"":""2026-09-10T14:57:41.536+00:00"",""extra"":null,""target_x_mm"":230.0,""target_y_mm"":70.0,""target_z_mm"":0.0}"
2026-09-10T14:57:41.756Z,20260910T145211.196Z-c4765e66,245,point_phase_measured,telemetry,330.5551262000008,82,1722,2256,-60,622,,151.348,198.281,354.727,54.668,,-17.138328124999987,18.456781250000006,-1.1421406250000246,54.668000000000006,231.9772270436735,71.53541687343196,2.4953489508814926,231.9772270436735,-71.53541687343196,2.4953489508814926,230.0,70.0,0.0,3.5346425765724616,"{""elapsed_s"":330.5551262000008,""sample_index"":82,""id11_raw"":1722,""id12_raw"":2256,""id13_raw"":-60,""id14_raw"":622,""id11_deg"":151.348,""id12_deg"":198.281,""id13_deg"":354.727,""id14_deg"":54.668,""q1_deg"":-17.138328124999987,""q2_deg"":18.456781250000006,""q3_deg"":-1.1421406250000246,""q4_deg"":54.668000000000006,""physical_x_mm"":231.9772270436735,""physical_y_mm"":71.53541687343196,""physical_z_mm"":2.4953489508814926,""internal_x_mm"":231.9772270436735,""internal_y_mm"":-71.53541687343196,""internal_z_mm"":2.4953489508814926,""position_error_mm"":3.5346425765724616,""robot_timestamp_utc"":""2026-09-10T14:57:41.756+00:00"",""extra"":{""point"":""P09"",""phase"":""TOUCH""},""target_x_mm"":230.0,""target_y_mm"":70.0,""target_z_mm"":0.0}"
2026-09-10T14:57:43.989Z,20260910T145211.196Z-c4765e66,248,telemetry_sample,telemetry,332.78814989999955,83,1723,2147,-114,740,,151.436,188.701,349.98,65.039,,-17.050328124999993,8.876781249999993,-5.889140624999982,65.03899999999999,228.1868746175612,69.98296015127463,45.62878629718571,228.1868746175612,-69.98296015127463,45.62878629718571,230.0,70.0,50.0,4.732359162675618,"{""elapsed_s"":332.78814989999955,""sample_index"":83,""id11_raw"":1723,""id12_raw"":2147,""id13_raw"":-114,""id14_raw"":740,""id11_deg"":151.436,""id12_deg"":188.701,""id13_deg"":349.98,""id14_deg"":65.039,""q1_deg"":-17.050328124999993,""q2_deg"":8.876781249999993,""q3_deg"":-5.889140624999982,""q4_deg"":65.03899999999999,""physical_x_mm"":228.1868746175612,""physical_y_mm"":69.98296015127463,""physical_z_mm"":45.62878629718571,""internal_x_mm"":228.1868746175612,""internal_y_mm"":-69.98296015127463,""internal_z_mm"":45.62878629718571,""position_error_mm"":4.732359162675618,""robot_timestamp_utc"":""2026-09-10T14:57:43.987+00:00"",""extra"":null,""target_x_mm"":230.0,""target_y_mm"":70.0,""target_z_mm"":50.0}"
2026-09-10T14:57:44.116Z,20260910T145211.196Z-c4765e66,249,telemetry_sample,telemetry,332.91518369999903,84,1723,2142,-116,740,,151.436,188.262,349.805,65.039,,-17.050328124999993,8.43778125,-6.064140624999993,65.03899999999999,228.85034043591202,70.18643943554633,47.930356760059425,228.85034043591202,-70.18643943554633,47.930356760059425,230.0,70.0,50.0,2.374847346053537,"{""elapsed_s"":332.91518369999903,""sample_index"":84,""id11_raw"":1723,""id12_raw"":2142,""id13_raw"":-116,""id14_raw"":740,""id11_deg"":151.436,""id12_deg"":188.262,""id13_deg"":349.805,""id14_deg"":65.039,""q1_deg"":-17.050328124999993,""q2_deg"":8.43778125,""q3_deg"":-6.064140624999993,""q4_deg"":65.03899999999999,""physical_x_mm"":228.85034043591202,""physical_y_mm"":70.18643943554633,""physical_z_mm"":47.930356760059425,""internal_x_mm"":228.85034043591202,""internal_y_mm"":-70.18643943554633,""internal_z_mm"":47.930356760059425,""position_error_mm"":2.374847346053537,""robot_timestamp_utc"":""2026-09-10T14:57:44.114+00:00"",""extra"":null,""target_x_mm"":230.0,""target_y_mm"":70.0,""target_z_mm"":50.0}"
2026-09-10T14:57:44.243Z,20260910T145211.196Z-c4765e66,250,point_phase_measured,telemetry,333.04229119999945,85,1724,2142,-118,741,,151.523,188.262,349.629,65.127,,-16.963328125000004,8.43778125,-6.240140624999981,65.12700000000001,229.18636894801244,69.90893527980406,48.40474770354314,229.18636894801244,-69.90893527980406,48.40474770354314,230.0,70.0,50.0,1.7930750573731258,"{""elapsed_s"":333.04229119999945,""sample_index"":85,""id11_raw"":1724,""id12_raw"":2142,""id13_raw"":-118,""id14_raw"":741,""id11_deg"":151.523,""id12_deg"":188.262,""id13_deg"":349.629,""id14_deg"":65.127,""q1_deg"":-16.963328125000004,""q2_deg"":8.43778125,""q3_deg"":-6.240140624999981,""q4_deg"":65.12700000000001,""physical_x_mm"":229.18636894801244,""physical_y_mm"":69.90893527980406,""physical_z_mm"":48.40474770354314,""internal_x_mm"":229.18636894801244,""internal_y_mm"":-69.90893527980406,""internal_z_mm"":48.40474770354314,""position_error_mm"":1.7930750573731258,""robot_timestamp_utc"":""2026-09-10T14:57:44.243+00:00"",""extra"":{""point"":""P09"",""phase"":""RETRACT""},""target_x_mm"":230.0,""target_y_mm"":70.0,""target_z_mm"":50.0}"
2026-09-10T14:57:45.737Z,20260910T145211.196Z-c4765e66,253,telemetry_sample,telemetry,334.5364656999991,86,1914,2046,-55,942,,168.223,179.824,355.166,82.793,,-0.2633281249999868,-0.00021874999998772182,-0.7031406250000032,82.793,181.82911829868712,0.8356821100081191,48.832364132156954,181.82911829868712,-0.8356821100081191,48.832364132156954,230.0,70.0,50.0,84.29412842297857,"{""elapsed_s"":334.5364656999991,""sample_index"":86,""id11_raw"":1914,""id12_raw"":2046,""id13_raw"":-55,""id14_raw"":942,""id11_deg"":168.223,""id12_deg"":179.824,""id13_deg"":355.166,""id14_deg"":82.793,""q1_deg"":-0.2633281249999868,""q2_deg"":-0.00021874999998772182,""q3_deg"":-0.7031406250000032,""q4_deg"":82.793,""physical_x_mm"":181.82911829868712,""physical_y_mm"":0.8356821100081191,""physical_z_mm"":48.832364132156954,""internal_x_mm"":181.82911829868712,""internal_y_mm"":-0.8356821100081191,""internal_z_mm"":48.832364132156954,""position_error_mm"":84.29412842297857,""robot_timestamp_utc"":""2026-09-10T14:57:45.735+00:00"",""extra"":null,""target_x_mm"":230.0,""target_y_mm"":70.0,""target_z_mm"":50.0}"
2026-09-10T14:57:45.891Z,20260910T145211.196Z-c4765e66,254,telemetry_sample,telemetry,334.6901233999997,87,1921,2045,-51,945,,168.838,179.736,355.518,83.057,,0.35167187499999386,-0.08821875000001,-0.35114062500002774,83.05700000000002,180.18725467947496,-1.1059730052266379,48.10315794127192,180.18725467947496,1.1059730052266379,48.10315794127192,230.0,70.0,50.0,86.8387413726343,"{""elapsed_s"":334.6901233999997,""sample_index"":87,""id11_raw"":1921,""id12_raw"":2045,""id13_raw"":-51,""id14_raw"":945,""id11_deg"":168.838,""id12_deg"":179.736,""id13_deg"":355.518,""id14_deg"":83.057,""q1_deg"":0.35167187499999386,""q2_deg"":-0.08821875000001,""q3_deg"":-0.35114062500002774,""q4_deg"":83.05700000000002,""physical_x_mm"":180.18725467947496,""physical_y_mm"":-1.1059730052266379,""physical_z_mm"":48.10315794127192,""internal_x_mm"":180.18725467947496,""internal_y_mm"":1.1059730052266379,""internal_z_mm"":48.10315794127192,""position_error_mm"":86.8387413726343,""robot_timestamp_utc"":""2026-09-10T14:57:45.889+00:00"",""extra"":null,""target_x_mm"":230.0,""target_y_mm"":70.0,""target_z_mm"":50.0}"
2026-09-10T14:57:45.996Z,20260910T145211.196Z-c4765e66,255,point_return_work_measured,telemetry,334.7949288999989,88,1918,2045,-51,945,,168.574,179.736,355.518,83.057,,0.08767187500001228,-0.08821875000001,-0.35114062500002774,83.05700000000002,180.19043787942937,-0.2757209345914469,48.10315794127192,180.19043787942937,0.2757209345914469,48.10315794127192,179.66816315130788,0.0,47.02348315303158,1.2306464048491659,"{""elapsed_s"":334.7949288999989,""sample_index"":88,""id11_raw"":1918,""id12_raw"":2045,""id13_raw"":-51,""id14_raw"":945,""id11_deg"":168.574,""id12_deg"":179.736,""id13_deg"":355.518,""id14_deg"":83.057,""q1_deg"":0.08767187500001228,""q2_deg"":-0.08821875000001,""q3_deg"":-0.35114062500002774,""q4_deg"":83.05700000000002,""physical_x_mm"":180.19043787942937,""physical_y_mm"":-0.2757209345914469,""physical_z_mm"":48.10315794127192,""internal_x_mm"":180.19043787942937,""internal_y_mm"":0.2757209345914469,""internal_z_mm"":48.10315794127192,""position_error_mm"":1.2306464048491659,""robot_timestamp_utc"":""2026-09-10T14:57:45.996+00:00"",""extra"":{""point"":""P09"",""phase"":""RETURN_WORK""},""target_x_mm"":179.66816315130788,""target_y_mm"":0.0,""target_z_mm"":47.02348315303158}"
2026-09-10T14:57:46.159Z,20260910T145211.196Z-c4765e66,259,telemetry_sample,telemetry,334.95806359999915,89,1920,2045,-50,945,,168.75,179.736,355.605,83.057,,0.263671875,-0.08821875000001,-0.2641406249999818,83.05700000000002,179.95104241308545,-0.8281301714852649,47.88409472877271,179.95104241308545,0.8281301714852649,47.88409472877271,,,,,"{""elapsed_s"":334.95806359999915,""sample_index"":89,""id11_raw"":1920,""id12_raw"":2045,""id13_raw"":-50,""id14_raw"":945,""id11_deg"":168.75,""id12_deg"":179.736,""id13_deg"":355.605,""id14_deg"":83.057,""q1_deg"":0.263671875,""q2_deg"":-0.08821875000001,""q3_deg"":-0.2641406249999818,""q4_deg"":83.05700000000002,""physical_x_mm"":179.95104241308545,""physical_y_mm"":-0.8281301714852649,""physical_z_mm"":47.88409472877271,""internal_x_mm"":179.95104241308545,""internal_y_mm"":0.8281301714852649,""internal_z_mm"":47.88409472877271,""position_error_mm"":null,""robot_timestamp_utc"":""2026-09-10T14:57:46.155+00:00"",""extra"":null}"
2026-09-10T14:57:46.419Z,20260910T145211.196Z-c4765e66,260,telemetry_sample,telemetry,335.2180277000007,90,1919,2046,-50,946,,168.662,179.824,355.605,83.145,,0.17567187500000614,-0.00021874999998772182,-0.2641406249999818,83.14499999999998,179.6661113126704,-0.5508674778342868,47.59577659059099,179.6661113126704,0.5508674778342868,47.59577659059099,,,,,"{""elapsed_s"":335.2180277000007,""sample_index"":90,""id11_raw"":1919,""id12_raw"":2046,""id13_raw"":-50,""id14_raw"":946,""id11_deg"":168.662,""id12_deg"":179.824,""id13_deg"":355.605,""id14_deg"":83.145,""q1_deg"":0.17567187500000614,""q2_deg"":-0.00021874999998772182,""q3_deg"":-0.2641406249999818,""q4_deg"":83.14499999999998,""physical_x_mm"":179.6661113126704,""physical_y_mm"":-0.5508674778342868,""physical_z_mm"":47.59577659059099,""internal_x_mm"":179.6661113126704,""internal_y_mm"":0.5508674778342868,""internal_z_mm"":47.59577659059099,""position_error_mm"":null,""robot_timestamp_utc"":""2026-09-10T14:57:46.416+00:00"",""extra"":null}"
2026-09-10T14:57:46.684Z,20260910T145211.196Z-c4765e66,261,telemetry_sample,telemetry,335.4832032999984,91,1919,2045,-50,945,,168.662,179.736,355.605,83.057,,0.17567187500000614,-0.08821875000001,-0.2641406249999818,83.05700000000002,179.95210208084984,-0.551744343326615,47.88409472877271,179.95210208084984,0.551744343326615,47.88409472877271,,,,,"{""elapsed_s"":335.4832032999984,""sample_index"":91,""id11_raw"":1919,""id12_raw"":2045,""id13_raw"":-50,""id14_raw"":945,""id11_deg"":168.662,""id12_deg"":179.736,""id13_deg"":355.605,""id14_deg"":83.057,""q1_deg"":0.17567187500000614,""q2_deg"":-0.08821875000001,""q3_deg"":-0.2641406249999818,""q4_deg"":83.05700000000002,""physical_x_mm"":179.95210208084984,""physical_y_mm"":-0.551744343326615,""physical_z_mm"":47.88409472877271,""internal_x_mm"":179.95210208084984,""internal_y_mm"":0.551744343326615,""internal_z_mm"":47.88409472877271,""position_error_mm"":null,""robot_timestamp_utc"":""2026-09-10T14:57:46.681+00:00"",""extra"":null}"
2026-09-10T14:57:46.949Z,20260910T145211.196Z-c4765e66,262,telemetry_sample,telemetry,335.74813020000147,92,1919,2045,-50,945,,168.662,179.736,355.605,83.057,,0.17567187500000614,-0.08821875000001,-0.2641406249999818,83.05700000000002,179.95210208084984,-0.551744343326615,47.88409472877271,179.95210208084984,0.551744343326615,47.88409472877271,,,,,"{""elapsed_s"":335.74813020000147,""sample_index"":92,""id11_raw"":1919,""id12_raw"":2045,""id13_raw"":-50,""id14_raw"":945,""id11_deg"":168.662,""id12_deg"":179.736,""id13_deg"":355.605,""id14_deg"":83.057,""q1_deg"":0.17567187500000614,""q2_deg"":-0.08821875000001,""q3_deg"":-0.2641406249999818,""q4_deg"":83.05700000000002,""physical_x_mm"":179.95210208084984,""physical_y_mm"":-0.551744343326615,""physical_z_mm"":47.88409472877271,""internal_x_mm"":179.95210208084984,""internal_y_mm"":0.551744343326615,""internal_z_mm"":47.88409472877271,""position_error_mm"":null,""robot_timestamp_utc"":""2026-09-10T14:57:46.947+00:00"",""extra"":null}"
2026-09-10T14:57:47.203Z,20260910T145211.196Z-c4765e66,263,telemetry_sample,telemetry,336.0015897999983,93,1919,2046,-50,945,,168.662,179.824,355.605,83.057,,0.17567187500000614,-0.00021874999998772182,-0.2641406249999818,83.05700000000002,179.9079533334101,-0.551608980519606,47.62617137222563,179.9079533334101,0.551608980519606,47.62617137222563,,,,,"{""elapsed_s"":336.0015897999983,""sample_index"":93,""id11_raw"":1919,""id12_raw"":2046,""id13_raw"":-50,""id14_raw"":945,""id11_deg"":168.662,""id12_deg"":179.824,""id13_deg"":355.605,""id14_deg"":83.057,""q1_deg"":0.17567187500000614,""q2_deg"":-0.00021874999998772182,""q3_deg"":-0.2641406249999818,""q4_deg"":83.05700000000002,""physical_x_mm"":179.9079533334101,""physical_y_mm"":-0.551608980519606,""physical_z_mm"":47.62617137222563,""internal_x_mm"":179.9079533334101,""internal_y_mm"":0.551608980519606,""internal_z_mm"":47.62617137222563,""position_error_mm"":null,""robot_timestamp_utc"":""2026-09-10T14:57:47.200+00:00"",""extra"":null}"
2026-09-10T14:58:07.488Z,20260910T145211.196Z-c4765e66,267,point_phase_measured,telemetry,356.28674899999896,94,2391,1916,83,1139,,210.146,168.398,7.295,100.107,,41.65967187499999,-11.426218750000004,11.425859375000016,100.10699999999997,79.43081928485206,-70.67005214304186,50.48101101611786,79.43081928485206,70.67005214304186,50.48101101611786,80.0,-70.0,50.0,1.0021517642144029,"{""elapsed_s"":356.28674899999896,""sample_index"":94,""id11_raw"":2391,""id12_raw"":1916,""id13_raw"":83,""id14_raw"":1139,""id11_deg"":210.146,""id12_deg"":168.398,""id13_deg"":7.295,""id14_deg"":100.107,""q1_deg"":41.65967187499999,""q2_deg"":-11.426218750000004,""q3_deg"":11.425859375000016,""q4_deg"":100.10699999999997,""physical_x_mm"":79.43081928485206,""physical_y_mm"":-70.67005214304186,""physical_z_mm"":50.48101101611786,""internal_x_mm"":79.43081928485206,""internal_y_mm"":70.67005214304186,""internal_z_mm"":50.48101101611786,""position_error_mm"":1.0021517642144029,""robot_timestamp_utc"":""2026-09-10T14:58:07.488+00:00"",""extra"":{""point"":""P10"",""phase"":""APPROACH""},""target_x_mm"":80.0,""target_y_mm"":-70.0,""target_z_mm"":50.0}"
2026-09-10T14:58:09.496Z,20260910T145211.196Z-c4765e66,270,point_phase_measured,telemetry,358.2952688000005,95,2388,2106,173,967,,209.883,185.098,15.205,84.99,,41.39667187500001,5.273781250000013,19.335859374999984,84.99000000000001,80.38967917392216,-70.86473721156636,0.6095603631070503,80.38967917392216,70.86473721156636,0.6095603631070503,80.0,-70.0,0.0,1.1274680216872797,"{""elapsed_s"":358.2952688000005,""sample_index"":95,""id11_raw"":2388,""id12_raw"":2106,""id13_raw"":173,""id14_raw"":967,""id11_deg"":209.883,""id12_deg"":185.098,""id13_deg"":15.205,""id14_deg"":84.99,""q1_deg"":41.39667187500001,""q2_deg"":5.273781250000013,""q3_deg"":19.335859374999984,""q4_deg"":84.99000000000001,""physical_x_mm"":80.38967917392216,""physical_y_mm"":-70.86473721156636,""physical_z_mm"":0.6095603631070503,""internal_x_mm"":80.38967917392216,""internal_y_mm"":70.86473721156636,""internal_z_mm"":0.6095603631070503,""position_error_mm"":1.1274680216872797,""robot_timestamp_utc"":""2026-09-10T14:58:09.496+00:00"",""extra"":{""point"":""P10"",""phase"":""TOUCH""},""target_x_mm"":80.0,""target_y_mm"":-70.0,""target_z_mm"":0.0}"
2026-09-10T14:58:11.256Z,20260910T145211.196Z-c4765e66,273,point_phase_measured,telemetry,360.05546559999857,96,2387,1918,90,1140,,209.795,168.574,7.91,100.195,,41.30867187499999,-11.250218749999988,12.040859375000025,100.195,78.35592277593356,-68.85837540557701,49.219803279639734,78.35592277593356,68.85837540557701,49.219803279639734,80.0,-70.0,50.0,2.1482559334833398,"{""elapsed_s"":360.05546559999857,""sample_index"":96,""id11_raw"":2387,""id12_raw"":1918,""id13_raw"":90,""id14_raw"":1140,""id11_deg"":209.795,""id12_deg"":168.574,""id13_deg"":7.91,""id14_deg"":100.195,""q1_deg"":41.30867187499999,""q2_deg"":-11.250218749999988,""q3_deg"":12.040859375000025,""q4_deg"":100.195,""physical_x_mm"":78.35592277593356,""physical_y_mm"":-68.85837540557701,""physical_z_mm"":49.219803279639734,""internal_x_mm"":78.35592277593356,""internal_y_mm"":68.85837540557701,""internal_z_mm"":49.219803279639734,""position_error_mm"":2.1482559334833398,""robot_timestamp_utc"":""2026-09-10T14:58:11.256+00:00"",""extra"":{""point"":""P10"",""phase"":""RETRACT""},""target_x_mm"":80.0,""target_y_mm"":-70.0,""target_z_mm"":50.0}"
2026-09-10T14:58:13.535Z,20260910T145211.196Z-c4765e66,276,point_return_work_measured,telemetry,362.3344197000006,97,1911,2045,-46,942,,167.959,179.736,355.957,82.793,,-0.5273281249999968,-0.08821875000001,0.08785937499999363,82.793,179.70588519276313,1.6539899464388785,47.09153203363394,179.70588519276313,-1.6539899464388785,47.09153203363394,179.66816315130788,0.0,47.02348315303158,1.6558189349937,"{""elapsed_s"":362.3344197000006,""sample_index"":97,""id11_raw"":1911,""id12_raw"":2045,""id13_raw"":-46,""id14_raw"":942,""id11_deg"":167.959,""id12_deg"":179.736,""id13_deg"":355.957,""id14_deg"":82.793,""q1_deg"":-0.5273281249999968,""q2_deg"":-0.08821875000001,""q3_deg"":0.08785937499999363,""q4_deg"":82.793,""physical_x_mm"":179.70588519276313,""physical_y_mm"":1.6539899464388785,""physical_z_mm"":47.09153203363394,""internal_x_mm"":179.70588519276313,""internal_y_mm"":-1.6539899464388785,""internal_z_mm"":47.09153203363394,""position_error_mm"":1.6558189349937,""robot_timestamp_utc"":""2026-09-10T14:58:13.535+00:00"",""extra"":{""point"":""P10"",""phase"":""RETURN_WORK""},""target_x_mm"":179.66816315130788,""target_y_mm"":0.0,""target_z_mm"":47.02348315303158}"
2026-09-10T14:58:37.343Z,20260910T145211.196Z-c4765e66,282,point_phase_measured,telemetry,386.142147999999,98,2392,1920,84,1140,,210.234,168.75,7.383,100.195,,41.74767187500001,-11.07421875,11.513859374999981,100.195,78.84304965920354,-70.36435674186305,49.80084026177673,78.84304965920354,70.36435674186305,49.80084026177673,80.0,-70.0,50.0,1.229208903213467,"{""elapsed_s"":386.142147999999,""sample_index"":98,""id11_raw"":2392,""id12_raw"":1920,""id13_raw"":84,""id14_raw"":1140,""id11_deg"":210.234,""id12_deg"":168.75,""id13_deg"":7.383,""id14_deg"":100.195,""q1_deg"":41.74767187500001,""q2_deg"":-11.07421875,""q3_deg"":11.513859374999981,""q4_deg"":100.195,""physical_x_mm"":78.84304965920354,""physical_y_mm"":-70.36435674186305,""physical_z_mm"":49.80084026177673,""internal_x_mm"":78.84304965920354,""internal_y_mm"":70.36435674186305,""internal_z_mm"":49.80084026177673,""position_error_mm"":1.229208903213467,""robot_timestamp_utc"":""2026-09-10T14:58:37.343+00:00"",""extra"":{""point"":""P10"",""phase"":""APPROACH""},""target_x_mm"":80.0,""target_y_mm"":-70.0,""target_z_mm"":50.0}"
2026-09-10T14:58:39.315Z,20260910T145211.196Z-c4765e66,285,point_phase_measured,telemetry,388.1139547999992,99,2388,2107,174,967,,209.883,185.186,15.293,84.99,,41.39667187500001,5.361781250000007,19.423859375000006,84.99000000000001,80.07025490603277,-70.5831598121342,0.3728116151715426,80.07025490603277,70.5831598121342,0.3728116151715426,80.0,-70.0,0.0,0.6957008112090151,"{""elapsed_s"":388.1139547999992,""sample_index"":99,""id11_raw"":2388,""id12_raw"":2107,""id13_raw"":174,""id14_raw"":967,""id11_deg"":209.883,""id12_deg"":185.186,""id13_deg"":15.293,""id14_deg"":84.99,""q1_deg"":41.39667187500001,""q2_deg"":5.361781250000007,""q3_deg"":19.423859375000006,""q4_deg"":84.99000000000001,""physical_x_mm"":80.07025490603277,""physical_y_mm"":-70.5831598121342,""physical_z_mm"":0.3728116151715426,""internal_x_mm"":80.07025490603277,""internal_y_mm"":70.5831598121342,""internal_z_mm"":0.3728116151715426,""position_error_mm"":0.6957008112090151,""robot_timestamp_utc"":""2026-09-10T14:58:39.315+00:00"",""extra"":{""point"":""P10"",""phase"":""TOUCH""},""target_x_mm"":80.0,""target_y_mm"":-70.0,""target_z_mm"":0.0}"
2026-09-10T14:58:41.051Z,20260910T145211.196Z-c4765e66,288,point_phase_measured,telemetry,389.84984840000106,100,2387,1919,90,1140,,209.795,168.662,7.91,100.195,,41.30867187499999,-11.162218749999994,12.040859375000025,100.195,78.3243676896652,-68.830645121774,49.07805347767163,78.3243676896652,68.830645121774,49.07805347767163,80.0,-70.0,50.0,2.2416779119004318,"{""elapsed_s"":389.84984840000106,""sample_index"":100,""id11_raw"":2387,""id12_raw"":1919,""id13_raw"":90,""id14_raw"":1140,""id11_deg"":209.795,""id12_deg"":168.662,""id13_deg"":7.91,""id14_deg"":100.195,""q1_deg"":41.30867187499999,""q2_deg"":-11.162218749999994,""q3_deg"":12.040859375000025,""q4_deg"":100.195,""physical_x_mm"":78.3243676896652,""physical_y_mm"":-68.830645121774,""physical_z_mm"":49.07805347767163,""internal_x_mm"":78.3243676896652,""internal_y_mm"":68.830645121774,""internal_z_mm"":49.07805347767163,""position_error_mm"":2.2416779119004318,""robot_timestamp_utc"":""2026-09-10T14:58:41.051+00:00"",""extra"":{""point"":""P10"",""phase"":""RETRACT""},""target_x_mm"":80.0,""target_y_mm"":-70.0,""target_z_mm"":50.0}"
2026-09-10T14:58:43.338Z,20260910T145211.196Z-c4765e66,291,point_return_work_measured,telemetry,392.13716230000136,101,1911,2045,-46,943,,167.959,179.736,355.957,82.881,,-0.5273281249999968,-0.08821875000001,0.08785937499999363,82.88099999999997,179.46405227804772,1.6517641472713764,47.06113725199933,179.46405227804772,-1.6517641472713764,47.06113725199933,179.66816315130788,0.0,47.02348315303158,1.6647533985438314,"{""elapsed_s"":392.13716230000136,""sample_index"":101,""id11_raw"":1911,""id12_raw"":2045,""id13_raw"":-46,""id14_raw"":943,""id11_deg"":167.959,""id12_deg"":179.736,""id13_deg"":355.957,""id14_deg"":82.881,""q1_deg"":-0.5273281249999968,""q2_deg"":-0.08821875000001,""q3_deg"":0.08785937499999363,""q4_deg"":82.88099999999997,""physical_x_mm"":179.46405227804772,""physical_y_mm"":1.6517641472713764,""physical_z_mm"":47.06113725199933,""internal_x_mm"":179.46405227804772,""internal_y_mm"":-1.6517641472713764,""internal_z_mm"":47.06113725199933,""position_error_mm"":1.6647533985438314,""robot_timestamp_utc"":""2026-09-10T14:58:43.338+00:00"",""extra"":{""point"":""P10"",""phase"":""RETURN_WORK""},""target_x_mm"":179.66816315130788,""target_y_mm"":0.0,""target_z_mm"":47.02348315303158}"
2026-09-10T14:58:48.490Z,20260910T145211.196Z-c4765e66,297,point_phase_measured,telemetry,397.28857029999926,102,2113,2141,-120,738,,185.713,188.174,349.453,64.863,,17.226671874999994,8.349781250000007,-6.4161406250000255,64.863,229.98807563768187,-71.31054005650267,49.61089838655269,229.98807563768187,71.31054005650267,49.61089838655269,230.0,-70.0,50.0,1.3671347759829773,"{""elapsed_s"":397.28857029999926,""sample_index"":102,""id11_raw"":2113,""id12_raw"":2141,""id13_raw"":-120,""id14_raw"":738,""id11_deg"":185.713,""id12_deg"":188.174,""id13_deg"":349.453,""id14_deg"":64.863,""q1_deg"":17.226671874999994,""q2_deg"":8.349781250000007,""q3_deg"":-6.4161406250000255,""q4_deg"":64.863,""physical_x_mm"":229.98807563768187,""physical_y_mm"":-71.31054005650267,""physical_z_mm"":49.61089838655269,""internal_x_mm"":229.98807563768187,""internal_y_mm"":71.31054005650267,""internal_z_mm"":49.61089838655269,""position_error_mm"":1.3671347759829773,""robot_timestamp_utc"":""2026-09-10T14:58:48.489+00:00"",""extra"":{""point"":""P11"",""phase"":""APPROACH""},""target_x_mm"":230.0,""target_y_mm"":-70.0,""target_z_mm"":50.0}"
2026-09-10T14:58:50.493Z,20260910T145211.196Z-c4765e66,300,point_phase_measured,telemetry,399.2923066000003,103,2111,2258,-63,622,,185.537,198.457,354.463,54.668,,17.050671875000006,18.632781249999994,-1.4061406249999777,54.668000000000006,232.69597298645652,-71.36738939588233,2.5578359009940925,232.69597298645652,71.36738939588233,2.5578359009940925,230.0,-70.0,0.0,3.959867245260756,"{""elapsed_s"":399.2923066000003,""sample_index"":103,""id11_raw"":2111,""id12_raw"":2258,""id13_raw"":-63,""id14_raw"":622,""id11_deg"":185.537,""id12_deg"":198.457,""id13_deg"":354.463,""id14_deg"":54.668,""q1_deg"":17.050671875000006,""q2_deg"":18.632781249999994,""q3_deg"":-1.4061406249999777,""q4_deg"":54.668000000000006,""physical_x_mm"":232.69597298645652,""physical_y_mm"":-71.36738939588233,""physical_z_mm"":2.5578359009940925,""internal_x_mm"":232.69597298645652,""internal_y_mm"":71.36738939588233,""internal_z_mm"":2.5578359009940925,""position_error_mm"":3.959867245260756,""robot_timestamp_utc"":""2026-09-10T14:58:50.493+00:00"",""extra"":{""point"":""P11"",""phase"":""TOUCH""},""target_x_mm"":230.0,""target_y_mm"":-70.0,""target_z_mm"":0.0}"
2026-09-10T14:58:53.183Z,20260910T145211.196Z-c4765e66,303,point_phase_measured,telemetry,401.98184290000063,104,2110,2143,-119,740,,185.449,188.35,349.541,65.039,,16.962671875000012,8.525781249999994,-6.328140625000003,65.03899999999999,229.58300526685622,-70.02704739546611,48.433431819156425,229.58300526685622,70.02704739546611,48.433431819156425,230.0,-70.0,50.0,1.6213426640604698,"{""elapsed_s"":401.98184290000063,""sample_index"":104,""id11_raw"":2110,""id12_raw"":2143,""id13_raw"":-119,""id14_raw"":740,""id11_deg"":185.449,""id12_deg"":188.35,""id13_deg"":349.541,""id14_deg"":65.039,""q1_deg"":16.962671875000012,""q2_deg"":8.525781249999994,""q3_deg"":-6.328140625000003,""q4_deg"":65.03899999999999,""physical_x_mm"":229.58300526685622,""physical_y_mm"":-70.02704739546611,""physical_z_mm"":48.433431819156425,""internal_x_mm"":229.58300526685622,""internal_y_mm"":70.02704739546611,""internal_z_mm"":48.433431819156425,""position_error_mm"":1.6213426640604698,""robot_timestamp_utc"":""2026-09-10T14:58:53.183+00:00"",""extra"":{""point"":""P11"",""phase"":""RETRACT""},""target_x_mm"":230.0,""target_y_mm"":-70.0,""target_z_mm"":50.0}"
2026-09-10T14:58:54.978Z,20260910T145211.196Z-c4765e66,306,point_return_work_measured,telemetry,403.7768814999981,105,1914,2045,-51,945,,168.223,179.736,355.518,83.057,,-0.2633281249999868,-0.08821875000001,-0.35114062500002774,83.05700000000002,180.18874577616674,0.8281429986510078,48.10315794127192,180.18874577616674,-0.8281429986510078,48.10315794127192,179.66816315130788,0.0,47.02348315303158,1.456888720486725,"{""elapsed_s"":403.7768814999981,""sample_index"":105,""id11_raw"":1914,""id12_raw"":2045,""id13_raw"":-51,""id14_raw"":945,""id11_deg"":168.223,""id12_deg"":179.736,""id13_deg"":355.518,""id14_deg"":83.057,""q1_deg"":-0.2633281249999868,""q2_deg"":-0.08821875000001,""q3_deg"":-0.35114062500002774,""q4_deg"":83.05700000000002,""physical_x_mm"":180.18874577616674,""physical_y_mm"":0.8281429986510078,""physical_z_mm"":48.10315794127192,""internal_x_mm"":180.18874577616674,""internal_y_mm"":-0.8281429986510078,""internal_z_mm"":48.10315794127192,""position_error_mm"":1.456888720486725,""robot_timestamp_utc"":""2026-09-10T14:58:54.978+00:00"",""extra"":{""point"":""P11"",""phase"":""RETURN_WORK""},""target_x_mm"":179.66816315130788,""target_y_mm"":0.0,""target_z_mm"":47.02348315303158}"
